/*
SQLyog Community v13.1.7 (64 bit)
MySQL - 10.4.24-MariaDB : Database - rater_area
*********************************************************************
*/

/*!40101 SET NAMES utf8 */;

/*!40101 SET SQL_MODE=''*/;

/*!40014 SET @OLD_UNIQUE_CHECKS=@@UNIQUE_CHECKS, UNIQUE_CHECKS=0 */;
/*!40014 SET @OLD_FOREIGN_KEY_CHECKS=@@FOREIGN_KEY_CHECKS, FOREIGN_KEY_CHECKS=0 */;
/*!40101 SET @OLD_SQL_MODE=@@SQL_MODE, SQL_MODE='NO_AUTO_VALUE_ON_ZERO' */;
/*!40111 SET @OLD_SQL_NOTES=@@SQL_NOTES, SQL_NOTES=0 */;
CREATE DATABASE /*!32312 IF NOT EXISTS*/`rater_area` /*!40100 DEFAULT CHARACTER SET utf8mb4 */;

USE `rater_area`;

/*Table structure for table `dial_country` */

DROP TABLE IF EXISTS `dial_country`;

CREATE TABLE `dial_country` (
  `id` int(11) NOT NULL AUTO_INCREMENT,
  `country` varchar(25) DEFAULT NULL,
  `dial_code` char(10) DEFAULT NULL,
  PRIMARY KEY (`id`)
) ENGINE=InnoDB AUTO_INCREMENT=197 DEFAULT CHARSET=utf8mb4;

/*Data for the table `dial_country` */

insert  into `dial_country`(`id`,`country`,`dial_code`) values 
(1,'Afganistan','93'),
(2,'Afrika Selatan','27'),
(3,'Afrika Tengah','236'),
(4,'Albania','355'),
(5,'Algeria','213'),
(6,'Amerika Serikat','1'),
(7,'Andorra','376'),
(8,'Angola','244'),
(9,'Antigua & Barbuda','1-268'),
(10,'Arab Saudi','966'),
(11,'Argentina','54'),
(12,'Armenia','374'),
(13,'Australia','61'),
(14,'Austria','43'),
(15,'Azerbaijan','994'),
(16,'Bahama','1-242'),
(17,'Bahrain','973'),
(18,'Bangladesh','880'),
(19,'Barbados','1-246'),
(20,'Belanda','31'),
(21,'Belarus','375'),
(22,'Belgia','32'),
(23,'Belize','501'),
(24,'Benin','229'),
(25,'Bhutan','975'),
(26,'Bolivia','591'),
(27,'Bosnia & Herzegovina','387'),
(28,'Botswana','267'),
(29,'Brasil','55'),
(30,'Britania Raya (Inggris)','44'),
(31,'Brunei Darussalam','673'),
(32,'Bulgaria','359'),
(33,'Burkina Faso','226'),
(34,'Burundi','257'),
(35,'Ceko','420'),
(36,'Chad','235'),
(37,'Chili','56'),
(38,'China','86'),
(39,'Denmark','45'),
(40,'Djibouti','253'),
(41,'Domikia','1-767'),
(42,'Ekuador','593'),
(43,'El Salvador','503'),
(44,'Eritrea','291'),
(45,'Estonia','372'),
(46,'Ethiopia','251'),
(47,'Fiji','679'),
(48,'Filipina','63'),
(49,'Finlandia','358'),
(50,'Gabon','241'),
(51,'Gambia','220'),
(52,'Georgia','995'),
(53,'Ghana','233'),
(54,'Grenada','1-473'),
(55,'Guatemala','502'),
(56,'Guinea','224'),
(57,'Guinea Bissau','245'),
(58,'Guinea Khatulistiwa','240'),
(59,'Guyana','592'),
(60,'Haiti','509'),
(61,'Honduras','504'),
(62,'Hongaria','36'),
(63,'Hongkong','852'),
(64,'India','91'),
(65,'Indonesia','62'),
(66,'Irak','964'),
(67,'Iran','98'),
(68,'Irlandia','353'),
(69,'Islandia','354'),
(70,'Israel','972'),
(71,'Italia','39'),
(72,'Jamaika','1-876'),
(73,'Jepang','81'),
(74,'Jerman','49'),
(75,'Jordan','962'),
(76,'Kamboja','855'),
(77,'Kamerun','237'),
(78,'Kanada','1'),
(79,'Kazakhstan','7'),
(80,'Kenya','254'),
(81,'Kirgizstan','996'),
(82,'Kiribati','686'),
(83,'Kolombia','57'),
(84,'Komoro','269'),
(85,'Republik Kongo','243'),
(86,'Korea Selatan','82'),
(87,'Korea Utara','850'),
(88,'Kosta Rika','506'),
(89,'Kroasia','385'),
(90,'Kuba','53'),
(91,'Kuwait','965'),
(92,'Laos','856'),
(93,'Latvia','371'),
(94,'Lebanon','961'),
(95,'Lesotho','266'),
(96,'Liberia','231'),
(97,'Libya','218'),
(98,'Liechtenstein','423'),
(99,'Lituania','370'),
(100,'Luksemburg','352'),
(101,'Madagaskar','261'),
(102,'Makao','853'),
(103,'Makedonia','389'),
(104,'Maladewa','960'),
(105,'Malawi','265'),
(106,'Malaysia','60'),
(107,'Mali','223'),
(108,'Malta','356'),
(109,'Maroko','212'),
(110,'Marshall (Kep.)','692'),
(111,'Mauritania','222'),
(112,'Mauritius','230'),
(113,'Meksiko','52'),
(114,'Mesir','20'),
(115,'Mikronesia (Kep.)','691'),
(116,'Moldova','373'),
(117,'Monako','377'),
(118,'Mongolia','976'),
(119,'Montenegro','382'),
(120,'Mozambik','258'),
(121,'Myanmar','95'),
(122,'Namibia','264'),
(123,'Nauru','674'),
(124,'Nepal','977'),
(125,'Niger','227'),
(126,'Nigeria','234'),
(127,'Nikaragua','505'),
(128,'Norwegia','47'),
(129,'Oman','968'),
(130,'Pakistan','92'),
(131,'Palau','680'),
(132,'Panama','507'),
(133,'Pantai Gading','225'),
(134,'Papua Nugini','675'),
(135,'Paraguay','595'),
(136,'Perancis','33'),
(137,'Peru','51'),
(138,'Polandia','48'),
(139,'Portugal','351'),
(140,'Qatar','974'),
(141,'Rep. Dem. Kongo','242'),
(142,'Republik Dominika','1-809; 1-8'),
(143,'Rumania','40'),
(144,'Rusia','7'),
(145,'Rwanda','250'),
(146,'Saint Kitts and Nevis','1-869'),
(147,'Saint Lucia','1-758'),
(148,'Saint Vincent & the Grena','1-784'),
(149,'Samoa','685'),
(150,'San Marino','378'),
(151,'Sao Tome & Principe','239'),
(152,'Selandia Baru','64'),
(153,'Senegal','221'),
(154,'Serbia','381'),
(155,'Seychelles','248'),
(156,'Sierra Leone','232'),
(157,'Singapura','65'),
(158,'Siprus','357'),
(159,'Slovenia','386'),
(160,'Slowakia','421'),
(161,'Solomon (Kep.)','677'),
(162,'Somalia','252'),
(163,'Spanyol','34'),
(164,'Sri Lanka','94'),
(165,'Sudan','249'),
(166,'Sudan Selatan','211'),
(167,'Suriah','963'),
(168,'Suriname','597'),
(169,'Swaziland','268'),
(170,'Swedia','46'),
(171,'Swiss','41'),
(172,'Tajikistan','992'),
(173,'Tanjung Verde','238'),
(174,'Tanzania','255'),
(175,'Taiwan','886'),
(176,'Thailand','66'),
(177,'Timor Leste','670'),
(178,'Togo','228'),
(179,'Tonga','676'),
(180,'Trinidad & Tobago','1-868'),
(181,'Tunisia','216'),
(182,'Turki','90'),
(183,'Turkmenistan','993'),
(184,'Tuvalu','688'),
(185,'Uganda','256'),
(186,'Ukraina','380'),
(187,'Uni Emirat Arab','971'),
(188,'Uruguay','598'),
(189,'Uzbekistan','998'),
(190,'Vanuatu','678'),
(191,'Venezuela','58'),
(192,'Vietnam','84'),
(193,'Yaman','967'),
(194,'Yunani','30'),
(195,'Zambia','260'),
(196,'Zimbabwe','263');

/*Table structure for table `evaluation` */

DROP TABLE IF EXISTS `evaluation`;

CREATE TABLE `evaluation` (
  `id` int(11) NOT NULL AUTO_INCREMENT,
  `project_code` varchar(25) NOT NULL,
  `appraisal_date` date DEFAULT NULL,
  `sub_area_id` int(11) NOT NULL,
  `score` smallint(6) DEFAULT NULL,
  `created_at` timestamp NOT NULL DEFAULT current_timestamp() ON UPDATE current_timestamp(),
  `created_by` int(25) DEFAULT NULL,
  PRIMARY KEY (`id`)
) ENGINE=InnoDB AUTO_INCREMENT=16 DEFAULT CHARSET=utf8mb4;

/*Data for the table `evaluation` */

insert  into `evaluation`(`id`,`project_code`,`appraisal_date`,`sub_area_id`,`score`,`created_at`,`created_by`) values 
(1,'BRIN20230426','2023-05-11',229,100,'2023-05-10 09:09:38',1),
(2,'BRIN20230426','2023-05-11',230,95,'2023-05-10 09:09:38',1),
(3,'BRIN20230426','2023-05-11',231,100,'2023-05-10 09:09:38',1),
(4,'BRIN20230426','2023-05-11',232,95,'2023-05-10 09:09:38',1),
(5,'BRIN20230426','2023-05-11',233,100,'2023-05-10 09:09:38',1),
(6,'BRIN20230426','2023-05-11',234,100,'2023-05-10 09:09:38',1),
(7,'BRIN20230426','2023-05-11',235,100,'2023-05-10 09:09:38',1),
(8,'BRIN20230426','2023-05-11',236,95,'2023-05-10 09:09:38',1),
(9,'BRIN20230426','2023-05-11',237,89,'2023-05-10 09:09:38',1),
(10,'BRIN20230426','2023-05-11',238,95,'2023-05-10 09:09:38',1),
(11,'BRIN20230426','2023-05-11',239,100,'2023-05-10 09:09:38',1),
(12,'BRIN20230426','2023-05-11',240,100,'2023-05-10 09:09:38',1),
(13,'BRIN20230426','2023-05-11',241,89,'2023-05-10 09:09:38',1),
(14,'BRIN20230426','2023-05-11',242,89,'2023-05-10 09:09:38',1),
(15,'BRIN20230426','2023-05-11',228,89,'2023-05-10 09:09:38',1);

/*Table structure for table `m_client` */

DROP TABLE IF EXISTS `m_client`;

CREATE TABLE `m_client` (
  `id` int(11) NOT NULL AUTO_INCREMENT,
  `client_name` varchar(75) DEFAULT NULL,
  `address` text DEFAULT NULL,
  `contact1` varchar(25) DEFAULT NULL,
  `contact2` varchar(25) DEFAULT NULL,
  `dial_code_mobile` int(2) DEFAULT NULL,
  `mobile` varchar(25) DEFAULT NULL,
  `description` text DEFAULT NULL,
  `created_at` timestamp NOT NULL DEFAULT current_timestamp() ON UPDATE current_timestamp(),
  `created_by` int(11) DEFAULT NULL,
  `updated_at` datetime DEFAULT NULL,
  `updated_by` int(11) DEFAULT NULL,
  PRIMARY KEY (`id`),
  UNIQUE KEY `client_name` (`client_name`)
) ENGINE=InnoDB AUTO_INCREMENT=2 DEFAULT CHARSET=utf8mb4;

/*Data for the table `m_client` */

insert  into `m_client`(`id`,`client_name`,`address`,`contact1`,`contact2`,`dial_code_mobile`,`mobile`,`description`,`created_at`,`created_by`,`updated_at`,`updated_by`) values 
(1,'Badan Riset Dan Inovasi Nasional (BRIN)','Gedung B.J. Habibie, Jl. M.H. Thamrin No. 8, Jakarta Pusat 10340',NULL,NULL,62,'81119333639',NULL,'2023-04-26 15:00:28',NULL,NULL,NULL);

/*Table structure for table `m_service` */

DROP TABLE IF EXISTS `m_service`;

CREATE TABLE `m_service` (
  `service_code` char(10) NOT NULL,
  `service_name` varchar(50) DEFAULT NULL,
  `description` text DEFAULT NULL,
  `created_by` int(11) DEFAULT NULL,
  `created_at` timestamp NOT NULL DEFAULT current_timestamp() ON UPDATE current_timestamp(),
  `updated_by` int(11) DEFAULT NULL,
  `updated_at` datetime DEFAULT NULL,
  PRIMARY KEY (`service_code`)
) ENGINE=InnoDB DEFAULT CHARSET=utf8mb4;

/*Data for the table `m_service` */

insert  into `m_service`(`service_code`,`service_name`,`description`,`created_by`,`created_at`,`updated_by`,`updated_at`) values 
('cls','Cleaning Service',NULL,NULL,'2023-03-22 08:19:59',NULL,NULL),
('las','Labor Service',NULL,NULL,'2023-03-22 08:20:04',NULL,NULL),
('ses','Security Service',NULL,NULL,'2023-03-22 08:20:09',NULL,NULL);

/*Table structure for table `menu` */

DROP TABLE IF EXISTS `menu`;

CREATE TABLE `menu` (
  `id` int(11) NOT NULL AUTO_INCREMENT,
  `menu_parent_id` smallint(6) DEFAULT NULL,
  `nama_menu` varchar(50) COLLATE utf8mb4_unicode_ci NOT NULL,
  `font_icon` varchar(50) COLLATE utf8mb4_unicode_ci NOT NULL,
  `path` varchar(200) COLLATE utf8mb4_unicode_ci NOT NULL,
  `sort` int(11) DEFAULT NULL,
  `created_at` timestamp NOT NULL DEFAULT current_timestamp() ON UPDATE current_timestamp(),
  `created_by` varchar(255) COLLATE utf8mb4_unicode_ci DEFAULT NULL,
  `updated_at` datetime DEFAULT NULL,
  `updated_by` varchar(255) COLLATE utf8mb4_unicode_ci DEFAULT NULL,
  PRIMARY KEY (`id`),
  UNIQUE KEY `menu_nama_menu_unique` (`nama_menu`) USING BTREE
) ENGINE=InnoDB AUTO_INCREMENT=20 DEFAULT CHARSET=utf8mb4 COLLATE=utf8mb4_unicode_ci ROW_FORMAT=DYNAMIC;

/*Data for the table `menu` */

insert  into `menu`(`id`,`menu_parent_id`,`nama_menu`,`font_icon`,`path`,`sort`,`created_at`,`created_by`,`updated_at`,`updated_by`) values 
(1,0,'Setting','fas fa-solid fa-wrench','javascript::',15,'0000-00-00 00:00:00','','0000-00-00 00:00:00','\r'),
(2,1,'Users','fas fa-solid fa-users','users',16,'0000-00-00 00:00:00','','0000-00-00 00:00:00','\r'),
(3,0,'Master','fas fa-solid fa-book','javascript::',3,'0000-00-00 00:00:00','','0000-00-00 00:00:00','\r'),
(4,3,'Client','fas fa-solid fa-building','client',4,'0000-00-00 00:00:00','','0000-00-00 00:00:00','\r'),
(5,0,'Setup Project','fas fa-solid fa-diagram-project','javascript::',9,'2023-04-03 15:51:29','','0000-00-00 00:00:00','\r'),
(6,5,'Project','fas fa-solid fa-diagram-project','project',0,'2023-04-03 15:51:48','','0000-00-00 00:00:00','\r'),
(7,5,'Region','fas fa-solid fa-map','region',5,'0000-00-00 00:00:00','','0000-00-00 00:00:00','\r'),
(8,5,'Location','fas fa-solid fa-map','location',6,'0000-00-00 00:00:00','','0000-00-00 00:00:00','\r'),
(9,5,'Area','fas fa-solid fa-map','area',7,'0000-00-00 00:00:00','','0000-00-00 00:00:00','\r'),
(10,5,'Sub Area','fas fa-solid fa-map','sub_area',8,'0000-00-00 00:00:00','','0000-00-00 00:00:00','\r'),
(11,0,'Evaluation','fas fa-solid fa-star','javascript::',11,'0000-00-00 00:00:00','','0000-00-00 00:00:00','\r'),
(12,11,'Form Evalution','fas fa-solid fa-star','evaluation/form_evaluation',12,'0000-00-00 00:00:00','','0000-00-00 00:00:00','\r'),
(13,0,'Dashboard','fas fa-solid fa-gauge-simple','javascript::',1,'0000-00-00 00:00:00','','0000-00-00 00:00:00','\r'),
(14,13,'Dashboard 1','fas fa-solid fa-gauge-simple','dashboard_v1',2,'0000-00-00 00:00:00','','0000-00-00 00:00:00','\r'),
(15,0,'Report','fas fa-solid fa-list-ul','javascript::',13,'0000-00-00 00:00:00','','0000-00-00 00:00:00','\r'),
(16,15,'Report Weekly','fas fa-solid fa-list-ul','report/report_weekly',14,'0000-00-00 00:00:00','','0000-00-00 00:00:00','\r'),
(17,15,'Score Per Location','fas fa-solid fa-list-ul','report/reportScorePerLocation',15,'2023-05-08 14:58:06',NULL,NULL,NULL),
(18,0,'Sign','fas fa-solid fa-signature','javascript::',16,'2023-05-08 14:58:46',NULL,NULL,NULL),
(19,18,'Signature Digital','fas fa-solid fa-signature','sign/signature_digital',17,'2023-05-08 14:59:54',NULL,NULL,NULL);

/*Table structure for table `setup_area` */

DROP TABLE IF EXISTS `setup_area`;

CREATE TABLE `setup_area` (
  `id` int(11) NOT NULL AUTO_INCREMENT,
  `area_name` varchar(50) DEFAULT NULL,
  `location_id` int(11) DEFAULT NULL,
  `service_code` char(11) DEFAULT NULL,
  `description` text DEFAULT NULL,
  `created_at` timestamp NOT NULL DEFAULT current_timestamp() ON UPDATE current_timestamp(),
  `created_by` int(11) DEFAULT NULL,
  `updated_at` datetime DEFAULT NULL,
  `updated_by` int(11) DEFAULT NULL,
  PRIMARY KEY (`id`),
  KEY `service_code` (`service_code`),
  KEY `location_id` (`location_id`),
  CONSTRAINT `setup_area_ibfk_1` FOREIGN KEY (`service_code`) REFERENCES `m_service` (`service_code`) ON DELETE CASCADE ON UPDATE CASCADE,
  CONSTRAINT `setup_area_ibfk_2` FOREIGN KEY (`location_id`) REFERENCES `setup_location` (`id`)
) ENGINE=InnoDB AUTO_INCREMENT=152 DEFAULT CHARSET=utf8mb4;

/*Data for the table `setup_area` */

insert  into `setup_area`(`id`,`area_name`,`location_id`,`service_code`,`description`,`created_at`,`created_by`,`updated_at`,`updated_by`) values 
(1,'Security',2,'ses',NULL,'2023-04-26 22:21:31',1,NULL,NULL),
(2,'Gedung Administrasi Lt.1',2,'cls',NULL,'2023-04-26 22:21:31',1,NULL,NULL),
(3,'Gedung Laboratorium Lt.1',2,'cls',NULL,'2023-04-26 22:57:14',1,NULL,NULL),
(4,'Gedung Laboratorium Lt.2',2,'cls',NULL,'2023-04-26 22:57:51',1,NULL,NULL),
(5,'Gedung Laboratorium Lt.3',2,'cls',NULL,'2023-04-26 22:59:19',1,NULL,NULL),
(6,'Gedung Produksi Lt.1',2,'cls',NULL,'2023-04-26 22:59:19',1,NULL,NULL),
(7,'Gedung Asrama Lt.1',2,'cls',NULL,'2023-04-26 22:59:19',1,NULL,NULL),
(8,'Rumah Dinas',2,'cls',NULL,'2023-04-26 22:59:19',1,NULL,NULL),
(9,'Security',1,'ses',NULL,'2023-04-26 23:11:15',1,NULL,NULL),
(10,'Driver',1,'las',NULL,'2023-04-26 23:11:15',1,NULL,NULL),
(11,'Gedung Utama Lt.1',1,'cls',NULL,'2023-04-26 23:11:15',1,NULL,NULL),
(12,'Gedung Utama Lt.2',1,'cls',NULL,'2023-04-26 23:11:15',1,NULL,NULL),
(13,'Gedung Blok Barat Lt.1',1,'cls',NULL,'2023-04-26 23:11:15',1,NULL,NULL),
(14,'Gedung Blok Barat Lt.2',1,'cls',NULL,'2023-04-26 23:11:15',1,NULL,NULL),
(15,'Gedung Pameran',1,'cls',NULL,'2023-04-26 23:11:15',1,NULL,NULL),
(16,'Gedung Perpustakaan Lt.1',1,'cls',NULL,'2023-04-26 23:11:15',1,NULL,NULL),
(17,'Gedung Perpustakaan Lt.2',1,'cls',NULL,'2023-04-26 23:11:15',1,NULL,NULL),
(18,'Halaman',1,'cls',NULL,'2023-04-26 23:11:15',1,NULL,NULL),
(19,'Driver',51,'las',NULL,'2023-04-27 07:42:36',1,NULL,NULL),
(20,'Gedung Asrama',5,'cls',NULL,'2023-04-27 07:48:14',1,NULL,NULL),
(21,'Halaman',5,'cls',NULL,'2023-04-27 07:48:14',1,NULL,NULL),
(22,'Security',6,'ses',NULL,'2023-04-27 08:05:03',1,NULL,NULL),
(23,'Gedung',6,'cls',NULL,'2023-04-27 08:05:03',1,NULL,NULL),
(24,'Security',7,'ses',NULL,'2023-04-27 08:12:45',1,NULL,NULL),
(25,'Gedung',7,'cls',NULL,'2023-04-27 08:12:45',1,NULL,NULL),
(26,'Security',8,'ses',NULL,'2023-04-27 08:25:40',1,NULL,NULL),
(27,'Gedung',8,'cls',NULL,'2023-04-27 08:25:40',1,NULL,NULL),
(28,'Security',9,'ses',NULL,'2023-04-27 08:36:52',1,NULL,NULL),
(29,'Gedung',9,'cls',NULL,'2023-04-27 08:36:52',1,NULL,NULL),
(30,'Gedung Asrama',10,'cls',NULL,'2023-04-27 08:50:31',1,NULL,NULL),
(31,'Halaman',10,'cls',NULL,'2023-04-27 08:50:31',1,NULL,NULL),
(32,'Security',11,'ses',NULL,'2023-04-27 08:59:07',1,NULL,NULL),
(33,'Halaman',11,'cls',NULL,'2023-04-27 08:59:07',1,NULL,NULL),
(34,'Lantai 1',11,'cls',NULL,'2023-04-27 08:59:07',1,NULL,NULL),
(35,'Lantai 2',11,'cls',NULL,'2023-04-27 08:59:07',1,NULL,NULL),
(36,'Security',4,'ses',NULL,'2023-04-27 09:33:52',1,NULL,NULL),
(37,'Pos Security',4,'cls',NULL,'2023-04-27 09:33:52',1,NULL,NULL),
(38,'Gedung PPID',4,'cls',NULL,'2023-04-27 09:33:52',1,NULL,NULL),
(39,'Gedung Phoenix',4,'cls',NULL,'2023-04-27 09:33:52',1,NULL,NULL),
(40,'Gedung Centaurus',4,'cls',NULL,'2023-04-27 09:33:52',1,NULL,NULL),
(41,'Gedung Administrasi',4,'cls',NULL,'2023-04-27 09:33:52',1,NULL,NULL),
(42,'Gedung Mushola',4,'cls',NULL,'2023-04-27 09:33:52',1,NULL,NULL),
(43,'Gedung Antariksa 1',4,'cls',NULL,'2023-04-27 09:33:52',1,NULL,NULL),
(44,'Gedung Meteor',4,'cls',NULL,'2023-04-27 09:33:52',1,NULL,NULL),
(45,'Gedung Antariksa 2',4,'cls',NULL,'2023-04-27 09:33:52',1,NULL,NULL),
(46,'Gedung Guest House',4,'cls',NULL,'2023-04-27 09:33:52',1,NULL,NULL),
(47,'Security',3,'ses',NULL,'2023-04-27 10:33:18',1,NULL,NULL),
(48,'Halaman',3,'cls',NULL,'2023-04-27 10:33:18',1,NULL,NULL),
(49,'Ruang Workshop',3,'cls',NULL,'2023-04-27 10:33:18',1,NULL,NULL),
(50,'Gudang',3,'cls',NULL,'2023-04-27 10:33:18',1,NULL,NULL),
(51,'Mess',3,'cls',NULL,'2023-04-27 10:33:18',1,NULL,NULL),
(52,'Ruang Tata Usaha',3,'cls',NULL,'2023-04-27 10:33:18',1,NULL,NULL),
(53,'Laboratorium',3,'cls',NULL,'2023-04-27 10:33:18',1,NULL,NULL),
(54,'Ruang Kepala dan Ruang Diseminasi',3,'cls',NULL,'2023-04-27 10:33:18',1,NULL,NULL),
(55,'Ruang Aula',3,'cls',NULL,'2023-04-27 10:33:18',1,NULL,NULL),
(56,'Driver',12,'las',NULL,'2023-04-27 11:13:44',1,NULL,NULL),
(57,'Security',14,'ses',NULL,'2023-04-27 11:36:10',1,NULL,NULL),
(58,'Driver',14,'las',NULL,'2023-04-27 11:36:10',1,NULL,NULL),
(59,'Lantai 1',14,'cls',NULL,'2023-04-27 11:36:10',1,NULL,NULL),
(60,'Lantai 2',14,'cls',NULL,'2023-04-27 11:36:10',1,NULL,NULL),
(61,'Halaman',14,'cls',NULL,'2023-04-27 11:36:10',1,NULL,NULL),
(62,'Security',15,'ses',NULL,'2023-04-27 11:54:40',1,NULL,NULL),
(63,'Gedung',15,'cls',NULL,'2023-04-27 11:54:40',1,NULL,NULL),
(64,'Halaman',15,'cls',NULL,'2023-04-27 11:54:40',1,NULL,NULL),
(65,'Security',16,'ses',NULL,'2023-04-27 13:25:10',1,NULL,NULL),
(66,'Driver',16,'las',NULL,'2023-04-27 13:25:11',1,NULL,NULL),
(67,'Lantai 1',16,'cls',NULL,'2023-04-27 13:25:11',1,NULL,NULL),
(68,'Lokasi Luar Gedung Utama',16,'cls',NULL,'2023-04-27 13:25:11',1,NULL,NULL),
(69,'Outdoor',16,'cls',NULL,'2023-04-27 13:25:11',1,NULL,NULL),
(70,'Security',17,'ses',NULL,'2023-04-27 14:23:32',1,NULL,NULL),
(71,'Lantai 1',17,'cls',NULL,'2023-04-27 14:23:32',1,NULL,NULL),
(72,'Halaman',17,'cls',NULL,'2023-04-27 14:23:32',1,NULL,NULL),
(73,'Wisma',17,'cls',NULL,'2023-04-27 14:23:32',1,NULL,NULL),
(74,'Halaman Wisma',17,'cls',NULL,'2023-04-27 14:23:32',1,NULL,NULL),
(75,'Security',18,'ses',NULL,'2023-04-27 15:59:48',1,NULL,NULL),
(76,'Driver',18,'las',NULL,'2023-04-27 15:59:48',1,NULL,NULL),
(77,'Lantai 1',18,'cls',NULL,'2023-04-27 15:59:48',1,NULL,NULL),
(78,'Halaman',18,'cls',NULL,'2023-04-27 15:59:48',1,NULL,NULL),
(79,'Security',19,'ses',NULL,'2023-04-27 16:22:47',1,NULL,NULL),
(80,'Driver',19,'las',NULL,'2023-04-27 16:22:47',1,NULL,NULL),
(81,'Lantai 1',19,'cls',NULL,'2023-04-27 16:22:47',1,NULL,NULL),
(82,'Halaman',19,'cls',NULL,'2023-04-27 16:22:47',1,NULL,NULL),
(83,'Security',20,'ses',NULL,'2023-04-27 16:37:24',1,NULL,NULL),
(84,'Driver',20,'las',NULL,'2023-04-27 16:37:24',1,NULL,NULL),
(85,'Wisma',20,'cls',NULL,'2023-04-27 16:37:24',1,NULL,NULL),
(86,'Lab Biomol',20,'cls',NULL,'2023-04-27 16:37:24',1,NULL,NULL),
(87,'Gedung Insektarium',20,'cls',NULL,'2023-04-27 16:37:24',1,NULL,NULL),
(88,'Gedung CWS',20,'cls',NULL,'2023-04-27 16:37:24',1,NULL,NULL),
(89,'Halaman',20,'cls',NULL,'2023-04-27 16:37:24',1,NULL,NULL),
(90,'Security',21,'ses',NULL,'2023-04-27 17:07:11',1,NULL,NULL),
(91,'Driver',21,'las',NULL,'2023-04-27 17:07:11',1,NULL,NULL),
(92,'Gedung Lab Lantai 1',21,'cls',NULL,'2023-04-27 17:07:11',1,NULL,NULL),
(93,'Gedung Lab Lantai 2',21,'cls',NULL,'2023-04-27 17:07:11',1,NULL,NULL),
(94,'Gedung Lab Lantai 3',21,'cls',NULL,'2023-04-27 17:07:11',1,NULL,NULL),
(95,'Gedung Cws Lantai 1',21,'cls',NULL,'2023-04-27 17:07:11',1,NULL,NULL),
(96,'Gedung Cws  Lantai 2',21,'cls',NULL,'2023-04-27 17:07:11',1,NULL,NULL),
(97,'Halaman',21,'cls',NULL,'2023-04-27 17:07:11',1,NULL,NULL),
(98,'Security',22,'ses',NULL,'2023-04-27 21:51:09',1,NULL,NULL),
(99,'Gedung Pameran',22,'cls',NULL,'2023-04-27 21:51:09',1,NULL,NULL),
(100,'Gedung Utama',22,'cls',NULL,'2023-04-27 21:51:09',1,NULL,NULL),
(101,'Security',23,'ses',NULL,'2023-04-27 22:01:05',1,NULL,NULL),
(102,'Driver',23,'las',NULL,'2023-04-27 22:01:05',1,NULL,NULL),
(103,'Gedung Pameran',23,'cls',NULL,'2023-04-27 22:01:05',1,NULL,NULL),
(104,'Gedung Rapat',23,'cls',NULL,'2023-04-27 22:01:05',1,NULL,NULL),
(105,'Gedung Mess',23,'cls',NULL,'2023-04-27 22:01:05',1,NULL,NULL),
(106,'Gedung Penyimpanan',23,'cls',NULL,'2023-04-27 22:01:05',1,NULL,NULL),
(107,'Security',24,'ses',NULL,'2023-04-27 22:34:58',1,NULL,NULL),
(108,'Driver',24,'las',NULL,'2023-04-27 22:34:58',1,NULL,NULL),
(109,'Gedung Pos Security',24,'cls',NULL,'2023-04-27 22:34:58',1,NULL,NULL),
(110,'Gedung Mess',24,'cls',NULL,'2023-04-27 22:34:58',1,NULL,NULL),
(111,'Gedung Bengkel',24,'cls',NULL,'2023-04-27 22:34:58',1,NULL,NULL),
(112,'Gedung Graha',24,'cls',NULL,'2023-04-27 22:34:58',1,NULL,NULL),
(113,'Gedung Tracking & Admin',24,'cls',NULL,'2023-04-27 22:34:58',1,NULL,NULL),
(114,'Gedung H. Alpha',24,'cls',NULL,'2023-04-27 22:34:58',1,NULL,NULL),
(115,'Gedung Matahari',24,'cls',NULL,'2023-04-27 22:34:58',1,NULL,NULL),
(117,'Gedung Sunspot',24,'cls',NULL,'2023-04-27 22:34:58',1,NULL,NULL),
(118,'Gedung Genset',24,'cls',NULL,'2023-04-27 22:34:58',1,NULL,NULL),
(119,'Rumah Negara',24,'cls',NULL,'2023-04-27 22:34:58',1,NULL,NULL),
(120,'Security',25,'ses',NULL,'2023-04-28 09:16:59',1,NULL,NULL),
(121,'Driver',25,'las',NULL,'2023-04-28 09:16:59',1,NULL,NULL),
(122,'Mess',25,'cls',NULL,'2023-04-28 09:16:59',1,NULL,NULL),
(123,'Gedung Balai Arkiologi Lt.1',25,'cls',NULL,'2023-04-28 09:16:59',1,NULL,NULL),
(124,'Gedung Balai Arkiologi Lt.2',25,'cls',NULL,'2023-04-28 09:16:59',1,NULL,NULL),
(125,'Halaman',25,'cls',NULL,'2023-04-28 09:16:59',1,NULL,NULL),
(126,'Security',26,'ses',NULL,'2023-04-28 09:46:59',1,NULL,NULL),
(127,'Driver',26,'las',NULL,'2023-04-28 09:46:59',1,NULL,NULL),
(128,'Gedung Ale',26,'cls',NULL,'2023-04-28 09:46:59',1,NULL,NULL),
(129,'Gedung Santano/Mes Santano',26,'cls',NULL,'2023-04-28 09:46:59',1,NULL,NULL),
(130,'Gedung Cady',26,'cls',NULL,'2023-04-28 09:46:59',1,NULL,NULL),
(131,'Gedung Ekuator',26,'cls',NULL,'2023-04-28 09:46:59',1,NULL,NULL),
(132,'Gedung Katulistiwa',26,'cls',NULL,'2023-04-28 09:46:59',1,NULL,NULL),
(133,'Halaman',26,'cls',NULL,'2023-04-28 09:46:59',1,NULL,NULL),
(134,'Security',27,'ses',NULL,'2023-04-28 10:18:04',1,NULL,NULL),
(135,'Driver',27,'las',NULL,'2023-04-28 10:18:04',1,NULL,NULL),
(136,'Gedung PPID',27,'cls',NULL,'2023-04-28 10:18:04',1,NULL,NULL),
(137,'Gedung Perpustakaan',27,'cls',NULL,'2023-04-28 10:18:04',1,NULL,NULL),
(138,'Gedung Laboratorium',27,'cls',NULL,'2023-04-28 10:18:04',1,NULL,NULL),
(139,'Gedung Teleskop',27,'cls',NULL,'2023-04-28 10:18:04',1,NULL,NULL),
(140,'Gedung Edukasi Publik',27,'cls',NULL,'2023-04-28 10:18:04',1,NULL,NULL),
(141,'Gedung Guest House',27,'cls',NULL,'2023-04-28 10:18:04',1,NULL,NULL),
(142,'Halaman',27,'cls',NULL,'2023-04-28 10:18:04',1,NULL,NULL),
(143,'Security',28,'ses',NULL,'2023-04-28 13:19:27',1,NULL,NULL),
(144,'Gedung Utama Lt. 1',28,'cls',NULL,'2023-04-28 13:19:27',1,NULL,NULL),
(145,'Mess Lt.1',28,'cls',NULL,'2023-04-28 13:19:27',1,NULL,NULL),
(146,'Mess Halaman',28,'cls',NULL,'2023-04-28 13:19:27',1,NULL,NULL),
(147,'Security',42,'ses',NULL,'2023-04-28 17:00:20',1,NULL,NULL),
(148,'Driver',42,'las',NULL,'2023-04-28 17:00:20',1,NULL,NULL),
(149,'LANTAI-1',42,'cls',NULL,'2023-04-28 17:00:20',1,NULL,NULL),
(150,'LANTAI-2',42,'cls',NULL,'2023-04-28 17:00:20',1,NULL,NULL),
(151,'TAMAN DAN AREA PARKIR',42,'cls',NULL,'2023-04-28 17:00:20',1,NULL,NULL);

/*Table structure for table `setup_location` */

DROP TABLE IF EXISTS `setup_location`;

CREATE TABLE `setup_location` (
  `id` int(11) NOT NULL AUTO_INCREMENT,
  `location_name` varchar(50) DEFAULT NULL,
  `region_id` int(11) DEFAULT NULL,
  `address` text DEFAULT NULL,
  `description` text DEFAULT NULL,
  `created_at` timestamp NOT NULL DEFAULT current_timestamp() ON UPDATE current_timestamp(),
  `created_by` int(11) DEFAULT NULL,
  `updated_at` datetime DEFAULT NULL,
  `updated_by` int(11) DEFAULT NULL,
  PRIMARY KEY (`id`),
  UNIQUE KEY `location_name` (`location_name`),
  KEY `region_id` (`region_id`),
  CONSTRAINT `setup_location_ibfk_1` FOREIGN KEY (`region_id`) REFERENCES `setup_region` (`id`) ON DELETE CASCADE ON UPDATE CASCADE
) ENGINE=InnoDB AUTO_INCREMENT=52 DEFAULT CHARSET=utf8mb4;

/*Data for the table `setup_location` */

insert  into `setup_location`(`id`,`location_name`,`region_id`,`address`,`description`,`created_at`,`created_by`,`updated_at`,`updated_by`) values 
(1,'Arkenas Balar Bali',1,NULL,NULL,'2023-04-26 15:35:59',NULL,NULL,NULL),
(2,'Denpasar Bali',1,NULL,NULL,'2023-04-26 15:35:59',NULL,NULL,NULL),
(3,'Sukabumi',2,NULL,NULL,'2023-04-27 07:46:23',NULL,NULL,NULL),
(4,'Sumedang',2,NULL,NULL,'2023-04-27 07:45:57',NULL,NULL,NULL),
(5,'Bandung Cinunuk',2,NULL,NULL,'2023-04-26 17:03:18',NULL,NULL,NULL),
(6,'Bandung Dago Pojok',2,NULL,NULL,'2023-04-26 17:03:18',NULL,NULL,NULL),
(7,'Bandung Gd. Arsip Cikutra',2,NULL,NULL,'2023-04-26 17:03:18',NULL,NULL,NULL),
(8,'Bandung Mess Hegarmanah',2,NULL,NULL,'2023-04-26 17:03:18',NULL,NULL,NULL),
(9,'Bandung Tubagus Ismail',2,NULL,NULL,'2023-04-26 17:03:18',NULL,NULL,NULL),
(10,'Kab. Bandung Ciater',2,NULL,NULL,'2023-04-26 17:03:18',NULL,NULL,NULL),
(11,'Kab. Bandung PLTP Ibun Kamojan',2,NULL,NULL,'2023-04-26 17:03:18',NULL,NULL,NULL),
(12,'Subang',2,NULL,NULL,'2023-04-26 17:03:18',NULL,NULL,NULL),
(14,'Arkenas Balar DIY',3,NULL,NULL,'2023-04-26 21:20:13',NULL,NULL,NULL),
(15,'Arkenas Gd. Artefak Rembang',3,NULL,NULL,'2023-04-26 21:20:13',NULL,NULL,NULL),
(16,'Gunung Kidul DIY',3,NULL,NULL,'2023-04-26 21:20:13',NULL,NULL,NULL),
(17,'Jepara',3,NULL,NULL,'2023-04-26 21:20:13',NULL,NULL,NULL),
(18,'Kalasan',3,NULL,NULL,'2023-04-26 21:20:13',NULL,NULL,NULL),
(19,'Magelang',3,NULL,NULL,'2023-04-26 21:20:13',NULL,NULL,NULL),
(20,'Salatiga',3,NULL,NULL,'2023-04-26 21:20:13',NULL,NULL,NULL),
(21,'Tawangmangu',3,NULL,NULL,'2023-04-26 21:20:13',NULL,NULL,NULL),
(22,'Arkenas Gd. Artefak Punung',4,NULL,NULL,'2023-04-26 21:27:54',NULL,NULL,NULL),
(23,'Arkenas Gd. Artefak Trowulan',4,NULL,NULL,'2023-04-26 21:27:54',NULL,NULL,NULL),
(24,'Pasuruhan Jawa Timur',4,NULL,NULL,'2023-04-26 21:27:55',NULL,NULL,NULL),
(25,'Arkenas Balar Kalsel',5,NULL,NULL,'2023-04-26 21:30:48',NULL,NULL,NULL),
(26,'Pontianak',5,NULL,NULL,'2023-04-26 21:30:48',NULL,NULL,NULL),
(27,'Kupang',6,NULL,NULL,'2023-04-26 21:32:42',NULL,NULL,NULL),
(28,'Rajabasa DBL',7,NULL,NULL,'2023-04-26 21:33:32',NULL,NULL,NULL),
(29,'DKI Jakarta Cikini + Raden Saleh',8,NULL,NULL,'2023-04-26 21:40:19',NULL,NULL,NULL),
(30,'DKI Jakarta Jalan Bandung',8,NULL,NULL,'2023-04-26 21:40:19',NULL,NULL,NULL),
(31,'DKI Jakarta Mess Gatsu',8,NULL,NULL,'2023-04-26 21:40:19',NULL,NULL,NULL),
(32,'DKI Jakarta Pekayon',8,NULL,NULL,'2023-04-26 21:40:19',NULL,NULL,NULL),
(33,'DKI Jakarta Permata Hijau',8,NULL,NULL,'2023-04-26 21:40:19',NULL,NULL,NULL),
(34,'DKI Jakarta Rawamangun',8,NULL,NULL,'2023-04-26 21:40:20',NULL,NULL,NULL),
(35,'DKI Jakarta Thamrin',8,NULL,NULL,'2023-04-26 21:40:20',NULL,NULL,NULL),
(36,'DKI Mess Jakarta Ancol',8,NULL,NULL,'2023-04-26 21:40:20',NULL,NULL,NULL),
(37,'Kab. Bogor Rusun Cibinong',8,NULL,NULL,'2023-04-26 21:40:20',NULL,NULL,NULL),
(38,'Kota Bogor Kusnoto',8,NULL,NULL,'2023-04-26 21:40:20',NULL,NULL,NULL),
(39,'Tangerang Gunung Sindur',8,NULL,NULL,'2023-04-26 21:40:20',NULL,NULL,NULL),
(40,'Tangerang Puspitek',8,NULL,NULL,'2023-04-26 21:40:20',NULL,NULL,NULL),
(41,'Arkenas Gd. Artefak Banten',8,NULL,NULL,'2023-04-26 21:40:20',NULL,NULL,NULL),
(42,'Arkenas Balar Maluku',9,NULL,NULL,'2023-04-26 21:43:05',NULL,NULL,NULL),
(43,'Arkenas Balar Papua',9,NULL,NULL,'2023-04-26 21:43:05',NULL,NULL,NULL),
(44,'Arkenas Balar Sulut',9,NULL,NULL,'2023-04-26 21:43:05',NULL,NULL,NULL),
(45,'Arkenas Sulsel',9,NULL,NULL,'2023-04-26 21:43:05',NULL,NULL,NULL),
(46,'Lahendong - Tomohon',9,NULL,NULL,'2023-04-26 21:43:05',NULL,NULL,NULL),
(47,'Bukit Tinggi Sumbar',10,NULL,NULL,'2023-04-26 21:44:11',NULL,NULL,NULL),
(48,'Arkenas Balar Sumsel',11,NULL,NULL,'2023-04-26 21:44:59',NULL,NULL,NULL),
(49,'Arkenas Balar Sumut',12,NULL,NULL,'2023-04-26 21:46:10',NULL,NULL,NULL),
(50,'Arkenas Gd. Artefak Barus',12,NULL,NULL,'2023-04-26 21:46:10',NULL,NULL,NULL),
(51,'Mataram',1,NULL,NULL,'2023-04-26 21:55:11',NULL,NULL,NULL);

/*Table structure for table `setup_project` */

DROP TABLE IF EXISTS `setup_project`;

CREATE TABLE `setup_project` (
  `project_code` varchar(50) NOT NULL,
  `project_name` varchar(50) DEFAULT NULL,
  `client_id` int(11) DEFAULT NULL,
  `contract_start` datetime DEFAULT NULL,
  `contract_finish` datetime DEFAULT NULL,
  `created_at` timestamp NOT NULL DEFAULT current_timestamp() ON UPDATE current_timestamp(),
  `created_by` int(11) DEFAULT NULL,
  `updated_at` datetime DEFAULT NULL,
  `updated_by` int(11) DEFAULT NULL,
  PRIMARY KEY (`project_code`),
  UNIQUE KEY `project_code` (`project_code`),
  KEY `client_id` (`client_id`),
  CONSTRAINT `setup_project_ibfk_1` FOREIGN KEY (`client_id`) REFERENCES `m_client` (`id`) ON DELETE NO ACTION ON UPDATE NO ACTION
) ENGINE=InnoDB DEFAULT CHARSET=utf8mb4;

/*Data for the table `setup_project` */

insert  into `setup_project`(`project_code`,`project_name`,`client_id`,`contract_start`,`contract_finish`,`created_at`,`created_by`,`updated_at`,`updated_by`) values 
('BRIN20230426','BRIN',1,'2023-04-27 00:00:00','2023-04-27 00:00:00','2023-04-26 15:01:11',1,NULL,NULL);

/*Table structure for table `setup_region` */

DROP TABLE IF EXISTS `setup_region`;

CREATE TABLE `setup_region` (
  `id` int(11) NOT NULL AUTO_INCREMENT,
  `region_name` varchar(50) DEFAULT NULL,
  `project_code` varchar(25) DEFAULT NULL,
  `description` text DEFAULT NULL,
  `created_at` timestamp NOT NULL DEFAULT current_timestamp() ON UPDATE current_timestamp(),
  `created_by` int(11) DEFAULT NULL,
  `updated_at` datetime DEFAULT NULL,
  `updated_by` int(11) DEFAULT NULL,
  PRIMARY KEY (`id`),
  UNIQUE KEY `region_name` (`region_name`)
) ENGINE=InnoDB AUTO_INCREMENT=13 DEFAULT CHARSET=utf8mb4;

/*Data for the table `setup_region` */

insert  into `setup_region`(`id`,`region_name`,`project_code`,`description`,`created_at`,`created_by`,`updated_at`,`updated_by`) values 
(1,'Bali','BRIN20230426',NULL,'2023-04-26 15:30:53',NULL,NULL,NULL),
(2,'Jawa Barat','BRIN20230426',NULL,'2023-04-26 15:30:53',NULL,NULL,NULL),
(3,'Jawa Tengah','BRIN20230426',NULL,'2023-04-26 15:30:53',NULL,NULL,NULL),
(4,'Jawa Timur','BRIN20230426',NULL,'2023-04-26 15:30:53',NULL,NULL,NULL),
(5,'Kalimantan','BRIN20230426',NULL,'2023-04-26 15:30:53',NULL,NULL,NULL),
(6,'Kupang','BRIN20230426',NULL,'2023-04-26 15:30:53',NULL,NULL,NULL),
(7,'Lampung','BRIN20230426',NULL,'2023-04-26 15:30:53',NULL,NULL,NULL),
(8,'Metro','BRIN20230426',NULL,'2023-04-26 15:30:53',NULL,NULL,NULL),
(9,'Sumapa','BRIN20230426',NULL,'2023-04-26 15:30:53',NULL,NULL,NULL),
(10,'Sumatera Barat','BRIN20230426',NULL,'2023-04-26 15:30:53',NULL,NULL,NULL),
(11,'Sumatera Selatan','BRIN20230426',NULL,'2023-04-26 15:30:53',NULL,NULL,NULL),
(12,'Sumatera Utara','BRIN20230426',NULL,'2023-04-26 15:30:53',NULL,NULL,NULL);

/*Table structure for table `setup_sub_area` */

DROP TABLE IF EXISTS `setup_sub_area`;

CREATE TABLE `setup_sub_area` (
  `id` int(11) NOT NULL AUTO_INCREMENT,
  `sub_area_name` varchar(50) DEFAULT NULL,
  `area_id` int(11) DEFAULT NULL,
  `description` text DEFAULT NULL,
  `created_at` timestamp NOT NULL DEFAULT current_timestamp() ON UPDATE current_timestamp(),
  `created_by` int(11) DEFAULT NULL,
  `updated_at` datetime DEFAULT NULL,
  `updated_by` int(11) DEFAULT NULL,
  PRIMARY KEY (`id`),
  KEY `area_id` (`area_id`),
  CONSTRAINT `setup_sub_area_ibfk_1` FOREIGN KEY (`area_id`) REFERENCES `setup_area` (`id`) ON DELETE CASCADE ON UPDATE CASCADE
) ENGINE=InnoDB AUTO_INCREMENT=656 DEFAULT CHARSET=utf8mb4;

/*Data for the table `setup_sub_area` */

insert  into `setup_sub_area`(`id`,`sub_area_name`,`area_id`,`description`,`created_at`,`created_by`,`updated_at`,`updated_by`) values 
(1,'Security Functions',1,NULL,'2023-04-26 23:27:01',NULL,NULL,NULL),
(2,'Lobby Gedung Administrasi',2,NULL,'2023-04-26 23:40:50',NULL,NULL,NULL),
(3,'Ruang Rapat',2,NULL,'2023-04-26 23:40:50',NULL,NULL,NULL),
(4,'Ruang Kerja Pimpinan (Ka.BTIKK)',2,NULL,'2023-04-26 23:40:50',NULL,NULL,NULL),
(5,'Gallery',2,NULL,'2023-04-26 23:40:50',NULL,NULL,NULL),
(6,'Ruang Kerja Staff (Sekretaris)',2,NULL,'2023-04-26 23:40:50',NULL,NULL,NULL),
(7,'Ruang Kerja Staff (Desain)',2,NULL,'2023-04-26 23:40:50',NULL,NULL,NULL),
(8,'Ruang Kerja Staff (Pengelola Keuangan)',2,NULL,'2023-04-26 23:40:50',NULL,NULL,NULL),
(9,'Ruang Kerja Staff (KPJT. 1)',2,NULL,'2023-04-26 23:40:50',NULL,NULL,NULL),
(10,'Ruang Kerja Staff (KPJT. 2)',2,NULL,'2023-04-26 23:40:50',NULL,NULL,NULL),
(11,'Ruang Kerja Staff (PPT)',2,NULL,'2023-04-26 23:40:50',NULL,NULL,NULL),
(12,'Ruang Kerja Sub.Kordinator TU dan Staff TU',2,NULL,'2023-04-26 23:40:50',NULL,NULL,NULL),
(13,'Toilet (Pria)',2,NULL,'2023-04-26 23:40:50',NULL,NULL,NULL),
(14,'Toilet (Wanita)',2,NULL,'2023-04-26 23:40:50',NULL,NULL,NULL),
(15,'Pantry',2,NULL,'2023-04-26 23:40:50',NULL,NULL,NULL),
(16,'Lorong Administrasi',2,NULL,'2023-04-26 23:40:50',NULL,NULL,NULL),
(17,'Area Parkir',2,NULL,'2023-04-26 23:40:50',NULL,NULL,NULL),
(18,'Lobby Gedung Laboratorium',3,NULL,'2023-04-26 23:44:02',NULL,NULL,NULL),
(19,'Ruang Rapat',3,NULL,'2023-04-26 23:44:02',NULL,NULL,NULL),
(20,'Ruang Kontrol Rapat',3,NULL,'2023-04-26 23:44:02',NULL,NULL,NULL),
(21,'Ruang Laboratorium',3,NULL,'2023-04-26 23:44:02',NULL,NULL,NULL),
(22,'Ruang Kerja Staff Laboratorium',3,NULL,'2023-04-26 23:44:02',NULL,NULL,NULL),
(23,'Gudang Bahan Kimia',3,NULL,'2023-04-26 23:44:02',NULL,NULL,NULL),
(24,'Toilet VIP',3,NULL,'2023-04-26 23:44:02',NULL,NULL,NULL),
(25,'Toilet (Pria)',3,NULL,'2023-04-26 23:44:02',NULL,NULL,NULL),
(26,'Toilet (Wanita)',3,NULL,'2023-04-26 23:44:02',NULL,NULL,NULL),
(27,'Ruang Tamu',4,NULL,'2023-04-26 23:48:45',NULL,NULL,NULL),
(28,'Ruang CWS 1',4,NULL,'2023-04-26 23:48:45',NULL,NULL,NULL),
(29,'Ruang CWS 2',4,NULL,'2023-04-26 23:48:45',NULL,NULL,NULL),
(30,'Ruang Arsip',4,NULL,'2023-04-26 23:48:45',NULL,NULL,NULL),
(31,'Tempat Ibadah (Mushola)',4,NULL,'2023-04-26 23:48:45',NULL,NULL,NULL),
(32,'Toilet (Pria)',4,NULL,'2023-04-26 23:48:45',NULL,NULL,NULL),
(33,'Toilet (Wanita)',4,NULL,'2023-04-26 23:48:45',NULL,NULL,NULL),
(34,'Ruang Kerja INA TWS',5,NULL,'2023-04-26 23:50:17',NULL,NULL,NULL),
(35,'Ruang Kerja Produksi (Pembakaran)',6,NULL,'2023-04-26 23:56:34',NULL,NULL,NULL),
(36,'Pencetakan',6,NULL,'2023-04-26 23:56:34',NULL,NULL,NULL),
(37,'Pembentukan dan Kriya ukir',6,NULL,'2023-04-26 23:56:34',NULL,NULL,NULL),
(38,'Ruang Kerja Produksi (Kriya lukis)',6,NULL,'2023-04-26 23:56:34',NULL,NULL,NULL),
(39,'Ruang Kontrol Panel Listrik',6,NULL,'2023-04-26 23:56:34',NULL,NULL,NULL),
(40,'Toilet (Pria)',6,NULL,'2023-04-26 23:56:34',NULL,NULL,NULL),
(41,'Toilet (Wanita)',6,NULL,'2023-04-26 23:56:34',NULL,NULL,NULL),
(42,'Gudang Produksi',6,NULL,'2023-04-26 23:56:34',NULL,NULL,NULL),
(43,'Ruang Kerja Produksi (Pengolahan bahan baku)',6,NULL,'2023-04-26 23:56:34',NULL,NULL,NULL),
(44,'Gudang Bahan Baku',6,NULL,'2023-04-26 23:56:34',NULL,NULL,NULL),
(45,'Area Parkir 1 (roda 2)',6,NULL,'2023-04-26 23:56:34',NULL,NULL,NULL),
(46,'Area Parkir 2 (roda 4)',6,NULL,'2023-04-26 23:56:34',NULL,NULL,NULL),
(47,'Area Parkir 3 (roda 4)',6,NULL,'2023-04-26 23:56:34',NULL,NULL,NULL),
(48,'Ruang Training Center',6,NULL,'2023-04-26 23:56:34',NULL,NULL,NULL),
(49,'Lobby Asrama Putri',7,NULL,'2023-04-27 00:01:39',NULL,NULL,NULL),
(50,'Kamar Asrama Putri 1',7,NULL,'2023-04-27 00:01:39',NULL,NULL,NULL),
(51,'Kamar Asrama Putri 2',7,NULL,'2023-04-27 00:01:39',NULL,NULL,NULL),
(52,'Toilet Wanita1',7,NULL,'2023-04-27 00:05:10',NULL,NULL,NULL),
(53,'Toilet  Wanita2',7,NULL,'2023-04-27 00:06:02',NULL,NULL,NULL),
(54,'Lobby Asrama Putra',7,NULL,'2023-04-27 00:01:39',NULL,NULL,NULL),
(55,'Kamar Asrama Putra 1',7,NULL,'2023-04-27 00:01:39',NULL,NULL,NULL),
(56,'Kamar Asrama Putra 2',7,NULL,'2023-04-27 00:01:39',NULL,NULL,NULL),
(57,'Toilet Pria 1',7,NULL,'2023-04-27 00:01:39',NULL,NULL,NULL),
(58,'Toilet Pria 2',7,NULL,'2023-04-27 00:01:39',NULL,NULL,NULL),
(59,'Rumah Dinas Pimpinan',8,NULL,'2023-04-27 00:07:21',NULL,NULL,NULL),
(60,'Halaman 1',8,NULL,'2023-04-27 00:07:21',NULL,NULL,NULL),
(61,'Halaman 2',8,NULL,'2023-04-27 00:07:21',NULL,NULL,NULL),
(62,'Security Functions',9,NULL,'2023-04-27 00:16:20',NULL,NULL,NULL),
(63,'Attendance',10,NULL,'2023-04-27 00:17:57',NULL,NULL,NULL),
(64,'Driving Safety',10,NULL,'2023-04-27 00:17:57',NULL,NULL,NULL),
(65,'Lobby',11,NULL,'2023-04-27 00:21:35',NULL,NULL,NULL),
(66,'R Kasubag',11,NULL,'2023-04-27 00:21:35',NULL,NULL,NULL),
(67,'R Tata Usaha',11,NULL,'2023-04-27 00:21:35',NULL,NULL,NULL),
(68,'R Keuangan',11,NULL,'2023-04-27 00:21:35',NULL,NULL,NULL),
(69,'Pantry',11,NULL,'2023-04-27 00:21:35',NULL,NULL,NULL),
(70,'Toilet Pria & Wanita 1',11,NULL,'2023-04-27 00:21:35',NULL,NULL,NULL),
(71,'Toilet Pria & Wanita 2',11,NULL,'2023-04-27 00:21:35',NULL,NULL,NULL),
(72,'R Kepala',12,NULL,'2023-04-27 00:26:19',NULL,NULL,NULL),
(73,'R Peneliti 1',12,NULL,'2023-04-27 00:26:19',NULL,NULL,NULL),
(74,'R Peneliti 3',12,NULL,'2023-04-27 00:26:19',NULL,NULL,NULL),
(75,'R Peneliti 4',12,NULL,'2023-04-27 00:26:19',NULL,NULL,NULL),
(76,'Pantry',12,NULL,'2023-04-27 00:26:19',NULL,NULL,NULL),
(77,'R Rapat Kecil 1',12,NULL,'2023-04-27 00:26:19',NULL,NULL,NULL),
(78,'R Rapat Kecil  2',12,NULL,'2023-04-27 00:26:19',NULL,NULL,NULL),
(79,'Co Working Space',12,NULL,'2023-04-27 00:26:19',NULL,NULL,NULL),
(80,'Toilet Pria & Wanita 1',12,NULL,'2023-04-27 00:26:19',NULL,NULL,NULL),
(81,'Toilet Pria & Wanita 2',12,NULL,'2023-04-27 00:26:19',NULL,NULL,NULL),
(82,'Ruang perlengkapan',13,NULL,'2023-04-27 00:30:37',NULL,NULL,NULL),
(83,'R Dokumentasi',13,NULL,'2023-04-27 00:30:37',NULL,NULL,NULL),
(84,'R Penggambaran',13,NULL,'2023-04-27 00:30:37',NULL,NULL,NULL),
(85,'Gudang 1',13,NULL,'2023-04-27 00:30:37',NULL,NULL,NULL),
(86,'Gudang 2',13,NULL,'2023-04-27 00:30:37',NULL,NULL,NULL),
(87,'Co Working Space',13,NULL,'2023-04-27 00:30:37',NULL,NULL,NULL),
(88,'Toilet Pria & Wanita 1',13,NULL,'2023-04-27 00:30:37',NULL,NULL,NULL),
(89,'Toilet Pria & Wanita 2',13,NULL,'2023-04-27 00:30:37',NULL,NULL,NULL),
(90,'Ruang Rapat Besar',14,NULL,'2023-04-27 00:32:46',NULL,NULL,NULL),
(91,'Ruang Redaksi',14,NULL,'2023-04-27 00:32:46',NULL,NULL,NULL),
(92,'Ruang Peneliti 1',14,NULL,'2023-04-27 00:32:46',NULL,NULL,NULL),
(93,'Ruang Peneliti 2',14,NULL,'2023-04-27 00:32:46',NULL,NULL,NULL),
(94,'Ruang Peneliti 3',14,NULL,'2023-04-27 00:32:46',NULL,NULL,NULL),
(95,'Toilet Pria & Wanita',14,NULL,'2023-04-27 00:32:46',NULL,NULL,NULL),
(96,'Toilet Pria & Wanita 2',14,NULL,'2023-04-27 00:32:46',NULL,NULL,NULL),
(97,'Ruang Pameran',15,NULL,'2023-04-27 00:34:22',NULL,NULL,NULL),
(98,'Ruang Mess',15,NULL,'2023-04-27 00:34:22',NULL,NULL,NULL),
(99,'Toilet Pria / Wanita',15,NULL,'2023-04-27 00:34:22',NULL,NULL,NULL),
(100,'Ruang Laboratorium',16,NULL,'2023-04-27 00:36:50',NULL,NULL,NULL),
(101,'Toilet Pria & Wanita 1',16,NULL,'2023-04-27 00:36:50',NULL,NULL,NULL),
(102,'Toilet Pria & Wanita 2',16,NULL,'2023-04-27 00:36:50',NULL,NULL,NULL),
(103,'Ruang Perpustakaan',17,NULL,'2023-04-27 00:38:08',NULL,NULL,NULL),
(104,'Toilet Pria & Wanita',17,NULL,'2023-04-27 00:38:08',NULL,NULL,NULL),
(105,'Taman',18,NULL,'2023-04-27 00:38:53',NULL,NULL,NULL),
(106,'Parkir Mobil',18,NULL,'2023-04-27 00:38:53',NULL,NULL,NULL),
(107,'Driving Safety',19,NULL,'2023-04-27 00:41:42',NULL,NULL,NULL),
(108,'Attendance',19,NULL,'2023-04-27 00:41:42',NULL,NULL,NULL),
(109,'Halaman',20,NULL,'2023-04-27 07:50:14',NULL,NULL,NULL),
(110,'Ruang',20,NULL,'2023-04-27 07:50:14',NULL,NULL,NULL),
(111,'Toilet',20,NULL,'2023-04-27 07:51:53',NULL,NULL,NULL),
(112,'Halaman',21,NULL,'2023-04-27 07:52:34',NULL,NULL,NULL),
(113,'Ruang Lantai',21,NULL,'2023-04-27 07:52:34',NULL,NULL,NULL),
(114,'Security Functions',22,NULL,'2023-04-27 08:05:53',NULL,NULL,NULL),
(115,'Halaman',23,NULL,'2023-04-27 08:08:50',NULL,NULL,NULL),
(116,'Kamar 1',23,NULL,'2023-04-27 08:08:50',NULL,NULL,NULL),
(117,'Kamar 2',23,NULL,'2023-04-27 08:08:50',NULL,NULL,NULL),
(118,'Kamar 3',23,NULL,'2023-04-27 08:08:50',NULL,NULL,NULL),
(119,'Kamar 4',23,NULL,'2023-04-27 08:08:50',NULL,NULL,NULL),
(120,'Koridor',23,NULL,'2023-04-27 08:08:50',NULL,NULL,NULL),
(121,'Pantry',23,NULL,'2023-04-27 08:08:50',NULL,NULL,NULL),
(122,'Toilet',23,NULL,'2023-04-27 08:08:50',NULL,NULL,NULL),
(123,'Security Functions',26,NULL,'2023-04-27 08:28:13',NULL,NULL,NULL),
(124,'Halaman',27,NULL,'2023-04-27 08:30:55',NULL,NULL,NULL),
(125,'Kamar 1',27,NULL,'2023-04-27 08:30:55',NULL,NULL,NULL),
(126,'Kamar 2',27,NULL,'2023-04-27 08:30:55',NULL,NULL,NULL),
(127,'Kamar 3',27,NULL,'2023-04-27 08:30:55',NULL,NULL,NULL),
(128,'Kamar 4',27,NULL,'2023-04-27 08:30:55',NULL,NULL,NULL),
(129,'Kamar 5',27,NULL,'2023-04-27 08:30:55',NULL,NULL,NULL),
(130,'Koridor',27,NULL,'2023-04-27 08:30:55',NULL,NULL,NULL),
(131,'Ruang Kantor',27,NULL,'2023-04-27 08:30:55',NULL,NULL,NULL),
(132,'Toilet',27,NULL,'2023-04-27 08:30:55',NULL,NULL,NULL),
(133,'Pantry',27,NULL,'2023-04-27 08:30:55',NULL,NULL,NULL),
(134,'Security Functions',28,NULL,'2023-04-27 08:40:28',NULL,NULL,NULL),
(135,'Halaman',29,NULL,'2023-04-27 08:42:50',NULL,NULL,NULL),
(136,'Kamar 1',29,NULL,'2023-04-27 08:42:50',NULL,NULL,NULL),
(137,'Kamar 2',29,NULL,'2023-04-27 08:42:50',NULL,NULL,NULL),
(138,'Kamar 3',29,NULL,'2023-04-27 08:42:50',NULL,NULL,NULL),
(139,'Kamar 4',29,NULL,'2023-04-27 08:42:50',NULL,NULL,NULL),
(140,'Kamar 5',29,NULL,'2023-04-27 08:42:50',NULL,NULL,NULL),
(141,'Kamar 6',29,NULL,'2023-04-27 08:42:50',NULL,NULL,NULL),
(142,'Kamar 7',29,NULL,'2023-04-27 08:42:50',NULL,NULL,NULL),
(143,'Kamar 8',29,NULL,'2023-04-27 08:42:50',NULL,NULL,NULL),
(144,'Kamar 9',29,NULL,'2023-04-27 08:42:50',NULL,NULL,NULL),
(145,'Koridor',29,NULL,'2023-04-27 08:42:50',NULL,NULL,NULL),
(146,'Toilet',29,NULL,'2023-04-27 08:42:50',NULL,NULL,NULL),
(147,'Pantry',29,NULL,'2023-04-27 08:42:50',NULL,NULL,NULL),
(148,'Halaman',30,NULL,'2023-04-27 08:51:26',NULL,NULL,NULL),
(149,'Ruang',30,NULL,'2023-04-27 08:51:26',NULL,NULL,NULL),
(150,'Toilet',30,NULL,'2023-04-27 08:51:26',NULL,NULL,NULL),
(151,'Halaman',31,NULL,'2023-04-27 08:52:48',NULL,NULL,NULL),
(152,'Ruang Lantai',31,NULL,'2023-04-27 08:52:48',NULL,NULL,NULL),
(153,'Security Functions',32,NULL,'2023-04-27 08:59:54',NULL,NULL,NULL),
(154,'Outdoor',33,NULL,'2023-04-27 09:01:05',NULL,NULL,NULL),
(155,'Tangga',34,NULL,'2023-04-27 09:18:28',NULL,NULL,NULL),
(156,'Ruang Kantor',34,NULL,'2023-04-27 09:18:28',NULL,NULL,NULL),
(157,'Mushola',34,NULL,'2023-04-27 09:18:28',NULL,NULL,NULL),
(158,'Pantry',34,NULL,'2023-04-27 09:18:28',NULL,NULL,NULL),
(159,'Koridor',34,NULL,'2023-04-27 09:18:28',NULL,NULL,NULL),
(160,'Toilet',34,NULL,'2023-04-27 09:18:28',NULL,NULL,NULL),
(161,'Ruang Kantor',35,NULL,'2023-04-27 09:20:59',NULL,NULL,NULL),
(162,'Ruang Meeting',35,NULL,'2023-04-27 09:20:59',NULL,NULL,NULL),
(163,'Koridor',35,NULL,'2023-04-27 09:20:59',NULL,NULL,NULL),
(164,'Security Functions',36,NULL,'2023-04-27 09:47:36',NULL,NULL,NULL),
(165,'Ruang 1',37,NULL,'2023-04-27 09:49:13',NULL,NULL,NULL),
(166,'Ruang 2',37,NULL,'2023-04-27 09:49:13',NULL,NULL,NULL),
(167,'Toilet',37,NULL,'2023-04-27 09:49:13',NULL,NULL,NULL),
(168,'Halaman',38,NULL,'2023-04-27 09:50:57',NULL,NULL,NULL),
(169,'Ruang Kantor',38,NULL,'2023-04-27 09:50:57',NULL,NULL,NULL),
(170,'Halaman',39,NULL,'2023-04-27 09:52:24',NULL,NULL,NULL),
(171,'Ruang Kantor',39,NULL,'2023-04-27 09:52:24',NULL,NULL,NULL),
(172,'Toilet 1',39,NULL,'2023-04-27 09:52:24',NULL,NULL,NULL),
(173,'Toilet 2',39,NULL,'2023-04-27 09:52:24',NULL,NULL,NULL),
(174,'Halaman',40,NULL,'2023-04-27 09:55:37',NULL,NULL,NULL),
(175,'Ruang Kantor',40,NULL,'2023-04-27 09:55:37',NULL,NULL,NULL),
(176,'Koridor',40,NULL,'2023-04-27 09:55:37',NULL,NULL,NULL),
(177,'Pantry',40,NULL,'2023-04-27 09:55:37',NULL,NULL,NULL),
(178,'Halaman',41,NULL,'2023-04-27 10:01:26',NULL,NULL,NULL),
(179,'Ruang Kantor 1',41,NULL,'2023-04-27 10:01:26',NULL,NULL,NULL),
(180,'Ruang Kantor 2',41,NULL,'2023-04-27 10:01:26',NULL,NULL,NULL),
(181,'Ruang Kantor 3',41,NULL,'2023-04-27 10:01:26',NULL,NULL,NULL),
(182,'Ruang Kantor 4',41,NULL,'2023-04-27 10:01:26',NULL,NULL,NULL),
(183,'Koridor',41,NULL,'2023-04-27 10:01:26',NULL,NULL,NULL),
(184,'Ruang Meeting',41,NULL,'2023-04-27 10:01:26',NULL,NULL,NULL),
(185,'Lobby',41,NULL,'2023-04-27 10:01:26',NULL,NULL,NULL),
(186,'Pantry',41,NULL,'2023-04-27 10:01:26',NULL,NULL,NULL),
(187,'Toilet 1',41,NULL,'2023-04-27 10:01:26',NULL,NULL,NULL),
(188,'Toilet 2',41,NULL,'2023-04-27 10:01:26',NULL,NULL,NULL),
(189,'Halaman',42,NULL,'2023-04-27 10:06:17',NULL,NULL,NULL),
(190,'Tempat Wudhu',42,NULL,'2023-04-27 10:06:17',NULL,NULL,NULL),
(191,'Ruang Sembahyang',42,NULL,'2023-04-27 10:06:17',NULL,NULL,NULL),
(192,'Halaman',43,NULL,'2023-04-27 10:10:14',NULL,NULL,NULL),
(193,'Ruang Galery',43,NULL,'2023-04-27 10:10:14',NULL,NULL,NULL),
(194,'Pantry',43,NULL,'2023-04-27 10:10:14',NULL,NULL,NULL),
(195,'Toilet 1',43,NULL,'2023-04-27 10:10:14',NULL,NULL,NULL),
(196,'Toilet 2',43,NULL,'2023-04-27 10:10:14',NULL,NULL,NULL),
(197,'Toilet 3',43,NULL,'2023-04-27 10:10:14',NULL,NULL,NULL),
(198,'Toilet 4',43,NULL,'2023-04-27 10:10:14',NULL,NULL,NULL),
(199,'Toilet 5',43,NULL,'2023-04-27 10:10:14',NULL,NULL,NULL),
(200,'Toilet 6',43,NULL,'2023-04-27 10:10:14',NULL,NULL,NULL),
(201,'Halaman',44,NULL,'2023-04-27 10:12:16',NULL,NULL,NULL),
(202,'Ruang Kantor 1',44,NULL,'2023-04-27 10:12:16',NULL,NULL,NULL),
(203,'Toilet 1',44,NULL,'2023-04-27 10:12:16',NULL,NULL,NULL),
(204,'Halaman',45,NULL,'2023-04-27 10:20:28',NULL,NULL,NULL),
(205,'Ruang Aula',45,NULL,'2023-04-27 10:20:28',NULL,NULL,NULL),
(206,'Ruang Kantor 1',45,NULL,'2023-04-27 10:20:28',NULL,NULL,NULL),
(207,'Ruang Kantor 2',45,NULL,'2023-04-27 10:20:28',NULL,NULL,NULL),
(208,'Ruang Arsip',45,NULL,'2023-04-27 10:20:28',NULL,NULL,NULL),
(209,'Toilet 1',45,NULL,'2023-04-27 10:20:28',NULL,NULL,NULL),
(210,'Toilet 2',45,NULL,'2023-04-27 10:20:28',NULL,NULL,NULL),
(211,'Toilet 3',45,NULL,'2023-04-27 10:20:28',NULL,NULL,NULL),
(212,'Toilet 4',45,NULL,'2023-04-27 10:20:28',NULL,NULL,NULL),
(213,'Halaman',46,NULL,'2023-04-27 10:25:37',NULL,NULL,NULL),
(214,'Area Parkir',46,NULL,'2023-04-27 10:25:37',NULL,NULL,NULL),
(215,'Kamar 1',46,NULL,'2023-04-27 10:25:37',NULL,NULL,NULL),
(216,'Kamar 2',46,NULL,'2023-04-27 10:25:37',NULL,NULL,NULL),
(217,'Kamar 3',46,NULL,'2023-04-27 10:25:37',NULL,NULL,NULL),
(218,'Kamar 4',46,NULL,'2023-04-27 10:25:37',NULL,NULL,NULL),
(219,'Kamar 5',46,NULL,'2023-04-27 10:25:37',NULL,NULL,NULL),
(220,'Kamar 6',46,NULL,'2023-04-27 10:25:37',NULL,NULL,NULL),
(221,'Kamar 7',46,NULL,'2023-04-27 10:25:37',NULL,NULL,NULL),
(222,'Kamar 8',46,NULL,'2023-04-27 10:25:37',NULL,NULL,NULL),
(223,'Ruang Meeting',46,NULL,'2023-04-27 10:25:37',NULL,NULL,NULL),
(224,'Koridor',46,NULL,'2023-04-27 10:25:37',NULL,NULL,NULL),
(225,'Lobby',46,NULL,'2023-04-27 10:25:37',NULL,NULL,NULL),
(226,'Toilet 1',46,NULL,'2023-04-27 10:25:37',NULL,NULL,NULL),
(227,'Pantry',46,NULL,'2023-04-27 10:25:37',NULL,NULL,NULL),
(228,'Security Functions',47,NULL,'2023-04-27 10:46:44',NULL,NULL,NULL),
(229,'Taman Depan',48,NULL,'2023-04-27 10:47:25',NULL,NULL,NULL),
(230,'Ruang Mesin',49,NULL,'2023-04-27 10:48:38',NULL,NULL,NULL),
(231,'Ruang Penyimpanan',50,NULL,'2023-04-27 10:49:17',NULL,NULL,NULL),
(232,'Ruang Tamu',51,NULL,'2023-04-27 10:54:23',NULL,NULL,NULL),
(233,'Kamar Tidur 6 Ruang',51,NULL,'2023-04-27 11:00:33',NULL,NULL,NULL),
(234,'Toilet Pria / Wanita',51,NULL,'2023-04-27 11:00:33',NULL,NULL,NULL),
(235,'Ruang Kerja',52,NULL,'2023-04-27 11:02:45',NULL,NULL,NULL),
(236,'Ruang Server',52,NULL,'2023-04-27 11:02:45',NULL,NULL,NULL),
(237,'Ruang Peneliti dan Ruang Laboratorium',53,NULL,'2023-04-27 11:03:08',NULL,NULL,NULL),
(238,'Ruang Makan',54,NULL,'2023-04-27 11:04:47',NULL,NULL,NULL),
(239,'Dapur',54,NULL,'2023-04-27 11:04:47',NULL,NULL,NULL),
(240,'Toilet Pria/ Wanita',54,NULL,'2023-04-27 11:04:47',NULL,NULL,NULL),
(241,'Ruang Rapat',55,NULL,'2023-04-27 11:05:24',NULL,NULL,NULL),
(242,'Toilet Pria/ Wanita',55,NULL,'2023-04-27 11:05:24',NULL,NULL,NULL),
(243,'Driving Safety',56,NULL,'2023-04-27 11:14:41',NULL,NULL,NULL),
(244,'Attendance',56,NULL,'2023-04-27 11:14:41',NULL,NULL,NULL),
(245,'Security Functions',57,NULL,'2023-04-27 11:39:40',NULL,NULL,NULL),
(246,'Driving Safety',58,NULL,'2023-04-27 11:41:02',NULL,NULL,NULL),
(247,'Attendance',58,NULL,'2023-04-27 11:41:02',NULL,NULL,NULL),
(248,'Pintu Barat & Timur',59,NULL,'2023-04-27 11:45:58',NULL,NULL,NULL),
(249,'Mushola',59,NULL,'2023-04-27 11:45:58',NULL,NULL,NULL),
(250,'Pantry',59,NULL,'2023-04-27 11:45:58',NULL,NULL,NULL),
(251,'Ruang Rapat',59,NULL,'2023-04-27 11:45:58',NULL,NULL,NULL),
(252,'Ruang Penelitian',59,NULL,'2023-04-27 11:45:58',NULL,NULL,NULL),
(253,'Ruang Kepegawaian',59,NULL,'2023-04-27 11:45:58',NULL,NULL,NULL),
(254,'Ruang Kerja',59,NULL,'2023-04-27 11:45:58',NULL,NULL,NULL),
(255,'Mess',59,NULL,'2023-04-27 11:45:58',NULL,NULL,NULL),
(256,'Koridor',59,NULL,'2023-04-27 11:45:58',NULL,NULL,NULL),
(257,'Toilet Pria / Wanita',59,NULL,'2023-04-27 11:45:58',NULL,NULL,NULL),
(258,'Tangga Exit Barat',60,NULL,'2023-04-27 11:50:23',NULL,NULL,NULL),
(259,'& Timur',60,NULL,'2023-04-27 11:50:23',NULL,NULL,NULL),
(260,'Ruang Tamu',60,NULL,'2023-04-27 11:50:23',NULL,NULL,NULL),
(261,'Pantry',60,NULL,'2023-04-27 11:50:23',NULL,NULL,NULL),
(262,'Ruang Rapat',60,NULL,'2023-04-27 11:50:23',NULL,NULL,NULL),
(263,'Ruang Kerja',60,NULL,'2023-04-27 11:50:23',NULL,NULL,NULL),
(264,'Ruang Perpustakaan',60,NULL,'2023-04-27 11:50:23',NULL,NULL,NULL),
(265,'Ruang Pimpinan',60,NULL,'2023-04-27 11:50:23',NULL,NULL,NULL),
(266,'Koridor',60,NULL,'2023-04-27 11:50:23',NULL,NULL,NULL),
(267,'Toilet Pria / Wanita',60,NULL,'2023-04-27 11:50:23',NULL,NULL,NULL),
(268,'Taman',61,NULL,'2023-04-27 11:52:34',NULL,NULL,NULL),
(269,'Parkir Motor',61,NULL,'2023-04-27 11:52:34',NULL,NULL,NULL),
(270,'Parkir Mobil',61,NULL,'2023-04-27 11:52:34',NULL,NULL,NULL),
(271,'Smoking Area',61,NULL,'2023-04-27 11:52:34',NULL,NULL,NULL),
(272,'Pos Satpam',61,NULL,'2023-04-27 11:52:34',NULL,NULL,NULL),
(273,'[Halaman depan samping dan belakang',61,NULL,'2023-04-27 11:52:34',NULL,NULL,NULL),
(274,'TPS',61,NULL,'2023-04-27 11:52:34',NULL,NULL,NULL),
(275,'Security Functions',62,NULL,'2023-04-27 11:55:54',NULL,NULL,NULL),
(276,'Ruang Pameran',63,NULL,'2023-04-27 11:57:28',NULL,NULL,NULL),
(277,'Gedung Artefak',63,NULL,'2023-04-27 11:57:28',NULL,NULL,NULL),
(278,'Gedung Serbaguna',63,NULL,'2023-04-27 11:57:28',NULL,NULL,NULL),
(279,'Toilet',63,NULL,'2023-04-27 11:57:28',NULL,NULL,NULL),
(280,'Taman',64,NULL,'2023-04-27 11:58:28',NULL,NULL,NULL),
(281,'Halaman Utama Depan',64,NULL,'2023-04-27 11:58:28',NULL,NULL,NULL),
(282,'Halaman samping dan belakang',64,NULL,'2023-04-27 11:58:28',NULL,NULL,NULL),
(283,'TPS',64,NULL,'2023-04-27 11:58:28',NULL,NULL,NULL),
(284,'Security Functions',65,NULL,'2023-04-27 13:32:34',NULL,NULL,NULL),
(285,'Driving Safety',66,NULL,'2023-04-27 13:34:29',NULL,NULL,NULL),
(286,'Attendance',66,NULL,'2023-04-27 13:34:29',NULL,NULL,NULL),
(287,'Pintu Masuk',67,NULL,'2023-04-27 13:38:06',NULL,NULL,NULL),
(288,'Ruang Kontrol',67,NULL,'2023-04-27 13:38:06',NULL,NULL,NULL),
(289,'Pantry',67,NULL,'2023-04-27 13:38:06',NULL,NULL,NULL),
(290,'Ruang Admin',67,NULL,'2023-04-27 13:38:06',NULL,NULL,NULL),
(291,'Ruang Batre',67,NULL,'2023-04-27 13:38:06',NULL,NULL,NULL),
(292,'Ruang Tamu',67,NULL,'2023-04-27 13:38:06',NULL,NULL,NULL),
(293,'Kanopi Outdoor',67,NULL,'2023-04-27 13:38:06',NULL,NULL,NULL),
(294,'Koridor',67,NULL,'2023-04-27 13:38:06',NULL,NULL,NULL),
(295,'Toilet Pria / Wanita',67,NULL,'2023-04-27 13:38:06',NULL,NULL,NULL),
(296,'Multimedia',68,NULL,'2023-04-27 13:40:43',NULL,NULL,NULL),
(297,'Mess',68,NULL,'2023-04-27 13:40:43',NULL,NULL,NULL),
(298,'Desalinasi',68,NULL,'2023-04-27 13:40:43',NULL,NULL,NULL),
(299,'Genset',68,NULL,'2023-04-27 13:40:43',NULL,NULL,NULL),
(300,'Biofuel',68,NULL,'2023-04-27 13:40:43',NULL,NULL,NULL),
(301,'Komposit',68,NULL,'2023-04-27 13:40:43',NULL,NULL,NULL),
(302,'Toilet Wisata Depan',68,NULL,'2023-04-27 13:40:43',NULL,NULL,NULL),
(303,'Toilet Wisata Belakang',68,NULL,'2023-04-27 13:40:43',NULL,NULL,NULL),
(304,'Musholla',68,NULL,'2023-04-27 13:40:43',NULL,NULL,NULL),
(305,'Pos Satpam',68,NULL,'2023-04-27 13:40:43',NULL,NULL,NULL),
(306,'Gazebo',68,NULL,'2023-04-27 13:40:43',NULL,NULL,NULL),
(307,'Taman',69,NULL,'2023-04-27 13:45:32',NULL,NULL,NULL),
(308,'Parkir Utama',69,NULL,'2023-04-27 13:45:32',NULL,NULL,NULL),
(309,'Ampititer',69,NULL,'2023-04-27 13:45:32',NULL,NULL,NULL),
(310,'Area Jam Matahari',69,NULL,'2023-04-27 13:45:32',NULL,NULL,NULL),
(311,'Kincir/PLTB 5 KWH',69,NULL,'2023-04-27 13:45:32',NULL,NULL,NULL),
(312,'Ice Maker',69,NULL,'2023-04-27 13:45:32',NULL,NULL,NULL),
(313,'Technocamp',69,NULL,'2023-04-27 13:45:32',NULL,NULL,NULL),
(314,'TPS',69,NULL,'2023-04-27 13:45:32',NULL,NULL,NULL),
(315,'Security Functions',70,NULL,'2023-04-27 14:24:23',NULL,NULL,NULL),
(316,'Pantry',71,NULL,'2023-04-27 14:42:37',NULL,NULL,NULL),
(317,'Kamar Depan',71,NULL,'2023-04-27 14:42:37',NULL,NULL,NULL),
(318,'Kamar Belakang',71,NULL,'2023-04-27 14:42:37',NULL,NULL,NULL),
(319,'Ruang Tamu',71,NULL,'2023-04-27 14:42:37',NULL,NULL,NULL),
(320,'Toilet Pria / Wanita',71,NULL,'2023-04-27 14:42:37',NULL,NULL,NULL),
(321,'Taman',72,NULL,'2023-04-27 15:37:55',NULL,NULL,NULL),
(322,'Halaman Utama Depan',72,NULL,'2023-04-27 15:37:55',NULL,NULL,NULL),
(323,'Halaman Samping Dan Belakang',72,NULL,'2023-04-27 15:37:55',NULL,NULL,NULL),
(324,'Tps',72,NULL,'2023-04-27 15:37:55',NULL,NULL,NULL),
(325,'Koridor',73,NULL,'2023-04-27 15:51:37',NULL,NULL,NULL),
(326,'Ruang Rapat/Pendopo',73,NULL,'2023-04-27 15:51:37',NULL,NULL,NULL),
(327,'Gudang',73,NULL,'2023-04-27 15:51:37',NULL,NULL,NULL),
(328,'Ruang Genset',73,NULL,'2023-04-27 15:51:37',NULL,NULL,NULL),
(329,'Ruang Alat Meteorologi',73,NULL,'2023-04-27 15:51:37',NULL,NULL,NULL),
(330,'Ruang Kerja',73,NULL,'2023-04-27 15:51:37',NULL,NULL,NULL),
(331,'Pantry',73,NULL,'2023-04-27 15:51:37',NULL,NULL,NULL),
(332,'Musholla',73,NULL,'2023-04-27 15:51:37',NULL,NULL,NULL),
(333,'Toilet Pria / Wanita',73,NULL,'2023-04-27 15:51:37',NULL,NULL,NULL),
(334,'Taman',74,NULL,'2023-04-27 15:56:31',NULL,NULL,NULL),
(335,'Pos Satpam',74,NULL,'2023-04-27 15:56:31',NULL,NULL,NULL),
(336,'Halaman Utama Depan',74,NULL,'2023-04-27 15:56:31',NULL,NULL,NULL),
(337,'Halaman Samping Dan Belakang',74,NULL,'2023-04-27 15:56:31',NULL,NULL,NULL),
(338,'Tps',74,NULL,'2023-04-27 15:56:31',NULL,NULL,NULL),
(339,'Security Functions',75,NULL,'2023-04-27 16:08:43',NULL,NULL,NULL),
(340,'Driving Safety (EX BATAN SLEMAN - POLTEK)',76,NULL,'2023-04-27 16:10:09',NULL,NULL,NULL),
(341,'Attendance (EX BATAN SLEMAN - POLTEK)',76,NULL,'2023-04-27 16:10:09',NULL,NULL,NULL),
(342,'Ruang Tamu',77,NULL,'2023-04-27 16:14:20',NULL,NULL,NULL),
(343,'Pantry',77,NULL,'2023-04-27 16:14:20',NULL,NULL,NULL),
(344,'Kamar Depan',77,NULL,'2023-04-27 16:14:20',NULL,NULL,NULL),
(345,'Kamar Belakang',77,NULL,'2023-04-27 16:14:20',NULL,NULL,NULL),
(346,'Toilet Belakang',77,NULL,'2023-04-27 16:14:20',NULL,NULL,NULL),
(347,'Toilet Pria / Wanita',77,NULL,'2023-04-27 16:14:20',NULL,NULL,NULL),
(348,'Taman',78,NULL,'2023-04-27 16:15:29',NULL,NULL,NULL),
(349,'Halaman Utama Depan',78,NULL,'2023-04-27 16:15:29',NULL,NULL,NULL),
(350,'Halaman samping dan belakang',78,NULL,'2023-04-27 16:15:29',NULL,NULL,NULL),
(351,'TPS',78,NULL,'2023-04-27 16:15:29',NULL,NULL,NULL),
(352,'Security Functions',79,NULL,'2023-04-27 16:24:25',NULL,NULL,NULL),
(353,'Driving Safety',80,NULL,'2023-04-27 16:27:26',NULL,NULL,NULL),
(354,'Attendance',80,NULL,'2023-04-27 16:27:26',NULL,NULL,NULL),
(355,'Gudang',81,NULL,'2023-04-27 16:30:16',NULL,NULL,NULL),
(356,'Ruang CWS III',81,NULL,'2023-04-27 16:30:16',NULL,NULL,NULL),
(357,'R Diskusi',81,NULL,'2023-04-27 16:30:16',NULL,NULL,NULL),
(358,'Ruang Rapat Borobudur',81,NULL,'2023-04-27 16:30:16',NULL,NULL,NULL),
(359,'Ruang CWS I',81,NULL,'2023-04-27 16:30:16',NULL,NULL,NULL),
(360,'Ruang CWS II',81,NULL,'2023-04-27 16:30:16',NULL,NULL,NULL),
(361,'Koridor & Pintu Masuk',81,NULL,'2023-04-27 16:30:16',NULL,NULL,NULL),
(362,'Ruang Aula',81,NULL,'2023-04-27 16:30:16',NULL,NULL,NULL),
(363,'Musholla',81,NULL,'2023-04-27 16:30:16',NULL,NULL,NULL),
(364,'Pantry',81,NULL,'2023-04-27 16:30:16',NULL,NULL,NULL),
(365,'Toilet Pria / Wanita',81,NULL,'2023-04-27 16:30:16',NULL,NULL,NULL),
(366,'Taman',82,NULL,'2023-04-27 16:33:41',NULL,NULL,NULL),
(367,'Parkir Motor',82,NULL,'2023-04-27 16:33:41',NULL,NULL,NULL),
(368,'Parkir Mobil',82,NULL,'2023-04-27 16:33:41',NULL,NULL,NULL),
(369,'Smoking Area',82,NULL,'2023-04-27 16:33:41',NULL,NULL,NULL),
(370,'Pos Satpam',82,NULL,'2023-04-27 16:33:41',NULL,NULL,NULL),
(371,'Halaman depan samping dan belakang',82,NULL,'2023-04-27 16:33:41',NULL,NULL,NULL),
(372,'TPS',82,NULL,'2023-04-27 16:33:41',NULL,NULL,NULL),
(373,'Security Functions',83,NULL,'2023-04-27 16:53:29',NULL,NULL,NULL),
(374,'Driving Safety',84,NULL,'2023-04-27 16:54:04',NULL,NULL,NULL),
(375,'Attendance',84,NULL,'2023-04-27 16:54:04',NULL,NULL,NULL),
(376,'Koridor',85,NULL,'2023-04-27 16:55:18',NULL,NULL,NULL),
(377,'Kamar Tidur',85,NULL,'2023-04-27 16:55:18',NULL,NULL,NULL),
(378,'Ruang Rapat',85,NULL,'2023-04-27 16:55:18',NULL,NULL,NULL),
(379,'Gudang',85,NULL,'2023-04-27 16:55:18',NULL,NULL,NULL),
(380,'Toilet Pria / Wanita',85,NULL,'2023-04-27 16:55:18',NULL,NULL,NULL),
(381,'Ruang Lab',86,NULL,'2023-04-27 16:57:09',NULL,NULL,NULL),
(382,'Ruang Kerja',86,NULL,'2023-04-27 16:57:09',NULL,NULL,NULL),
(383,'Ruang Pendingin',86,NULL,'2023-04-27 16:57:09',NULL,NULL,NULL),
(384,'Pantry',86,NULL,'2023-04-27 16:57:09',NULL,NULL,NULL),
(385,'Koridor',86,NULL,'2023-04-27 16:57:09',NULL,NULL,NULL),
(386,'Toilet Pria / Wanita',86,NULL,'2023-04-27 16:57:09',NULL,NULL,NULL),
(387,'Lab Anopheles',87,NULL,'2023-04-27 16:58:57',NULL,NULL,NULL),
(388,'Lab Cullicinae',87,NULL,'2023-04-27 16:58:57',NULL,NULL,NULL),
(389,'Gudang Alat dan Bahan 1',87,NULL,'2023-04-27 16:58:57',NULL,NULL,NULL),
(390,'Gudang alat dan Bahan 2',87,NULL,'2023-04-27 16:58:57',NULL,NULL,NULL),
(391,'Koridor',87,NULL,'2023-04-27 16:58:57',NULL,NULL,NULL),
(392,'Ruang Kerja',88,NULL,'2023-04-27 16:59:46',NULL,NULL,NULL),
(393,'Koridor',88,NULL,'2023-04-27 16:59:46',NULL,NULL,NULL),
(394,'Toilet Pria / Wanita',88,NULL,'2023-04-27 16:59:46',NULL,NULL,NULL),
(395,'Taman',89,NULL,'2023-04-27 17:00:55',NULL,NULL,NULL),
(396,'Halaman Parkir',89,NULL,'2023-04-27 17:00:55',NULL,NULL,NULL),
(397,'Halaman depan samping dan belakang',89,NULL,'2023-04-27 17:00:55',NULL,NULL,NULL),
(398,'TPS',89,NULL,'2023-04-27 17:00:55',NULL,NULL,NULL),
(399,'Security Functions',90,NULL,'2023-04-27 17:08:14',NULL,NULL,NULL),
(400,'Driving Safety',91,NULL,'2023-04-27 17:08:47',NULL,NULL,NULL),
(401,'Attendance',91,NULL,'2023-04-27 17:08:47',NULL,NULL,NULL),
(402,'Gudang',92,NULL,'2023-04-27 17:10:34',NULL,NULL,NULL),
(403,'Ruang Benih',92,NULL,'2023-04-27 17:10:34',NULL,NULL,NULL),
(404,'Lab Galenika',92,NULL,'2023-04-27 17:10:34',NULL,NULL,NULL),
(405,'Lab Fitokimia',92,NULL,'2023-04-27 17:10:34',NULL,NULL,NULL),
(406,'Lab hama',92,NULL,'2023-04-27 17:10:34',NULL,NULL,NULL),
(407,'Lab Budidaya',92,NULL,'2023-04-27 17:10:34',NULL,NULL,NULL),
(408,'Lab Benih',92,NULL,'2023-04-27 17:10:34',NULL,NULL,NULL),
(409,'Koridor',92,NULL,'2023-04-27 17:10:34',NULL,NULL,NULL),
(410,'Toilet Pria / Wanita',92,NULL,'2023-04-27 17:10:34',NULL,NULL,NULL),
(411,'Lab Instrumen',93,NULL,'2023-04-27 17:12:37',NULL,NULL,NULL),
(412,'Lab Formulasi',93,NULL,'2023-04-27 17:12:37',NULL,NULL,NULL),
(413,'Gudang Kimia',93,NULL,'2023-04-27 17:12:37',NULL,NULL,NULL),
(414,'Ruang Kerja',93,NULL,'2023-04-27 17:12:37',NULL,NULL,NULL),
(415,'Koridor',93,NULL,'2023-04-27 17:12:37',NULL,NULL,NULL),
(416,'Toilet Pria / Wanita',93,NULL,'2023-04-27 17:12:37',NULL,NULL,NULL),
(417,'Ruang Kerja',94,NULL,'2023-04-27 17:15:01',NULL,NULL,NULL),
(418,'Lab Biomol',94,NULL,'2023-04-27 17:15:01',NULL,NULL,NULL),
(419,'Lab Mikro',94,NULL,'2023-04-27 17:15:01',NULL,NULL,NULL),
(420,'Lab Kultur Jaringan',94,NULL,'2023-04-27 17:15:01',NULL,NULL,NULL),
(421,'Gudang',94,NULL,'2023-04-27 17:15:01',NULL,NULL,NULL),
(422,'Ruang Rapat',94,NULL,'2023-04-27 17:15:01',NULL,NULL,NULL),
(423,'Koridor',94,NULL,'2023-04-27 17:15:01',NULL,NULL,NULL),
(424,'Toilet Pria / Wanita',94,NULL,'2023-04-27 17:15:02',NULL,NULL,NULL),
(425,'Ruang Rapat',95,NULL,'2023-04-27 17:16:32',NULL,NULL,NULL),
(426,'Musholla',95,NULL,'2023-04-27 17:16:32',NULL,NULL,NULL),
(427,'Pantry',95,NULL,'2023-04-27 17:16:32',NULL,NULL,NULL),
(428,'Gudang',95,NULL,'2023-04-27 17:16:32',NULL,NULL,NULL),
(429,'Koridor',95,NULL,'2023-04-27 17:16:32',NULL,NULL,NULL),
(430,'Toilet Pria / Wanita',95,NULL,'2023-04-27 17:16:32',NULL,NULL,NULL),
(431,'Ruang Pegawai',96,NULL,'2023-04-27 17:17:58',NULL,NULL,NULL),
(432,'Cinema',96,NULL,'2023-04-27 17:17:58',NULL,NULL,NULL),
(433,'Ruang Arsip',96,NULL,'2023-04-27 17:17:58',NULL,NULL,NULL),
(434,'Koridor',96,NULL,'2023-04-27 17:17:58',NULL,NULL,NULL),
(435,'Toilet Pria / Wanita',96,NULL,'2023-04-27 17:17:58',NULL,NULL,NULL),
(436,'Taman',97,NULL,'2023-04-27 17:19:41',NULL,NULL,NULL),
(437,'Halaman Parkir',97,NULL,'2023-04-27 17:19:41',NULL,NULL,NULL),
(438,'IPAL',97,NULL,'2023-04-27 17:19:41',NULL,NULL,NULL),
(439,'Ruang Genset',97,NULL,'2023-04-27 17:19:41',NULL,NULL,NULL),
(440,'Pos Satpam',97,NULL,'2023-04-27 17:19:41',NULL,NULL,NULL),
(441,'Rumah Kaca Barat',97,NULL,'2023-04-27 17:19:41',NULL,NULL,NULL),
(442,'Rumah Kaca Timur',97,NULL,'2023-04-27 17:19:41',NULL,NULL,NULL),
(443,'Halaman depan samping dan belakang',97,NULL,'2023-04-27 17:19:41',NULL,NULL,NULL),
(444,'TPS',97,NULL,'2023-04-27 17:19:41',NULL,NULL,NULL),
(445,'Security Functions',98,NULL,'2023-04-27 21:52:25',NULL,NULL,NULL),
(446,'Ruangan',99,NULL,'2023-04-27 21:53:28',NULL,NULL,NULL),
(447,'Toilet',99,NULL,'2023-04-27 21:53:28',NULL,NULL,NULL),
(448,'Halaman',99,NULL,'2023-04-27 21:53:28',NULL,NULL,NULL),
(449,'Ruang Tamu',100,NULL,'2023-04-27 21:55:10',NULL,NULL,NULL),
(450,'Ruang Penyimpanan Artefak',100,NULL,'2023-04-27 21:55:10',NULL,NULL,NULL),
(451,'Ruang Kerja',100,NULL,'2023-04-27 21:55:10',NULL,NULL,NULL),
(452,'Toilet',100,NULL,'2023-04-27 21:55:10',NULL,NULL,NULL),
(453,'Halaman',100,NULL,'2023-04-27 21:55:10',NULL,NULL,NULL),
(454,'Security Functions',101,NULL,'2023-04-27 22:13:34',NULL,NULL,NULL),
(455,'Driving Safety',102,NULL,'2023-04-27 22:16:16',NULL,NULL,NULL),
(456,'Attendance',102,NULL,'2023-04-27 22:16:16',NULL,NULL,NULL),
(457,'Pos Security 1',103,NULL,'2023-04-27 22:21:03',NULL,NULL,NULL),
(458,'Pos Security 2',103,NULL,'2023-04-27 22:21:03',NULL,NULL,NULL),
(459,'Pos Security 3',103,NULL,'2023-04-27 22:21:03',NULL,NULL,NULL),
(460,'Pos Security 4',103,NULL,'2023-04-27 22:21:03',NULL,NULL,NULL),
(461,'Pos Security 5',103,NULL,'2023-04-27 22:21:03',NULL,NULL,NULL),
(462,'Ruangan',104,NULL,'2023-04-27 22:24:27',NULL,NULL,NULL),
(463,'Toilet',104,NULL,'2023-04-27 22:24:27',NULL,NULL,NULL),
(464,'Halaman',104,NULL,'2023-04-27 22:24:27',NULL,NULL,NULL),
(465,'Ruangan',105,NULL,'2023-04-27 22:25:57',NULL,NULL,NULL),
(466,'Toilet',105,NULL,'2023-04-27 22:25:57',NULL,NULL,NULL),
(467,'Halaman',105,NULL,'2023-04-27 22:26:42',NULL,NULL,NULL),
(468,'Ruangan',106,NULL,'2023-04-27 22:28:13',NULL,NULL,NULL),
(469,'Toilet',106,NULL,'2023-04-27 22:28:13',NULL,NULL,NULL),
(470,'Halaman',106,NULL,'2023-04-27 22:28:13',NULL,NULL,NULL),
(471,'Security Functions',107,NULL,'2023-04-27 22:36:25',NULL,NULL,NULL),
(472,'Attendance',108,NULL,'2023-04-27 22:37:04',NULL,NULL,NULL),
(473,'Driving Safety',108,NULL,'2023-04-27 22:37:04',NULL,NULL,NULL),
(474,'Ruangan',109,NULL,'2023-04-27 22:38:30',NULL,NULL,NULL),
(475,'Toilet',109,NULL,'2023-04-27 22:38:30',NULL,NULL,NULL),
(476,'Ruangan',110,NULL,'2023-04-27 22:40:06',NULL,NULL,NULL),
(477,'Toilet',110,NULL,'2023-04-27 22:40:06',NULL,NULL,NULL),
(478,'Mess',110,NULL,'2023-04-27 22:40:06',NULL,NULL,NULL),
(479,'Halaman',110,NULL,'2023-04-27 22:40:06',NULL,NULL,NULL),
(480,'Workshop 1',111,NULL,'2023-04-27 22:45:58',NULL,NULL,NULL),
(481,'Toilet',111,NULL,'2023-04-27 22:45:58',NULL,NULL,NULL),
(482,'Workshop 2',111,NULL,'2023-04-27 22:45:58',NULL,NULL,NULL),
(483,'Halaman',111,NULL,'2023-04-27 22:45:58',NULL,NULL,NULL),
(484,'Ruang Layanan Umum Halaman',112,NULL,'2023-04-27 22:54:11',NULL,NULL,NULL),
(485,'Ruang Arsip 1',112,NULL,'2023-04-27 22:54:11',NULL,NULL,NULL),
(486,'Ruang Arsip 2',112,NULL,'2023-04-27 22:54:11',NULL,NULL,NULL),
(487,'Ruang Arsip 3',112,NULL,'2023-04-27 22:54:11',NULL,NULL,NULL),
(488,'Ruang Arsip 4',112,NULL,'2023-04-27 22:54:11',NULL,NULL,NULL),
(489,'Ruang Arsip 5',112,NULL,'2023-04-27 22:54:11',NULL,NULL,NULL),
(490,'Ruang Arsip Toilet',112,NULL,'2023-04-27 22:54:11',NULL,NULL,NULL),
(491,'Ruang Arsip Halaman',112,NULL,'2023-04-27 22:54:11',NULL,NULL,NULL),
(492,'Ruang CS 1',112,NULL,'2023-04-27 22:54:11',NULL,NULL,NULL),
(493,'Ruang CS 2',112,NULL,'2023-04-27 22:54:11',NULL,NULL,NULL),
(494,'Ruang CS 3',112,NULL,'2023-04-27 22:54:11',NULL,NULL,NULL),
(495,'Ruang CS 4',112,NULL,'2023-04-27 22:54:11',NULL,NULL,NULL),
(496,'Ruang CS 5',112,NULL,'2023-04-27 22:54:11',NULL,NULL,NULL),
(497,'Ruang CS Toilet',112,NULL,'2023-04-27 22:54:11',NULL,NULL,NULL),
(498,'Ruang CS Halaman',112,NULL,'2023-04-27 22:54:11',NULL,NULL,NULL),
(499,'Ruangan',113,NULL,'2023-04-27 22:55:26',NULL,NULL,NULL),
(500,'Toilet',113,NULL,'2023-04-27 22:55:26',NULL,NULL,NULL),
(501,'Halaman',113,NULL,'2023-04-27 22:55:26',NULL,NULL,NULL),
(502,'Ruangan',114,NULL,'2023-04-27 22:59:02',NULL,NULL,NULL),
(503,'Toilet',114,NULL,'2023-04-27 22:59:02',NULL,NULL,NULL),
(504,'Halaman',114,NULL,'2023-04-27 22:59:02',NULL,NULL,NULL),
(505,'Ruangan',115,NULL,'2023-04-27 23:01:28',NULL,NULL,NULL),
(506,'Toilet',115,NULL,'2023-04-27 23:01:28',NULL,NULL,NULL),
(507,'Halaman',115,NULL,'2023-04-27 23:01:28',NULL,NULL,NULL),
(508,'Ruangan',117,NULL,'2023-04-27 23:03:51',NULL,NULL,NULL),
(509,'Toilet',117,NULL,'2023-04-27 23:03:51',NULL,NULL,NULL),
(510,'Halaman',117,NULL,'2023-04-27 23:03:51',NULL,NULL,NULL),
(511,'Ruangan',118,NULL,'2023-04-27 23:05:01',NULL,NULL,NULL),
(512,'Toilet',118,NULL,'2023-04-27 23:05:01',NULL,NULL,NULL),
(513,'Halaman',118,NULL,'2023-04-27 23:05:01',NULL,NULL,NULL),
(514,'Ruangan',119,NULL,'2023-04-27 23:06:10',NULL,NULL,NULL),
(515,'Toilet',119,NULL,'2023-04-27 23:06:10',NULL,NULL,NULL),
(516,'Halaman',119,NULL,'2023-04-27 23:06:10',NULL,NULL,NULL),
(517,'Security Functions',120,NULL,'2023-04-28 09:18:53',NULL,NULL,NULL),
(518,'Driving Safety',121,NULL,'2023-04-28 09:19:45',NULL,NULL,NULL),
(519,'Attendance',121,NULL,'2023-04-28 09:19:45',NULL,NULL,NULL),
(520,'Garasi Kendaraan R4 & R2',122,NULL,'2023-04-28 09:23:35',NULL,NULL,NULL),
(521,'Teras Depan & Belakang',122,NULL,'2023-04-28 09:23:35',NULL,NULL,NULL),
(522,'Ruang Tamu Utama',122,NULL,'2023-04-28 09:23:35',NULL,NULL,NULL),
(523,'Kamar 1.2.3&4',122,NULL,'2023-04-28 09:23:35',NULL,NULL,NULL),
(524,'Dapur',122,NULL,'2023-04-28 09:23:35',NULL,NULL,NULL),
(525,'Toilet Pria / Wanita',122,NULL,'2023-04-28 09:23:35',NULL,NULL,NULL),
(526,'Lobby Utama',123,NULL,'2023-04-28 09:29:49',NULL,NULL,NULL),
(527,'Koridor',123,NULL,'2023-04-28 09:29:49',NULL,NULL,NULL),
(528,'Meeting Room',123,NULL,'2023-04-28 09:29:49',NULL,NULL,NULL),
(529,'R. Staff TU',123,NULL,'2023-04-28 09:29:49',NULL,NULL,NULL),
(530,'R. Kasubag TU',123,NULL,'2023-04-28 09:29:49',NULL,NULL,NULL),
(531,'R. Arsib',123,NULL,'2023-04-28 09:29:49',NULL,NULL,NULL),
(532,'R. Arsib Keuangan',123,NULL,'2023-04-28 09:29:49',NULL,NULL,NULL),
(533,'R. Bendahara',123,NULL,'2023-04-28 09:29:49',NULL,NULL,NULL),
(534,'R. Laktasi & Daicare',123,NULL,'2023-04-28 09:29:49',NULL,NULL,NULL),
(535,'R. Artifak',123,NULL,'2023-04-28 09:29:49',NULL,NULL,NULL),
(536,'R. Lap / Analis',123,NULL,'2023-04-28 09:29:49',NULL,NULL,NULL),
(537,'Mushollah',123,NULL,'2023-04-28 09:29:49',NULL,NULL,NULL),
(538,'Pantry',123,NULL,'2023-04-28 09:29:49',NULL,NULL,NULL),
(539,'Toilet Pria / Wanita & Disabilitas',123,NULL,'2023-04-28 09:29:49',NULL,NULL,NULL),
(540,'Koridor',124,NULL,'2023-04-28 09:31:32',NULL,NULL,NULL),
(541,'Meeting Room',124,NULL,'2023-04-28 09:31:32',NULL,NULL,NULL),
(542,'R. Kepala',124,NULL,'2023-04-28 09:31:32',NULL,NULL,NULL),
(543,'R. 1-5',124,NULL,'2023-04-28 09:31:32',NULL,NULL,NULL),
(544,'Tangga Penghubung LT1-2',124,NULL,'2023-04-28 09:31:32',NULL,NULL,NULL),
(545,'Toilet Pria / Wanita & Disabilitas',124,NULL,'2023-04-28 09:31:32',NULL,NULL,NULL),
(546,'Taman',125,NULL,'2023-04-28 09:34:26',NULL,NULL,NULL),
(547,'Parkir Motor',125,NULL,'2023-04-28 09:34:26',NULL,NULL,NULL),
(548,'Parkir Mobil',125,NULL,'2023-04-28 09:34:26',NULL,NULL,NULL),
(549,'Halaman depan',125,NULL,'2023-04-28 09:34:26',NULL,NULL,NULL),
(550,'Samping dan belakang',125,NULL,'2023-04-28 09:34:26',NULL,NULL,NULL),
(551,'TPS',125,NULL,'2023-04-28 09:34:26',NULL,NULL,NULL),
(552,'Security Functions',126,NULL,'2023-04-28 09:56:30',NULL,NULL,NULL),
(553,'Driving Safety',126,NULL,'2023-04-28 09:56:30',NULL,NULL,NULL),
(554,'R. Kerja Gedung Ale',128,NULL,'2023-04-28 09:57:11',NULL,NULL,NULL),
(555,'R. Peralatan',129,NULL,'2023-04-28 10:01:42',NULL,NULL,NULL),
(556,'Kamar 1',129,NULL,'2023-04-28 10:01:42',NULL,NULL,NULL),
(557,'2&3',129,NULL,'2023-04-28 10:01:42',NULL,NULL,NULL),
(558,'Toilet Pria / Wanita',129,NULL,'2023-04-28 10:01:42',NULL,NULL,NULL),
(559,'R. Peralatan',130,NULL,'2023-04-28 10:03:03',NULL,NULL,NULL),
(560,'Toilet Pria / Wanita',130,NULL,'2023-04-28 10:03:03',NULL,NULL,NULL),
(561,'R. Laboratorium',131,NULL,'2023-04-28 10:04:32',NULL,NULL,NULL),
(562,'R. Lep Fungsional',131,NULL,'2023-04-28 10:04:32',NULL,NULL,NULL),
(563,'R. Meeting Besar',131,NULL,'2023-04-28 10:04:32',NULL,NULL,NULL),
(564,'Lobby & Koridor',131,NULL,'2023-04-28 10:04:32',NULL,NULL,NULL),
(565,'Mushollah',131,NULL,'2023-04-28 10:04:33',NULL,NULL,NULL),
(566,'Toilet Pria / Wanita',131,NULL,'2023-04-28 10:04:33',NULL,NULL,NULL),
(567,'Lobby Utama',132,NULL,'2023-04-28 10:09:00',NULL,NULL,NULL),
(568,'Meeting Room Kecil',132,NULL,'2023-04-28 10:09:00',NULL,NULL,NULL),
(569,'Ruang Koordinator',132,NULL,'2023-04-28 10:09:00',NULL,NULL,NULL),
(570,'R. Sub Koordinator Layanan Umum',132,NULL,'2023-04-28 10:09:00',NULL,NULL,NULL),
(571,'R. Keuangan',132,NULL,'2023-04-28 10:09:00',NULL,NULL,NULL),
(572,'R. CWS',132,NULL,'2023-04-28 10:09:00',NULL,NULL,NULL),
(573,'R. Persediaan',132,NULL,'2023-04-28 10:09:00',NULL,NULL,NULL),
(574,'R. Fungsional 1&2',132,NULL,'2023-04-28 10:09:00',NULL,NULL,NULL),
(575,'R. PPID',132,NULL,'2023-04-28 10:09:00',NULL,NULL,NULL),
(576,'Ruang Kontrol',132,NULL,'2023-04-28 10:09:01',NULL,NULL,NULL),
(577,'Pantry',132,NULL,'2023-04-28 10:09:01',NULL,NULL,NULL),
(578,'Smoking area',132,NULL,'2023-04-28 10:09:01',NULL,NULL,NULL),
(579,'Toilet Pria / Wanita',132,NULL,'2023-04-28 10:09:01',NULL,NULL,NULL),
(580,'Taman',133,NULL,'2023-04-28 10:13:00',NULL,NULL,NULL),
(581,'Parkir Motor',133,NULL,'2023-04-28 10:13:00',NULL,NULL,NULL),
(582,'Parkir Mobil',133,NULL,'2023-04-28 10:13:00',NULL,NULL,NULL),
(583,'Halaman depan',133,NULL,'2023-04-28 10:13:00',NULL,NULL,NULL),
(584,'samping dan belakang',133,NULL,'2023-04-28 10:13:00',NULL,NULL,NULL),
(585,'TPS',133,NULL,'2023-04-28 10:13:00',NULL,NULL,NULL),
(586,'Security Functions',134,NULL,'2023-04-28 10:28:27',NULL,NULL,NULL),
(587,'Driving Safety',135,NULL,'2023-04-28 10:29:49',NULL,NULL,NULL),
(588,'Attendance',135,NULL,'2023-04-28 10:29:49',NULL,NULL,NULL),
(589,'Teras Depan',136,NULL,'2023-04-28 10:35:21',NULL,NULL,NULL),
(590,'Teras Samping',136,NULL,'2023-04-28 10:35:21',NULL,NULL,NULL),
(591,'Lobby',136,NULL,'2023-04-28 10:35:21',NULL,NULL,NULL),
(592,'Ruang Resepsionis',136,NULL,'2023-04-28 10:35:21',NULL,NULL,NULL),
(593,'Ruang Kerja Staf 1',136,NULL,'2023-04-28 10:35:21',NULL,NULL,NULL),
(594,'Ruang kerja Staf 2',136,NULL,'2023-04-28 10:35:21',NULL,NULL,NULL),
(595,'Ruang Kerja Staf 3',136,NULL,'2023-04-28 10:35:21',NULL,NULL,NULL),
(596,'Ruang Rapat',136,NULL,'2023-04-28 10:35:21',NULL,NULL,NULL),
(597,'Gudang',136,NULL,'2023-04-28 10:35:21',NULL,NULL,NULL),
(598,'Kamar Mandi Pria',136,NULL,'2023-04-28 10:35:21',NULL,NULL,NULL),
(599,'Kamar Mandi Wanita',136,NULL,'2023-04-28 10:35:21',NULL,NULL,NULL),
(600,'Teras Depan',137,NULL,'2023-04-28 10:36:31',NULL,NULL,NULL),
(601,'Teras Samping',137,NULL,'2023-04-28 10:36:31',NULL,NULL,NULL),
(602,'Ruangan Perpustakaan',137,NULL,'2023-04-28 10:36:31',NULL,NULL,NULL),
(603,'Teras Depan',138,NULL,'2023-04-28 10:42:06',NULL,NULL,NULL),
(604,'Ruang Lobi',138,NULL,'2023-04-28 10:42:06',NULL,NULL,NULL),
(605,'Ruang Kepala BPON',138,NULL,'2023-04-28 10:42:06',NULL,NULL,NULL),
(606,'Ruang Peneliti 1',138,NULL,'2023-04-28 10:42:06',NULL,NULL,NULL),
(607,'Ruang Peneliti 2',138,NULL,'2023-04-28 10:42:06',NULL,NULL,NULL),
(608,'Ruang Rapat',138,NULL,'2023-04-28 10:42:06',NULL,NULL,NULL),
(609,'Ruang Staff',138,NULL,'2023-04-28 10:42:06',NULL,NULL,NULL),
(610,'Ruang Alat Penelitian',138,NULL,'2023-04-28 10:42:06',NULL,NULL,NULL),
(611,'Ruangan Server dan Penyimpanan Data',138,NULL,'2023-04-28 10:42:06',NULL,NULL,NULL),
(612,'Ruang Sholat',138,NULL,'2023-04-28 10:42:06',NULL,NULL,NULL),
(613,'Ruang Dapur',138,NULL,'2023-04-28 10:42:06',NULL,NULL,NULL),
(614,'Gudang',138,NULL,'2023-04-28 10:42:06',NULL,NULL,NULL),
(615,'Kamar Mandi Pria',138,NULL,'2023-04-28 10:42:06',NULL,NULL,NULL),
(616,'Kamar Mandi Wanita',138,NULL,'2023-04-28 10:42:06',NULL,NULL,NULL),
(617,'Lantai 1',139,NULL,'2023-04-28 10:59:25',NULL,NULL,NULL),
(618,'Ruang Peneliti',139,NULL,'2023-04-28 10:59:25',NULL,NULL,NULL),
(619,'Lantai 2',139,NULL,'2023-04-28 10:59:25',NULL,NULL,NULL),
(620,'Ruang Teleskop',139,NULL,'2023-04-28 10:59:25',NULL,NULL,NULL),
(621,'Teras Depan',140,NULL,'2023-04-28 11:12:25',NULL,NULL,NULL),
(622,'Ruang Lobi',140,NULL,'2023-04-28 11:12:25',NULL,NULL,NULL),
(623,'Ruang Staff',140,NULL,'2023-04-28 11:12:25',NULL,NULL,NULL),
(624,'Ruang alat',140,NULL,'2023-04-28 11:12:25',NULL,NULL,NULL),
(625,'Ruang Alat',140,NULL,'2023-04-28 11:12:25',NULL,NULL,NULL),
(626,'Ruang Toilet Staff',140,NULL,'2023-04-28 11:12:25',NULL,NULL,NULL),
(627,'Ruang Toilet umum',140,NULL,'2023-04-28 11:12:25',NULL,NULL,NULL),
(628,'Teras Depan',141,NULL,'2023-04-28 11:14:23',NULL,NULL,NULL),
(629,'Ruang Lobi',141,NULL,'2023-04-28 11:14:23',NULL,NULL,NULL),
(630,'Ruangan Kamar Tamu (16 Buah)',141,NULL,'2023-04-28 11:14:23',NULL,NULL,NULL),
(631,'Kamar Mandi Pria (2)',141,NULL,'2023-04-28 11:14:23',NULL,NULL,NULL),
(632,'Kamar Mandi wanita (2)',141,NULL,'2023-04-28 11:14:23',NULL,NULL,NULL),
(633,'Taman',142,NULL,'2023-04-28 11:22:12',NULL,NULL,NULL),
(634,'Parkiran Umum',142,NULL,'2023-04-28 11:22:12',NULL,NULL,NULL),
(635,'Tower telekomunisasi',142,NULL,'2023-04-28 11:22:12',NULL,NULL,NULL),
(636,'Halaman pavingblock',142,NULL,'2023-04-28 11:22:12',NULL,NULL,NULL),
(637,'Genset',142,NULL,'2023-04-28 11:22:12',NULL,NULL,NULL),
(638,'Pos security',142,NULL,'2023-04-28 11:22:12',NULL,NULL,NULL),
(639,'Security Functions',143,NULL,'2023-04-28 13:21:04',NULL,NULL,NULL),
(640,'[Lobby Utama',144,NULL,'2023-04-28 13:42:03',NULL,NULL,NULL),
(641,'Ruang Koordinator layanan umum',144,NULL,'2023-04-28 13:42:03',NULL,NULL,NULL),
(642,'Toilet Pria/Wanita Barat',144,NULL,'2023-04-28 13:42:03',NULL,NULL,NULL),
(643,'Mushola Samping',144,NULL,'2023-04-28 13:42:03',NULL,NULL,NULL),
(644,'Mushola Dalam',144,NULL,'2023-04-28 13:42:03',NULL,NULL,NULL),
(645,'Dapur',144,NULL,'2023-04-28 13:42:03',NULL,NULL,NULL),
(646,'Koridor Samping',144,NULL,'2023-04-28 13:42:03',NULL,NULL,NULL),
(647,'Ruang Kantor Staff',144,NULL,'2023-04-28 13:42:03',NULL,NULL,NULL),
(648,'Halaman Depan/ Parkiran',144,NULL,'2023-04-28 13:42:03',NULL,NULL,NULL),
(649,'Lobby Utama',145,NULL,'2023-04-28 16:15:58',NULL,NULL,NULL),
(650,'Kamar Tidur',145,NULL,'2023-04-28 16:15:58',NULL,NULL,NULL),
(651,'Toilet Pria',145,NULL,'2023-04-28 16:15:58',NULL,NULL,NULL),
(652,'Taman',146,NULL,'2023-04-28 16:45:23',NULL,NULL,NULL),
(653,'Parkir Motor',146,NULL,'2023-04-28 16:45:23',NULL,NULL,NULL),
(654,'Parkir Mobil',146,NULL,'2023-04-28 16:45:23',NULL,NULL,NULL),
(655,'Halaman depan samping dan belakang',146,NULL,'2023-04-28 16:45:24',NULL,NULL,NULL);

/*Table structure for table `sign_approval` */

DROP TABLE IF EXISTS `sign_approval`;

CREATE TABLE `sign_approval` (
  `id` int(11) NOT NULL AUTO_INCREMENT,
  `pic` int(11) DEFAULT NULL,
  `client` int(11) DEFAULT NULL,
  `location_id` int(11) DEFAULT NULL,
  `period_project` varchar(15) DEFAULT NULL,
  `sign_date_client` datetime DEFAULT current_timestamp(),
  `sign_date_pic` datetime DEFAULT NULL,
  PRIMARY KEY (`id`)
) ENGINE=InnoDB DEFAULT CHARSET=utf8mb4;

/*Data for the table `sign_approval` */

/*Table structure for table `users` */

DROP TABLE IF EXISTS `users`;

CREATE TABLE `users` (
  `id` bigint(20) unsigned NOT NULL AUTO_INCREMENT,
  `username` varchar(50) COLLATE utf8mb4_unicode_ci NOT NULL,
  `email` varchar(75) COLLATE utf8mb4_unicode_ci NOT NULL,
  `email_verified_at` timestamp NULL DEFAULT NULL,
  `password` varchar(100) COLLATE utf8mb4_unicode_ci NOT NULL,
  `fullname` varchar(50) COLLATE utf8mb4_unicode_ci NOT NULL,
  `client_id` int(11) DEFAULT NULL,
  `role` enum('1','2','3') COLLATE utf8mb4_unicode_ci NOT NULL DEFAULT '3',
  `no_ktp` varchar(20) COLLATE utf8mb4_unicode_ci DEFAULT NULL,
  `no_handphone` varchar(20) COLLATE utf8mb4_unicode_ci DEFAULT NULL,
  `alamat` text COLLATE utf8mb4_unicode_ci DEFAULT NULL,
  `filename` text COLLATE utf8mb4_unicode_ci DEFAULT NULL,
  `is_blocked` tinyint(1) NOT NULL DEFAULT 0,
  `company_id` varchar(10) COLLATE utf8mb4_unicode_ci DEFAULT NULL,
  `remember_token` varchar(100) COLLATE utf8mb4_unicode_ci DEFAULT NULL,
  `sign_binary` blob DEFAULT NULL,
  `created_at` timestamp NOT NULL DEFAULT current_timestamp(),
  `created_by` bigint(20) unsigned DEFAULT NULL,
  `updated_at` datetime DEFAULT NULL,
  `updated_by` bigint(20) unsigned DEFAULT NULL,
  PRIMARY KEY (`id`),
  UNIQUE KEY `users_email_unique` (`email`)
) ENGINE=InnoDB AUTO_INCREMENT=3 DEFAULT CHARSET=utf8mb4 COLLATE=utf8mb4_unicode_ci;

/*Data for the table `users` */

insert  into `users`(`id`,`username`,`email`,`email_verified_at`,`password`,`fullname`,`client_id`,`role`,`no_ktp`,`no_handphone`,`alamat`,`filename`,`is_blocked`,`company_id`,`remember_token`,`sign_binary`,`created_at`,`created_by`,`updated_at`,`updated_by`) values 
(1,'itsupport','itsupport@sos.co.id',NULL,'$2y$10$oMbfteqiYFh4KVwHakzeruVXgA7fjmss06yelT2xIqJR9zNBhSmJi','IT Support',1,'1',NULL,NULL,NULL,NULL,0,NULL,NULL,'data:image/png;base64,iVBORw0KGgoAAAANSUhEUgAABCYAAAMgCAYAAAD/VWOsAAAAAXNSR0IArs4c6QAAIABJREFUeF7svQvQfttd1/dzWgWpNEYLBARigHKXmIKCSA2ZKZdgIUQKhWIJKRUQiodQsS1OG9I6VCoSIgKCMBERYQCJgcpFsIdUQJDL4aDc5JJGQcKlHFMuFphOOp9z9i9nnZ3ned+997P3Xmuv/Vkz7zz///vuy1qftZ691/qu3+V3hEUCEpCABCQgAQlIQAISkIAEJCABCVQi8Dsq3dfbSkACEpCABCQgAQlIQAISkIAEJCCBUJhwEEhAAhKQgAQkIAEJSEACEpCABCRQjYDCRDX03lgCEpCABCQgAQlIQAISkIAEJCABhQnHgAQkIAEJSEACEpCABCQgAQlIQALVCChMVEPvjSUgAQlIQAISkIAEJCABCUhAAhJQmHAMSEACEpCABCQgAQlIQAISkIAEJFCNgMJENfTeWAISkIAEJCABCUhAAhKQgAQkIAGFCceABCQgAQlIQAISkIAEJCABCUhAAtUIKExUQ++NJSABCUhAAhKQgAQkIAEJSEACElCYcAxIQAISkIAEJCABCUhAAhKQgAQkUI2AwkQ19N5YAhKQgAQkIAEJSEACEpCABCQgAYUJx4AEJCABCUhAAhKQgAQkIAEJSEAC1QgoTFRD740lIAEJSEACEpCABCQgAQlIQAISUJhwDEhAAhKQgAQkIAEJSEACEpCABCRQjYDCRDX03lgCEpCABCQgAQlIQAISkIAEJCABhQnHgAQkIAEJSEACEpCABCQgAQlIQALVCChMVEPvjSUgAQlIQAISkIAEJCABCUhAAhJQmHAMSEACEpCABCQgAQlIQAISkIAEJFCNgMJENfTeWAISkIAEJCABCUhAAhKQgAQkIAGFCceABCQgAQlIQAISkIAEJCABCUhAAtUIKExUQ++NJSABCUhAAhKQgAQkIAEJSEACElCYcAxIQAISkIAEJCABCUhAAhKQgAQkUI2AwkQ19N5YAhKQgAQkIAEJSEACEpCABCQgAYUJx4AEJCABCUhAAhKQgAQkIAEJSEAC1QgoTFRD740lIAEJSEACEpCABCQgAQlIQAISUJhwDEhAAhKQgAQkIAEJSEACEpCABCRQjYDCRDX03lgCEpCABCQgAQlIQAISkIAEJCABhQnHgAQkIAEJSEACEpCABCQgAQlIQALVCChMVEPvjSUgAQlIQAISkIAEJCABCUhAAhJQmHAMSEACEpCABCQgAQlIQAISkIAEJFCNgMJENfTeWAISkIAEJCABCUhAAhKQgAQkIAGFCceABCQgAQlIQAISkIAEJCABCUhAAtUIKExUQ++NJSABCUhAAhKQgAQkIAEJSEACElCYcAxIQAISkIAEJCABCUhAAhKQgAQkUI2AwkQ19N5YAhKQgAQkIAEJSEACEpCABCQgAYUJx4AEJCABCUhAAhKQgAQkIAEJSEAC1QgoTFRD740lIAEJSEACEpCABCQgAQlIQAISUJhwDEhAAhKQgAQkIAEJSEACEpCABCRQjYDCRDX03lgCEpCABCQgAQlIQAISkIAEJCABhQnHgAQkIAEJSEACEpCABCQgAQlIQALVCChMVEPvjSUgAQlIQAISkIAEJCABCUhAAhJQmHAMSEACEpCABCQgAQlIQAISkIAEJFCNgMJENfTeWAISkIAEJCABCUhAAhKQgAQkIAGFCceABCQgAQlIQAISkIAEJCABCUhAAtUIKExUQ++NJSABCUhAAhKQgAQkIAEJSEACElCYcAxIQAISkIAEJCABCUhAAhKQgAQkUI2AwkQ19N5YAhKQgAQkIAEJSEACEpCABCQgAYUJx4AEJCABCUhAAhKQgAQkIAEJSEAC1QgoTFRD740lIAEJSEACEpCABCQgAQlIQAISUJhwDEhAAhKQgAQkIAEJSEACEpCABCRQjYDCRDX03lgCEpCABCQgAQlIQAISkIAEJCABhQnHgAQkIAEJSEACEpCABCQgAQlIQALVCChMVEPvjSUgAQlIQAISkIAEJCABCUhAAhJQmHAMSEACEpCABCQgAQlIQAISkIAEJFCNgMJENfTeWAISkIAEJCABCUhAAhKQgAQkIAGFCceABCQgAQlIQAISkIAEJCABCUhAAtUIKExUQ++NJSABCUhAAhKQgAQkIAEJSEACElCYcAxIQAISkIAEJCABCUhAAhKQgAQkUI2AwkQ19N5YAhKQgAQkIAEJSEACEpCABCQgAYUJx4AEJCABCUhAAhKQgAQkIAEJSEAC1QgoTFRD740lIAEJSEACEpCABCQgAQlIQAISUJhwDEhAAhKQgAQkIAEJSEACEpCABCRQjYDCRDX03lgCEpCABCQgAQlIQAISkIAEJCABhQnHgAQkIAEJSEACEpCABCQgAQlIQALVCChMVEPvjSUgAQlIQAISkIAEJCABCUhAAhJQmHAMSEACEpCABCQgAQlIQAISkIAEJFCNgMJENfTeWAISkIAEJCABCUhAAhKQgAQkIAGFCceABCQgAQlIQAISkIAEJCABCUhAAtUIKExUQ++NJSABCUhAAhKQgAQkIAEJSEACElCYcAxIQAISkIAEJCABCUhAAhKQgAQkUI2AwkQ19N5YAhKQgAQkIAEJSEACEpCABCQgAYUJx4AEJCABCUhAAhKQgAQkIAEJSEAC1QgoTFRD740lIAEJSEACEpCABCQgAQlIQAISUJhwDEhAAhKQgAQkIAEJSEACEpCABCRQjYDCRDX03lgCEpCABCQgAQlIQAISkIAEJCABhQnHgAQkIAEJSEACEpCABCQgAQlIQALVCChMVEPvjSUgAQlIQAISkIAEJCABCUhAAhJQmHAMSEACEpCABCQgAQlIQAISkIAEJFCNgMJENfTeWAISkIAEJCABCUhAAhKQgAQkIAGFCceABCQgAQlIQAISkIAEJCABCUhAAtUIKExUQ++NJSABCUhAAhKQgAQkIAEJSEACElCYcAxIQAISkIAEJCABCUhAAhKQgAQkUI2AwkQ19N5YAhKQgAQkIAEJSEACEpCABCQgAYUJx4AEJCABCUhAAhKQgAQkIAEJSEAC1QgoTFRD740lIAEJSEACEpCABCQgAQlIQAISUJhwDEhAAhKQgAQkIAEJSEACEpCABCRQjYDCRDX03lgCEpCABCQgAQlIQAISkIAEJCABhQnHgAQkIAEJSEACEpCABCQgAQlIQALVCChMVEPvjSUgAQlIQAISkIAEJCABCUhAAhJQmHAMSEACEpCABCQgAQlIQAISkIAEJFCNgMJENfTeWAISkIAEJCABCUhAAhKQgAQkIAGFCceABCQgAQlIQAISkIAEJCABCUhAAtUIKExUQ++NJSABCUhAAhKQgAQkIAEJSEACElCYcAxIQAISkIAEJCABCUhAAhKQgAQkUI2AwkQ19N5YAhKQgAQkIAEJSEACEpCABCQgAYUJx4AEJCABCUhAAhKQgAQkIAEJSEAC1QgoTFRD740lIAEJSEACEpCABCQgAQlIQAISUJhwDEhAAhKQgAQkIAEJSEACEpCABCRQjYDCRDX03lgCEpCABCQgAQlIQAISkIAEJCABhQnHgAQkIAEJSEACEpCABCQgAQlIQALVCChMVEPvjSUgAQlIQAISkIAEJCABCUhAAhJQmHAMSEACEpCABCQgAQlIQAISkIAEJFCNgMJENfTeWAISkIAEJCABCUhAAhKQgAQkIAGFCceABCQgAQlIQAISkIAEJCABCUhAAtUIKExUQ++NJSABCUhAAhKQgAQkIAEJSEACElCYcAxIQAISkIAEJCABCUhAAhKQgAQkUI2AwkQ19N5YAhKQgAQkIAEJSEACEpCABCQgAYUJx4AEJCABCUhAAhKQgAQkIAEJSEAC1QgoTFRD740lIAEJSEACEpCABCQgAQlIQAISUJhwDEhAAhKQgAQkIAEJSEACEpCABCRQjYDCRDX03lgCEpCABCQgAQlIQAISkIAEJCABhQnHgAQkIAEJSEACEpCABCQgAQlIQALVCChMVEPvjSUgAQlIQAISkIAEJCABCUhAAhJQmHAMSEACEpCABCQgAQlIQAISkIAEJFCNgMJENfTeWAISkIAEJCABCUhAAhKQgAQkIAGFCceABCQgAQlIQAISkIAEJCABCUhAAtUIKExUQ++NJSABCUhAAhKQgAQkIAEJSEACElCYcAxIQAISkIAEJCABCUhAAhKQgAQkUI2AwkQ19N5YAhKQgAQkIAEJSEACEpCABCQgAYUJx4AEJCABCUhAAhKQgAQkIAEJSEAC1QgoTFRD740lIAEJSEACEpCABCQgAQlIQAISUJhwDEhAAhKQgAQkIAEJSEACEpCABCRQjYDCRDX03lgCEpCABCQgAQlIQAISkIAEJCABhQnHgAQkIAEJSEACEpCABCQgAQlIQALVCChMVEPvjSUgAQlIQAISkIAEJCABCUhAAhJQmHAMSEACEpCABCQgAQlIQAISkIAEJFCNgMJENfTeWAISkIAEJCABCUhAAhKQgAQkIAGFCceABCQgAQlIQAISkIAEJCABCUhAAtUIKExUQ++NJSABCUhAAhKQgAQkIAEJSEACElCYcAxIQAISkIAEJCABCUhAAhKQgAQkUI2AwkQ19N5YAhKQgAQkIAEJSEACEpCABCQgAYUJx4AEJCABCUhAAhKQgAQkIAEJSEAC1QgoTFRD740lIAEJSEACEpCABCQgAQlIQAISUJhwDEhAAhKQgAQkIAEJSEACEpCABCRQjYDCRDX03lgCEpCABCQgAQlIQAISkIAEJCABhQnHgAQkIAEJSEACEpCABCQgAQlIQALVCChMVEPvjSUgAQlIQAISkIAEJCABCUhAAhJQmHAMSEACEpCABCQgAQlIQAISkIAEJFCNgMJENfTeWAISkIAEJHAvgfeNiN8bEc8ZjvzDw//57x+MiH8z/J9PCp/fMfztbw1/e8Xw+//r3rt5gAQkIAEJSEACEqhAQGGiAnRvKQEJSEACErhAANGB8sJBUECUuFReExGIDAgWfHJeChNPjQj+/qQLJ/5QROTPy4dz7QgJSEACEpCABCRQnYDCRPUusAISkIAEJHBiAlg9fGxEICjwmeXhwvoB8YEfRAVKihCXsCFWUBAruDY/KXA8szghLS0+c7ieQsWJB6FNl4AEJCABCdQmoDBRuwe8vwQkIAEJnI0AogGuGc+KiBQLsHL4+8NPumOszSXdQD51ECOeV9wgRY+XRMQrIwL3D4sEJCABCUhAAhLYhYDCxC6YvYkEJCABCUggPjQiHoiIJ0fE0yPiywd3jLSUuMsSYgt86TryecPFS4sKRBLECiw3+LdFAhKQgAQkIAEJbEZAYWIztF5YAhKQgAQk8KhFxNMi4qXDIh9B4gWDa0ZLC35cQHD5wPXjxUWcCoQJLCgQTZ5vf0pAAhKQgAQkIIEtCChMbEHVa0pAAhKQwJkJsMhHkHjGEMiS+A38jngOZMw4QkGgSEuKzAhC3bGywAWFmBd7W3gcgZt1lIAEJCABCUhgAQGFiQXQPEUCEpCABCRwgQCL+bSQILMGlhEs5BEkjpyqk5gUFNpBto9XDcE6cUXJvylS+JWQgAQkIAEJSGAxAYWJxeg8UQISkIAEJPAogQwqSawIAkoiSGAhgcVBTwt22skPsTKwovi2iHi/YQzgrkJmEYNm+qWQgAQkIAEJSGA2AYWJ2cg8QQISkIAEJPA6QQLhgVgRxI7AdYM4DekC0SsmRBcEil8Z4mbQTmJRwICsHi8brCqObCXSa9/ZLglIQAISkECTBBQmmuwWKyUBCUhAAg0TYGHOD0EhiR/xt4agkb0LEpe6JDN74OaBFQVpT3H3QJR47mBFASOLBCQgAQlIQAISuEpAYcLBIQEJSEACEphOgJgKZK1g0Y11BAEhW8quMb0l6x6ZVhTE2SADSVkyDgUxKXpybVmXoFeTgAQkIAEJnJiAwsSJO9+mS0ACEpDAZAK4J1Ay4CPxJHRVuIwPcYLyQ4P1RB6FgMPvcPdQoJg89DxQAhKQgAQk0D8BhYn++9gWSkACEpDAMgIssB8YFtJpFZGuC8uueL6zsKTAqgSWuHhQ+D/CxIsGoeJ8VGyxBCQgAQlIQAJPIKAw4YCQgAQkIAEJPJFAZtngE7cNsmycMX7E2uMChliaUBApsJ5AoIAv/7ZIQAISkIAEJHBSAgoTJ+14my0BCUhAAq9HgF193DP4IfXlk4fsE+zwW9YjQMwJUo4i/GSgTK7+/MGaYr07eSUJSEACEpCABA5BQGHiEN1kJSUgAQlIYGMCLJIfGmJI4LaBCwLZNizbEcB6AoGCIKLp5oEFxbO0oNgOuleWgAQkIAEJtEhAYaLFXrFOEpCABCSwFwEWx5llg518xAizbOxF/7H7pPXEC4vbKlDs2wfeTQISkIAEJFCVgMJEVfzeXAISkIAEKhH4zIh45mAhQewDdu2Nc1CpM4bbIhJhuULA0Sy40RiDom6/eHcJSEACEpDA5gQUJjZH7A0kIAEJSKAhAlhFUBAinjPEkTB1ZUMdNFhQIFLQP1kQkkjVaorWtvrK2khAAhKQgARWIaAwsQpGLyIBCUhAAo0TYBf+NUV2DWJIWNomgHiEW00ZfwLB4hVDNo+2a2/tJCABCUhAAhKYTEBhYjIqD5SABCQggQMSeF5EvCoiHoyIh4fdeJrhzvsxOhMBKeOAZI0RK16k680xOtBaSkACEpCABKYQUJiYQsljJCABCUjgaAQQJBAiyLTBDnu6cBhH4mg9+Vh9SeWKIPH0ofq43xA0k761SEACEpCABCRwcAIKEwfvQKsvAQlIQAJPIID5P4vWFCTIsoF1BEEULccngMBEFpUsxJ54ia4dx+9YWyABCUhAAucmoDBx7v639RKQgAR6IUA2BwqCBJYSCBJYRyhI9NLDj7cD6wn69anDr+jnZylO9NfRtkgCEpCABM5DQGHiPH1tSyUgAQn0SIBFKgtUds0x8ye1JBYSmP1b+iaA+ITLTpYnK0703eG2TgISkIAE+iWgMNFv39oyCUhAAj0TICgiQgRBEJ85CBMIEp/Xc6Nt2+sRIDDmS4vfYjmhlYwDRQISkIAEJHAwAgoTB+swqysBCUhAAo8KEc+NCFKAfvlgIUGsAcs5CeDGgwsPhfgiWM1gTWGRgAQkIAEJSOAgBBQmDtJRVlMCEpCABIIFKD/skJMClMVnBrcUz7kJEPSUsYBbD+LE83XnOfeAsPUSkIAEJHAsAgoTx+ovaysBCUjgjARw28BKAjcNYkrgvoG5vib7ZxwN19tM+lDGCOIEbj1Y1Zge1jEiAQlIQAISOAABhYkDdJJVlIAEJHBiAs+JCBacxBJ4+SBGGEfixAPinqaX4gSWEwTEtEhAAhKQgAQk0DgBhYnGO8jqSUACEjgpASwjyLhA7Ih020CQYLFpkcBdBMqAmIoTjhUJSEACEpDAAQgoTBygk6yiBCQggZMRIKgli0viSRDcktSfpv882SC4sbmlOEHsCWJOWCQgAQlIQAISaJSAwkSjHWO1JCABCZyQAEIEVhKfGhEPD8EMdds44UBYocnEJcHaBpGLYhrRFaB6CQlIQAISkMBWBBQmtiLrdSUgAQlIYA6BF0cEmRUQJ14yBDEkgKFFAksJ4A6Epc3Thws8bQiKufR6nicBCUhAAhKQwEYEFCY2AutlJSABCUhgEgGEiBcOAS6xkmCXW7eNSeg8aAIBxtdDw3GMKzJ1WCQgAQlIQAISaIyAwkRjHWJ1JCABCZyIACIErhuZApRYAFpJnGgA7NTUMt6ELh07Qfc2EpCABCQggTkEFCbm0PJYCUhAAhJYgwD+/y8bXDdeM1hLfMcaF/YaErhAAOEL0euZw99IIWp2F4eKBCQgAQlIoCECChMNdYZVkYAEJHACAh8aEcSTYLH48iH7hovEE3R85SYy7hDDKFjqvKhyfby9BCQgAQlIQAIFAYUJh4MEJCABCexFgF3r50QEFhP4+htLYi/y3gcCjD9chygGwnRMSEACEpCABBoioDDRUGdYFQlIQAKdEkCIIAAhVhKvGj47barNapgAWV8eHOpHGtoXNFxXqyYBCUhAAhI4FQGFiVN1t42VgAQksDuBcjFIGtBP3b0G3lACjxPAjYMsMBTnQI4MCUhAAhKQQCMEfCk30hFWQwISkECHBHIRSIBLMiPoutFhJx+sSaQPZRw+dfg0fejBOtDqSkACEpBAnwQUJvrsV1slAQlIoDYBTOaxlnh4yLphGtDaPeL9kwDCBLFOEMxwM7JIQAISkIAEJFCZgMJE5Q7w9hKQgAQ6JPDIYCb/Q4M40WETbdKBCZRWE18+WPMcuDlWXQISkIAEJHB8AgoTx+9DWyABCUigFQIs+AhySTGeRCu9Yj0uEfiOiHhmRLxC8cwBIgEJSEACEqhPQGGifh9YAwlIQAI9ECCGxEuHrBvEliA1o0UCrRJQRGu1Z6yXBCQgAQmckoDCxCm73UZLQAISWJVABrkkngRZN9iNtkigdQL/JiKeFBG6c7TeU9ZPAhKQgAS6J6Aw0X0X20AJSEACmxLAMuJ5BrnclLEX34bAh0bEy4ZLP0tBbRvIXlUCEpCABCQwhYDCxBRKHiMBCUhAApcIZOaNV0XEHxSRBA5GoHTneEFEfN7B6m91JSABCUhAAt0QUJjopittiAQkIIFdCaQoYfDAXbF7s5UJIEY8EBGks31GRODeYZGABCQgAQlIYGcCChM7A/d2EpCABA5OAMsIgly+b0S8PCIwh7dI4KgEiIny4qHyunMctRettwQkIAEJHJ6AwsThu9AGSEACEtiNAKIEizjEiBdFBEEvLRI4MgHG9N+PiKcPrhy4dFgkIAEJSEACEtiZgMLEzsC9nQQkIIGDEigtJV4yZN84aFOstgSeQCADuPLLJ+vO4eiQgAQkIAEJ7E9AYWJ/5t6xbQIfGxG/MyJ+cTBTb7u21k4C+xAoRQmDBO7D3LvsR4DnPu5JxJcgzgTxJiwSkIAEJCABCexIQGFiR9jeqnkC3xMR71nUkkkqu2cWCZydwHdExDMjQlHi7COh3/Y/FBFk6fihQZzot6W2TAISkIAEJNAgAYWJBjvFKlUhQCA/sgyMCwsyzNbxQbZI4IwEHhka/eW6b5yx+0/TZgQJ4kw8PAgUp2m4DZWABCQgAQm0QEBhooVesA4tECCI3wuvVASz3ucOO2kt1NU6SGAPAr83Il427B7jg0/2AosEeiWAuxJWE1jKYRmkGN1rT9suCUhAAhJokoDCRJPdYqUqEPgPI+LbI+Kt77i3Af8qdIy3rEKgzL6BpQQ++BYJ9EyAMf/KoYGO+Z572rZJQAISkECTBBQmmuwWK1WJwGsn3BdzX6wnDI42AZaHHJIAC7QHBgsJY0ocsgut9EICWEm8d0R8aUR8xsJreJoEJCABCUhAAgsIKEwsgOYp3RJgMvpxEfE3I+I3hl3iJ11oLXEnMG1nV80igd4IfN4gTCBKMM4xbbdI4AwEPnRwX6KtCNC6c5yh122jBCQgAQk0QUBhoolusBKNEPh9gyXEG0fE+0XEWw4p5K5VD/P2l7twa6T3rMYaBAgASyDYF0UEAoWixBpUvcZRCGTaUIWJo/SY9ZSABCQggW4IKEx005U2ZCUC6c7xrIjAMoIAgHwSrf1S4W/P17VjJfpepiaBFxduSogTFgmcjQDPewS550UEAZER6CwSkIAEJCABCexAQGFiB8je4lAE8K9/x4j4QxHxfYMowe/YSbuWtYMGIk5g9m6RwBEJPGcwW3/FYDFxxDZYZwmsQQD3Db4PlKcpOq+B1GtIQAISkIAE7iegMHE/I484HwEisyNG/JkhCFoSYCcNH+SnXkFCYMxnnA+XLT44gTRfJ2YKu8QGdj14h1r9mwiQFhfrodcMFnM3XcyTJSABCUhAAhKYRkBhYhonjzoXgZdGxAdHxCdGxNeNmv6Hh53la+IEPvmkFWWBZ5FA6wRYhGG2/qphzCKuWSRwdgJpNWHa0LOPBNsvAQlIQAK7EVCY2A21NzoYAQJf/qOI+O2I+ICI+LlR/XHbYEF3rTCxJauBu88H6/gTVZc4Ergn8anJ+ok63qbeSwCBmYxMCHZYz1kkIAEJSEACEtiYgMLExoC9/GEJvHNE/MhQ+3ct/l02COsJgl9eSinKcYgSCBgGUDvsMOi64gR6deHVdRfbuIUE0r0JCyICIZudZiFIT5OABCQgAQlMJaAwMZWUx52RADvJvxUR3zU0/q0i4mdHINhNwxz+gTsAYT2BewcihkUCtQkgqOGuhCiBcMb4tEhAAo8T4Dvy0PBfnt084y0SkIAEJCABCWxIQGFiQ7heugsCbxcRPzm05JMi4u0HkaF00SDFHEExmbxeSyvKjltaT7j71sXQOGQjENIyFSKuRgR0tUhAAk8kwPeEIMgUvyeODglIQAISkMAOBBQmdoDsLQ5PALcOyhdGxDMH1wx2mceBAqdYT2A1wQ6cu9SHHxaHbEAG9SN7jIEuD9mFVnonApmdAyGZGCwKyjuB9zYSkIAEJHBOAgoT5+x3W72MAFYR+B5jIYFAcS1iOxNafu7K3MECkdgTBsdc1heeNZ8A7htPHgQJs8bM5+cZ5yLAd4TgsBTiTOiKd67+t7USkIAEJLAzAYWJnYF7uy4I5E7awxFBAEEEirFJPNYTTGwRM+4Kjok4gYuHRQJbEkjT9JcPY3LLe3ltCfRAgO8MYgQC83O1cuuhS22DBCQgAQm0TEBhouXesW4tE8BqAuuJFw9BBF8WESz6xrtqHHNX7AnamNYTmta33OPHrVsKafjKI4Jpkn7cvrTm+xIgzgQCBd8ZrI0sEpCABCQgAQlsREBhYiOwXvYUBBAnyNyBVQQBBRElEBmwoCgXfxyH9QQixV3WE5zL4tEigbUI5PgkywDjT9ehtch6nTMQyJgsWMfxHbJIQAISkIAEJLARAYWJjcB62VMRyEUfAgVmv7gHfBKJAAAgAElEQVR1IFJgQVEWFonsXj/nDjqmFj3V0Nm8sbgakRaUXV+LBCQwj4DZOebx8mgJSEACEpDAYgIKE4vReaIEXo/AWHhAqGCnbbxLPTU45vNlLIGFBBDLCNz3imH8mQVmIUhPOzUBvkcPDQTIpsSz2yIBCUhAAhKQwAYEFCY2gOolT08AiwlEiqcPGRCYzLJALAsTXn6PC8i1QswJXDuMBn/6ITUbQMaVQNwyuOpsfJ4ggdcR4PvDc5rnMWl2LRKQgAQkIAEJbEBAYWIDqF5SAoPpPBNaBAjiSiBWEHtiHODyPusJrC24Dtk7LBKYQoCAfQhhjDkDqk4h5jESuE4ghQmOMG2oI0UCEpCABCSwEQGFiY3AelkJDATKrBwpMmASXAbHxI8ZgeKBO6iZucMhNYUAgVYRI7CyYexZJCCB2wjgkoc4gcCsMHEbS8+WgAQkIAEJXCWgMOHgkMA+BNi9zuCYLBwRJ8Ym9velFkXYwHJC0/x9+uxod2GMIW5hbq6lxNF6z/q2TOCRiED0wxIJNz2LBCQgAQlIQAIrE1CYWBmol5PAHQTGcSWwmsgAmWlBMcV6ggUoAkVpdSH4cxNgbGV2GNOCnnss2Pr1CSD0ETMISySsJiwSkIAEJCABCaxMQGFiZaBeTgITCLCA/MwibSiTXeJPlJYQ91lP6NoxAfRJDsnMAYwh3TdO0uk2c1cCCMgvG+743Igwy82u+L2ZBCQgAQmcgYDCxBl62Ta2SgDrCKwfnjNUEAsIYk2QYpQdurGAMW4Hrh0c//JWG2i9NifAGMHEHEECYcsMLpsj9wYnJKAwccJOt8kSkIAEJLAvAYWJfXl7NwlcIsDikonvC4c/IjjwQ6pQPll0YmFB8LVLxYBs5x1X+L5TnnxeBLZcArsQSHcO04bugtubSEACEpDA2QgoTJytx21v6wQQIBAq0oqC+vK7N4yIZw9+zpfagIiB9YXlHASwtsHnPQUJA6Keo99tZT0CKUy8ZrBSqlcT7ywBCUhAAhLokIDCRIedapO6IEDkd35SpMDNA5P9n4iId7jSQvye8X+29E8gM3BoLdN/X9vCNgiU7hx+79roE2shAQlIQAIdEVCY6KgzbUq3BJgQU9gVZ9fumXe0FHHi+Wbs6HYsIE5hKcGzG+EKgcLsLN12tw1riADftweH+pAVCUs2iwQkIAEJSEACKxFQmFgJpJeRwE4EWJgS8PKtIuK/unJPBIwvi4jv3KlO3mY/Arlr68JoP+beSQJJIN05tE5zTEhAAhKQgARWJqAwsTJQLyeBHQlkmshrt0zLiadGxEt2rJe32oYA/U1BnGBhxCLJIgEJ7EeArDdpseb8aT/u3kkCEpCABE5AwBfrCTrZJnZNgCCILFAvZewgHsWrh4k0QRJfOpAgDgWLXFwAyPphaZ8A/fzKITVsuva0X2trKIG+CBhnoq/+tDUSkIAEJNAQAYWJhjrDqkhgIYGMNUDsgXH5uoj4ytEOO6LEayPiFcPu+4sj4ssjgt1AS3sEcN9BRMJFB0sJfiwSkMD+BIwzsT9z7ygBCUhAAichoDBxko62md0TYMLMwhW3jXEhJsXYlYOgiVha8PNQIUxgVYFFBZYUCB0IFpa6BB4Z+uMZdavh3SUggeG7yHMWIZfsHBYJSEACEpCABFYgoDCxAkQvIYFGCNwVc+IFQwaHS1XlPIQIPhEsEDKIOI8v9dMi4mWDdQW/Q6x42EwQu/Z4xpMwC8Cu2L2ZBC4SMM6EA0MCEpCABCSwAQGFiQ2gekkJVCSA2T8iw6WYE3eJE+MqI1LwgxUGbgRMxvnB7YPrpNsIATYRMHALsaxLAEGIggWLRQISaIMAwi3PQQoWE7rAtdEv1kICEpCABA5OQGHi4B1o9SVwgQAB2rB8uOTWgQXE0oCXBGD82EGsyMk490mxgvu9Zrg3woVixW3DM7NuZDaO267m2RKQwBoEjDOxBkWvIQEJSEACEhgRUJhwSEigTwLlrl7ZQqwfiFWwVJwY00KswMWAHxbSGaTxhcNO/wNDfIu8nyku7x9v9B0WLy+6/1CPkIAEdiZQWqUZZ2Jn+N5OAhKQgAT6JaAw0W/f2jIJXBMncM/AHQMRYc3ChJ3CDj9WG0zacUcggOZzhr+x2H7eIFrgAvLyDeqxZptqXAsRB5bJs0YdvKcEJHCdgHEmHB0SkIAEJCCBlQkoTKwM1MtJoCECLGwJnIgAMC5z4k3c0qRMdYkLSIoWWFEgViBQkC2E/yNYkMKUwJppebG2cHJLO/Y4FxNx3GHSBWYtq5Y96u49JHAmAin68owizoSWYGfqfdsqAQlIQAKbEFCY2ASrF5VAMwRwtXjlhdowoSaoYq3AbQgWTO4RTrDg4BP3DywosK5gcU6aTISKrGOtuu7VmbkL63N5L+LeZwsCCKHEmiHOTGlFxb14HqVYWf67tA7Kv3N8uk3kv0sBIIVLPvk9x75qEDgR9fg3v9tCNMAiLIPT7iXybtFXXlMCEpCABCTQDAEnwM10hRWRwGYEymBt5U2YsBNvopVCPVlQZLwKPvk/CxwWGcRdoM78DsHioeH3R7csYIGGpQTPY/6NUGORQIsE0sUoxQdERIQBFupT3I8QLPge833OwveXcc91+EmRovx3ihr5u0tZh8a88ti8PsJfihk8P7gGQijPFz5La6X72FNHBF8+OZf2WyQgAQlIQAISuIGAwsQN8DxVAgciQPYMXCbGhUUwKT9bLLlzmpN+LCwQJmhHLnBy0YFrCK4gfOaCo8U2XapT9o2pB4/SY/3Xk+8eC/YnD65gzBUyTsxYgEjLhLRo4juZFgz5b4QH/l5aQ6xB8ZIFBvdIoQOxEzEij+OeKXSWWYtoA//PT1zMaC8uZnzyf8QYni8ch7DxLyPijYdzuL5FAhKQgAQkIIEbCChM3ADPUyVwMAIsEi6lEGXxcaR4DrnoQKigTXzmgiMFi2wPiyEWG+xusrNJacnCgsUOz2EWUAgUR+qHgw1/q3uFAGOQ7wiCH5+k/8WVKq0iEPpYiPO9Y4yme0SKD0dzsaIdPAPSQgvhM//P96/8PW3MIL0IFOlqljFyEuk/jIivGkQMXDuIn5PPG45JVn6//RpKQAISkIAErhBQmHBoSOA8BMiWQSyHsTjBpJnd+qNPmnN3lIUGiw9+LgX+THeQdAkhlgULsb3bnwH0sFjRfeM838OaLeU7gcUAAh4xXRAiWESnEMFn6U7E8wIh4mjiw5qM0xqC5yfPDJ4vcPmKiHjX4UbfFRE/NbBEmEDcwdoirdT43UuHbEhch2cwMX74HdYYXDeDAcN7jlvJmm31WhKQgAQkIIFqBBQmqqH3xhKoQoC4DSxIxoVJMpPt3kr6q2dWEMSLFC3GfuoIEywQchGGgLFVhow0LUecyFgavbG3PfUJsIhOK4DcxS+z4rB4HltC7C3Q1ae0rAZlYGHEBb7LpQsJz5F0Q+PfiI981/nhOP5GnBysL3ju8FzmOcyzCuuMpw0BNjkWq7YMtskxCB+ISukGxnMq4/Fg3ZLuKy1Zhy2j7FkSkIAEJHAaAgoTp+lqGyqBRwmwUGeCnP7iiYWJLIEwzzSRRaSg8MkuJmXMJfmkrzz/T/eQtLSYO7S4Vy5IUjCZew2Pl8CYQFoIsTB9cNidZ0eeBWwuklkM6za0ztjhWcozgLI0ACbPgnTzSEuMfB4hYCA8pIiR2UU4JwOFcixuaggTHIt4kWITQhTiBmOBvyM8I0phocVnihkZOwNLGsZOmQllHVJeRQISkIAEJDCBgMLEBEgeIoHOCFzL0sGElsnw2UtaM8CJSToLAX7496VsAJmuEPGCH/6friFjoSctOBCHMk3q2Xnb/mUEWFAyzlh45oKSxShuA3yP2cHPBeyZXTGW0Z12Vqb45eg951NlFhPEzexf/o0AwfMKoYP/I2jw99IqAwEjrcEYR+l+krEzMktJii7jQKD8n2Mz/oZixrTx4lESkIAEJHAHgT1fpHaEBCTQDgEmrOymloVFDGbCLmKu91OKFBzBv9MthN3GayVjWsD3P4+IX42IjygWBu2MCmvSOgFM+DMQZZr+I3AxxhAi0hqi9Xb0Uj/YIwZRsE5o3eIss6Kk1QX1ZszwzE9RA1ELcaNMgcoxGQiU8VdmNsmAw2WAzxTEOJZsSYggGTcj/9bLGLAdEpCABCSwEgGFiZVAehkJHIwAC2omkmMLACaQ6eJwsCZVr+7Y0oL/p3hB5a5ZWzBRzx1Njiuzh+jvX71bq1Qg03WysENwwPQeV6s02+d3xiep0jVPuGkGsOWXvQexLdOwZiDQfFekK1xamMHjUgaoEl6mj02LDs5lvKflWf3etQYSkIAEJLArAYWJXXF7Mwk0RYAdsQyolhVjIcwEu8dAmDXh587qJ0TEbxWCBZPxMi3juI65A1sKF6WbiMJFzV5d/96ZqpMrZ7wA+jitIXLHu/Wd+fXJtHnFjBdD7XSFe2IfpbtJusGlUMtRaWl2zT2OY3jmpZsc4gWxUjLORpujwVpJQAISkMBNBBQmbsLnyRI4PAEWOJfSh7I7a1mHAJNwdhbT5/uSmJDWFpcm8fzuUgaR9OtOi4s0kUa44Pj0IV+nFV5lbQL0Od+/FAcRBDOgKmb1aVrvYmxt8utdrwyAqbXZMq5pbZExfWCa2ZMuWZnxfUj3uAzgqVC3jL1nSUACEmiKgMJEU91hZSSwO4Ey5V15c4QJF0S3d0fG8iC4HFHzlxb6iZKuITl553djiwsECv5O/3Ee1hoUJu/sOrL4zZSCS+vjefMJ0BcZNDAz45AGMmO6ZPySTFs7/w6eUYMA3zNiLtBv9KdlPQJl8OG0uBgLtSn08p1Kkdbn23p94JUkIAEJ7EZAYWI31N5IAs0SuGQ14ST79u5Kc+XMkLCl0JPCBTuN9F0GrivjhZSWMfQ55xDPgl3JlwyLKyLtZ5C62wl4BRgTZBYzf/qCgJXPGgSmtKKR0rEJ4PaWaYadU+3TlynMplCbz7u0sEjrMcSKjFux5fN3n1Z7FwlIQAKdE/Al2nkH2zwJTCDA5I5d27HZ7BGizE9oXrVDiEbPpDhNlWtVJFOUshBGkMCKg4l7ihgsqrCkQJDIiPuYSLMLzIIaiww++X8G5jS2xev3JiIEjGCXQSpZtKYwwSKJBVTu7NYaD953XQIIjwhOFEQnsxqty3fq1dKigudaWh+V7zT6Jd1AeI75DJtK1uMkIAEJ7ERAYWIn0N5GAo0TYNLGArQsLGIRJyzzCOQCFXcYJr+3uHDMu/OyoxEu0mQ6rS3oewIuMi5Ih8him/HBhB4hIwUL/p/+3SzCM27Cspoc7ywWQGTMwOKEfoZRumfADoYc427t8fp2ao1ZCD84HNx7Zo6pTFo5LmNV8JlpXalbPrP4ziLGKia10mPWQwISODUBhYlTd7+Nl8DrCFyzmnAHcP4gYbLLYrUXdpkakEU24gPt45MMErh+MOHPiPmIFizO+B3iRVphsDDPjBLzibZxRgpOiDHE6aBN/BsOxBBhsQMrdtAt5yFQZuZAoOJ7YmmTAM+gFAvpt9K9jecawizPLYsEJCABCVQgoDBRAbq3lECjBC5ZTWB2zkLTMo0AgsRrBsuBnOhOO/O4R2UcCxbuuCqU7guYuGd6U0QLxBoYIWhk0MB0D2mRAAsZXDGoI23LNvC94PuCWwztd8e1xd7br04IVYyVHCf73dk73UKA73Q+tzKoZgaf5TnGs8vv9i2EPVcCEpDADAIKEzNgeagEOieQGSTGzTRDx7SOz51TFyeP82JMIUCweOcHsQaz9wwGiesD4yt/x7EZ0yJjY+zpC45owmIEqwdEiOcO6TzpU+qebdizTtNGn0fVJJABhHV/q9kLt907gxVjUcGzp8x2xPOKuDHGpriNsWdLQAISuJOAwoQDRAISKAmwE1z64vK3T4+IzxHTnQRYgLOQZeLKDlv6MIvt9QlkHIrcrWRnEkECMYCFPxxTrIAj4gDuEpjJp5UF4sGtBSEpY2ow5rk+1hG5S5pZM7K+ihG3Eu/3/NLajBgjjpXj9zXffwSKdM3K4L+4f2BFSGDNNZ5DxydlCyQgAQmsREBhYiWQXkYCnRBgt4hFYFl+NSLezcX2nT2cKQPNZHLbFyF3LVnoIZIhTPDvtKjg6plyk4UDu5qZfpNFxF1m1/yd63M+O6APDddncYEwgRiSbhkGq7ytH892dvnc9BnQX+9nbIp8/mQwYGLLIFQgaipG99fvtkgCEtiZgMLEzsC9nQQaJ5CLO3aHysJCzqB+r995LHRZNDMxRZxwcrrNAM/MFmnFgFsFP1hXZBYMxizvtJcNVcDS4vMj4hci4sOGwJSMY4QJFhR5Ta5z9MCc21D3qlMJlMIE445ngaVfAjyHsJKjpLUVn1hS8A7gR6uZfvvflklAAhsRUJjYCKyXlcCBCSBAsHgrCxNtJtyWJxJggpqZKhRu6o0O3EL+o4j46UFAQzBKEeL/jYgvjog/GxHfGBF/PSLeKyK+xTSe9TqsszuXKUMRvVpPEdwZ/mrNyTTLVID3AFZemT6YmBRkK1KkqtY93lgCEjgaAYWJo/WY9ZXA9gTK9Hfl3dgNYuJleYyA7ht1RwLWEkz8WQggRPA+w7UD6xV+xwLxbSLiFyPiLxVuIYxhrFzIDJL/RnRjl5Nrcj67nVpR1O3fI92d8cdClKJ12ZF6bt268sxAlMrnSsarwZpLYX9d1l5NAhLokIDCRIedapMksAKBS1YTTrgfB8vCF1/yTDW3AnIvcQ+BjJJPDBQm/Fj1PDwICCwIsJqYmjUDM2ziUdB/LCIwxedc+pWYFYx/7sc7koCY3IcFB78z4J1D9RKB1w6/ZHxkCl1JnZcAzyPEzszwg1DKswuBnxg2mZb0vIRsuQQkIIERAYUJh4QEJHCJAJOq9NXPvzORYtF29sCAuTvqAmS7704GqoQ1YgHCQKbyRBzA2oHCWEwrnlt9urkX1kJYwrCY4N98D1hw0tfcB5GCBQYl04nySf3O/r3YbjQc48qZMcZ0wcforz1rmS4fPFf4wWKLZ0pmc+J5duvza8/2eC8JSEACmxBQmNgEqxeVQBcEyhR42SDM3NldPmthoZoL5MwacVYWa7Y7hQjEgAxomdYJ6Z7B35jU507jXhN5BIt07eD+WE7wHSDYHVYzmPCzyOD3iHmId5xDYYxkkM01eXmt9gikMIF7UfZ/e7W0Ri0Q4FnBeMksQTwzeM4xdnSXbKGHrIMEJFCFgMJEFezeVAKHIFAGdMsKM5liErXXorA1UOniAoO7UlO2Vu/W6pNCRKb8ZIGPH/ZrIuJJg0UEk3YEgPvSgNZuG3Xke5H+5eyCZsA7/pZWFrSH1IKYciNquEtau+fWvX/GnOGqzq3WZdvr1dIVEDHikcHyCvE7nxlaYfXa87ZLAhK4SMCXpwNDAhK4RoBJExMjFoplOWvU+Qxu94wTCzNLvy25KIcdO4PpNpFCBObvLOyPIERMYYCVBAUBj91RBC0WHym2sPAgZgsCBYXAeJnGFPGCnVNTz04h3c4x9DPWVAoT7fTJkWrCM4PnBWLtJZexs24GHKkPrasEJHAjAYWJGwF6ugQ6J8DuL5OkspwttgILZhaQmbkh89d33vU3NQ9mWEAgROCaUabV48K9CRFzYMGCMYRQkWklESEQJrCm4PvGdwxRsIxjgYUF53Ksi5Q5xPc5tgwYzLh3t3sf7j3eBQGT7znPiHQZI3AmxewePfa4bZKABB4loDDhQJCABO4icC116JlcGdKlxawkd39XmEDzTmHXOF018owUIli8UXSDeX2WGYsCRixqGXeYdbM4QbTINKiwRJhA+MF6KWNw8H8zhtR7npcirsJEvX7o9c4pdPFMeGhwBTtzvKde+9l2SeDUBBQmTt39Nl4Ckwjkrk158FkizzPxY6FNe9nd1rz+8VHABBk3nxQbyoB/uUBWiJj0FbvzoLQ2YWHCGCSWAYvgzCDC+MSaAmEo3UMQMegbXEIQgbiGO/i398VdVygzGZ1JuN2WqlcfE8jvclpbYUlRZsvSmsoxIwEJHJaAwsRhu86KS2A3ApeCYLJAZzLU80KdhV+ZfaHntt43mBAdmBDjWsB44KcsuQBm0QwnF8H3EV3n7/RLmn0jAsEfIZGfTLPKnbCmQKxAvMBdhH7k/8SzQERyMXN7f5TPSRibXeF2pl7hbgKIYXzvESrJCMQzOgMJk8LY77UjSAISOBQBhYlDdZeVlUAVAunXPg6CyS5tz/EWiJJOeXIV6nVvmq4YLGQzcvy4RixsKZnCs26NvfuYQBlML61Z+L5m7AqsgBAo8pP+TPeQFC50D5k+rkq3N4WJ6dw8ch0CPIfzXY0VBW5eKaZnlqB17uRVJCABCWxEQGFiI7BeVgKdESjNlLNpLHDwpe6tMLkjACGCRO4+99bGS+3JIJUsXnMnPo8je0ZaQ8DkzNYjRx8LZfwPvtf0JX3OJ0IU1i9YUrDjijCBcFHGsUhLC4TJtNY4OpM16g+LzNxjPJo1iHqNJQQYhxlcl/HI95n/891GrNCKYglVz5GABHYhoDCxC2ZvIoHDE7gWBLPHncEUYXq3CGGBirk/E1nM0MsYEUxmM9UlC1aDVR7+KzypAYwJSilYIEBmQE4EihQuMtUrghXnMUb4G5ZGaUZ+pkVQKUwg3hiYcNKQ86ANCaTLXQoTvK955iOcaUWxIXgvLQEJLCOgMLGMm2dJ4IwEynR42f7eUoeymMAMtscdT8QlFk8sLpmo5iK07EsWl/ywGD3TovKM3+clbWYMUVjwMD4QMMapYHH54m9lwE1EPn6f2Vl6HV+vHfj0+PxYMl48pw0CaSXF54NFhh++lxlE07hAbfSVtZDAqQkoTJy6+228BGYRuBQEkwUIedV72FFnkUVaRnaC07R9FqDGDmYSiik+7WJBeVfASialumc01oEHq07GtGC8UfKztLLg9ylalP7vjNVMg8rfj7pISmGid2urgw1NqzsiwPcNiwl+EOKxcEqBwqCtDhcJSKAaAYWJaui9sQQOSYAFA4vdsvRgtpwTNRZRRDU/6iI9LSKw/ChjCdBfCC5MOln4GSfikF+/w1Y6Y5YwJvlBtGAc4veesSzGokW6h/Bd5IfjWPhnKtoWYeDGQr0VJlrsHet0iQDvinTb4+9k96Dg9mGRgAQksCsBhYldcXszCRyewLXUoQTBPLLpP0HCWDzRjqPt1tIn6Z5RxolAiGBBx64YbdKn+PBfvy4bkAJapqRN0SItLsbZgIDAuC4tKzK+RW1rixQmehBruxxsNuoqgXTTyvdEWv8gXBA75mjvRbtaAhI4IAGFiQN2mlWWQEUCLB6YoIwXC0T7TlPQitVbdGsycDxrWLgfIWBd7jinGFE2GjGCRRoWEbpnLBoOntQQgTIYJ9XKOCn8nvGfATjLKiNOlMIF/0/hIkWNrZqYizncUlJY2epeXlcCWxJIl460anposATqwW1zS25eWwISuIGAwsQN8DxVAiclkAEiy+YzWWFxf7RCikx2iFpfSGSMCOo7jhWBaTsLsRQjjmy5crTxY33rEkhri9ztzWCcCKikPL1U0jWEv/Hcyv+zK3yrC1daXunKUXdcePf1CKRbIPGXMiMPGxEIFS27Va1HwCtJQAK7EVCY2A21N5JANwR6SR2abimIEgS7bG1Bz44wCy3qmQuvHETUOS0jWqt3NwPdhhyaQMazyHS4pYjBvy+5iPBdSneQtLrge4ZlxhRTds5BEFGYOPTQsfIXCKS1EpaR+f1BDEecMGCmQ0YCEliFgMLEKhi9iARORwArA3bvy3Ikv2oW+0QjZ8FBGtRWzFOviRHUE+YpRpxuwNlgCaxMoAzIyaIrxT+ea5dcRLh9WlfwiVDBcVhJ5M5xunL0lkZ5ZfRe7uAEeH/ygzVFpgfm/Z/xjA7ePKsvAQnUIqAwUYu895XAsQlgYUBshnE5QkYLdnuoO9YIRB6vuduTvvI50SstI8hCgBDBAqhmHY89Uq29BOYTSGsLvpelpUUG6LxmbfEGEfG7I+J7IuKrB8EiLS/m18IzJNA2gbSiyPcT3wv+jUWfwZbb7jtrJ4EmCShMNNktVkoChyBwKXXoEYJgYiGBv+xzK06eMlbE2E0DMcIsGocY/lbyxAQyzgtCRS7O+Pc4lXKJqIxnkelPFS1OPIg6azrfCcT+Bwq3SCwqMgZSZ821ORKQwBYEFCa2oOo1JXAOArnAL1uLfzZWE63GPcg64wOe+dv36i3ECBYxWJuUaT3TMiJdNfaqj/eRgATWJZDpQr8xIv6P4XuOxUWKF9csLRB5y+whXMfAguv2jVfbhwBjHYEi3TwyZfWLGp4X7EPGu0hAAvcSUJi4F5EHSEACVwhcSx1Kdo5WYjaUVWdHBxcO/MKZON0agX/KwGCSVsaNyHMUI6bQ8xgJHItAZuVgEYYIWpZMfZrxLEpri0vBOMu0p4iWGc+CZ0erwu+xesvabk2AQJn5DmTMMo4zYObW9/b6EpDAAQkoTByw06yyBBoiwCSDPOdlaTF1KIuAlw2TpGdMjLC/FDP3QozAMqJM7UmqtQxe2aJws7S9ntcngQ8aXJ7eclgUf31EfFZE/EafzV2lVRn8ckkgYBZwGc+C50YG57yU9rTMHILAyvNkjXSnq0DwIhIoCKTFEHOFHMv8G6tF34MOFQlI4AkEFCYcEBKQwC0EMuXm+BqtBcFkAoRYsKU1Byzwr82AeTDJNIPsHFEHdzpvGW2euxeBb42I979wsx+OiA+IiFfvVZED3YcFGC4YlDVj7WTAzbS0yIXetXgWuIXwg2CBOwhiiW4hBxpIHVeVdyOCPZsZaRGUcSg6brZNk4AEphJQmJhKyuMkIIFrBHLRX/59yY7hVoTTqmOLOrFIQIwo40YgRjDpwpQb01XFiK161uuuTeDthkXsW9xxYSyP/tTaN+7gelsJE3ehSauKFGffvd8AACAASURBVENTvBjHsijdQjKDAmIFv/f51MHgO1gTMtVophzXguJgHWh1JbAVAYWJrch6XQmch8ClIJi0voXnC4IBGTioSxlw8pbeYQHChIo4FfxkQZDAMsJc7rfQ9dwaBH5XRHx+RHz8hJv/64j4AxOOO9shiAIPDY1e02JiKUeeTWldkS5lYyuLFCZYGHIs5vUULC4sEtiaAN8ZLCZKCwqyZe0R/2nrtnl9CUhgAYEWFg4Lqu0pEpBAYwTSt7qsVs10nNQDIeLB4XONZx2TKCZQ4xSfTOaZ2Osv29igtDr3EnjriPiMiPiEe498/ACFicuwSouJLV3GZnTV6x1auoWkWMEzjfgU6f+PWEFbEFgpLx/cQfjUuuIW+p57jQBjkQ0O3C0pvE+xcFQgc8xI4GQE1pisnwyZzZWABC4QuBQEE1PhMvjj3uDSxeTWYJfsPGIhgfVFFiLjZ4Rxd3f27lnvdyuB9xwm/r8SEc+eebEWg9vObMImh5fxdmqLsnMbmIJFBt1M15Bx4E2edfwgxuIuwicihs/AucQ9/hIBxH+sDhEoMovH80UlAQmch4DCxHn62pZKYEsCTGxJlVcWJhbsHNbY9bg1rkRm1mCSlGn+cNUos2q4e7jliPLaaxNAgODnU2688KVUmDdesovTETCJv0G5VQxtBUiZKSTd1jIuAHVM64rSFSQzhvh8bKUXj1cPNgGwoEhhjP9rsXO8frTGEphNQGFiNjJPkIAErhBg12y8w1ZjEcMk5sVDRoy5cSU4nnOZkOe5mDkz8UakcLLt8D8SgY8a4ka8fUTcFdByapuIofA+pgy9iKsUJlrLSjS1f6ccl0JtWpCVqU2xokDA5TMzgqR1BQtLLSumEPYYCDDOUqBgPLHBwTs446BISQIS6JCAwkSHnWqTJFCJQDkxzyqwkGeSvteCHjGBXUuEhTnPN/ysmQSl64lpPisNIm97EwHG8B+bGMRyyY0QOr56yYknOIcgfoialDnPnl7QsJDk+cmzHhYUrCsyfkV+EjuAhWZ+4ha31/uhF9ZnawcbA4wtNj74NxseilxnGwW29xQEzvjyPEXH2kgJVCCAKMCuxjhV3Z7+1hlXYkrwOSbSiCkZ0DKRGcyywuDxlrMJMFF/k4gggCXZNMisMddCaM5NPzkivnDOCSc7NoUJFuBb9sORsJbWFYgPCGd8loIFz1v+z2Iz41bQRheeR+rp7etaphhlDCFs4e5hkYAEOiKgMNFRZ9oUCTRA4FLq0L2C5U2NK8GigYkwZqFZMpil7hoNDCKrcJEA45bJ+ftHBK4Z734jp1+MiN+emPqT75ZB6O4Gns8frK1yQX5jF3V7elpWIAyzyOS9gahN0ENcQPhEqMjPdA3RsqLbITG5YYwdAk8zJhgPPJcyg8zki3igBCTQJgGFiTb7xVpJ4KgEysj0ZRu29rlmgvvSwWw4J71jhizsXjhYSeTCAUGCBQU/a056S4EG8+5PO2qHWu+qBBhHvxERfy4ivjsiPvyG2pDm828Wi723iYgvm3C9b4qIPznhuLMfksJE7WxER+0Hnsm44FEY9wjaPK9TqCgtK0hPjWWKC9Kj9vbt9cZCiXGCQGF60dt5egUJNEFAYaKJbrASEuiKQLpTlI3C7DL9jtduLILDg4P59KVo+Oy6ce+MKp/xI/jdVhlDvr/Y0f65IWCgpslr93x/18MlAz/qz1ihaew4Z/maiPjR0TVZ1JUZFi7d8ksi4hNWqMsZLpHPPYI85rPmDO3eso082zNmBc/qDEKcgkUGW+b98vSIeMHwHtjqub5lW732fAKMD6wceY7lODF7x3yOniGBZggoTDTTFVZEAt0QKIPAZaNYlGM1sUXBUgLf5XEsCxYHTFgyejz3ZgLLgoxFxJaFHT3KvxxiANTITrJl+7z2OgRwx8DCB/GMrBlL3DMYy1hD/GxEfHNE/ERE/Pw91fvEiPiie4755UFQ43qW+wmQLpmFkt/1+1ndegTPdsSHjDGQ6Z1hj2iBeT+xg3jePzJYVygM30q93fN5xzPvQJzi/Y51jdY07faXNZPAVQIKEw4OCUhgCwK5MC+vzWSRHa81S4og7JJkYDUWekxOM8MG92OCyr332En7pIj4gqGRmMD/g4j4gYh4jzUb7rUOSeApEfGOEUF2i/84It5pZisQH94yIr59GNO/tkBke8OI+OkJ6UM/ICL+4cz6nflwFsC4I7BrX8avOTOTvdoOd34QKHgP8JzHhS6FCtxBMoYFgZERrN1Z36t39rkP/c98gHc/1hN8B3nvr+miuU9LvIsETkxAYeLEnW/TJbAhASYFD4yuzy5Gab1w6+0RHkgNiq8xO2hMSrGeyIj4xI9gMrrmPafUOeNL/ExEvG1E/IWI+OxhF29tYWZKfTymLgHG6XtFxDssHItYQ/zIEGPin0QE4+onb2jSOw/Xu+sSW1o43VD1Zk/lmYPFBGULAbbZhjdcMRaqZWDNTAfNuymtKvhk8cp7ArcQ3lGWYxMos3dgNYEA5Xv32H1q7U9EQGHiRJ1tUyWwI4Gtg2CyEECUIFjaX4uIdyssJIghweSTyUgN890UJnJxx87zt0SEO9A7DsDKtyLY6QdHxHtGxO+eWReEiH8REV8bEW8aEV86uGnMvMzVwz8rIv6Hey7G9+mfrXXDE1yHRTAWE5RLcW5OgOAwTUyrinTp4z3BewR3KtwBea9gVZHCxtZuf4cBd6CK0ne5cZHWE4hONeYDB8JmVSVQn4DCRP0+sAYS6JUAk4AMTpZtXGs3kZ0uBIAfH0zjuT6CBKacTCRrTkDGwgR1w7UDF493uRCEsNf+P0u73iAi/v2I+MCI+MsR8Z0R8REzGo+bD5k3cNP4q4Pbz4zTZx36ZhHx6glnMLHn+2SZRgCLLRa0ChPTeLV2FIvYDLSJqI11BQGVsbrj/7iFIFYQwwALPcWK1nrwcn0QnOhLrDfpM8QoLGQsEpBAowQUJhrtGKslgQ4IlCkzsznsXjz5xrbhw/25xTXwH2bC0Ypf96cMVhzUiR04Ciz+yGDm/Ys3tt/T6xPAR53F+/tFxEfPrM6vDhY0ZGv5sYgg88VehfH49ffcjCwce9Zpr7ZveZ8UJli0pivZlvfz2tsTYEGLwJ2ZHxAvHhrSl2JlwWIXoT0tK/aIX7R9q/u7Q6ahpc/YKGHzImOO9NdaWySBgxNQmDh4B1p9CTRMoDRvLqu51NSZ3Q92JXPizw4IO1pbpSFdivavRMSfj4iviIiPKS7CTvpvDztvS6/teXUIMJaJ8p+xTOYuPhmrvxQRf3uwqKgRkO2NIuKHh7gnd1F8UkT8P3UwH/aupQjrvOqw3XhvxVOs4F2EFQXvMsSKfA9hyUfATQQNnhmKFfci3e0A+oznd6aapf8QKGo8i3drtDeSwNEI+AI9Wo9ZXwkciwALMnx3y4Ip5RwxgQkFZrVM9LJ8a0R8ZKOTiq+JiA8f6lZah9AGnrlltpBj9eZ5aovwgBDBmEsxYk7riQ/x3oPlzD9txPSbRdQP3tOIb4yID5nTUI99lEAKE2sH+BVv+wR4l6UQQfBlrCgydSXPf37HO493YVpXbN0qnl/UiXcn4kh+5u/3qsfW7Vxy/QyCyvOdvoKPAtISkp4jgQ0IKExsANVLSkACryNQ+l7nL9mheNoEUQFBgwn/eCH/zyPiDzXM+OMj4ouHiSh+yVnYsSbOBCb8X9Vw/c9aNdwzGGtLhAiYsfBgYUrwSnZQf6ExkIxJxuZd5U9ExD9urN5HqE4KsGQAYPxYzk2AxS8iAO58WFRk4EV263kn8Dcsk5bEO0BkwCWBZ1WmSE0LrimWXLx/05qDa6VgUi7O+TfHYFHAvTLDVQocR+/dtJ6gn2gfApKWE0fvVevfBQGFiS660UZIoFkCTG7YuWESVhYmZ9cCiLFAZHJfpvnE7/2/GQSJ1icRfzciPmpoLCkiybBAyUwltLsULJrtvM4rxiS+FCOWNJcJO9k3KP9qyQV2PIf4B299z/3eJCJ+ecc69XIrrKH4fq8V3LcXLrbjcWsF3mlYUvBeQ7AgkCbvMtLMIlwgwiPGj90L+B1jKxfTtZlmYGne7Qhx+W6nTdSRwu9pH8fyjCzbxXMX4SOtN2q2h76gzsQLUVSs2RPeWwIDAYUJh4IEJLA1ASZj+HOW5ZI7B5MvForp5sFCioCW/DDp4W9HmPi/f0TgakIpn7H/XkR84rCjrsXE1qPu8vWZhDKOckdzSS2YwBJIjcl1zewvc+qeVjx3ncN3lDSnlvkE2G1lgUZg3laC8M5vhWfsRSAX8Dw/eI7k84QYSsSo+F3Duw4rOzL+tFqImfQ7F1QurTb4zACjCPZpkVFadSBg8LdSyCitGxA+cgOk/JxjAcH8goKAwneY/rBIQAIVCChMVIDuLSVwMgJMKNgVKguTEdw5KLlYRJBgYsFEg4lIChQpbLCTdIT4DCx68SumjK07PigiPj0iCJD5TScbB7Wam4IX/VLGKZlTH8QIJq9HnbB+ZUT8F/c0+O0i4qfnQPHYRwkwpni+8ckz7Shild3XFoF3Gywn3jYi3ritql2tzf8XEf9Oo3XNuB/5feSzFDzSnSXFjDeMiC8bglYzJ/mzxp5otGetVtcEFCa67l4bJ4FmCLArhGlnWf7kkG4xzVTTjxUhInc7MhNHBo08wqT/C4ZYErR1nHoxRYsjWH40M3gWVITAZoydOUFWx7fJNLQIEkcYd9cw/b6I+MmI4PNaGWeQWYD8tKcwzogjQFmacei08Gz46yy4lsQmec2weCZu0W8OWXfKhXguvtPaYPyZFgq8gzNIZnZJxp+gXnlNjkvLBq71PRHxgcMJnJ9t4P1N7Iajl1+JiF+LiJ8ZGKSFR34yZ5ljmXF0HtZfApsTUJjYHLE3kIAEBtP5tCJIIK+OiKdEBC4bTHbwsR0vADFtZbJzJBPp/yQi/peIeK+RKwftZifs3SPi+4cJj4NjHQKZRYOJ8y1WNVhGMBaxjOhlwvnREfF37sFMTJSvXqcrTneVjB3DIiVN9E8HwQbPJoB4mhkippyMCIEA9iMR8aWF9RZj7rXDuxNhDJestPCqmX2DeqXVQoocfFdSHOG9nrEmMu4Ef89sIll3NjSYI7QsdFDntMhIFz/+j7htkYAEZhBQmJgBy0MlIIHFBJhkPDI6m8nUXxtM5C8FwkzrgqMFpSIY4jcMbcWE/k+P2v2/DelECYB55J34xYNhpRPxB85YEbeIEUweESIYgz32B4uYj7uH+VtFxM+u1C9nu0y6mrF4mpIV4Wx8bO8TCfCsSlHiPjaMKSy2+LkWLJprZIwKjkG8yGdapirl78TWIbbTUQXXMgVqumTQdn6fLnr5md9D/l/+jvMQSfa06EjRIt8vChb3jXr/fmoCChOn7n4bL4HdCLCA/KyIePPRHZ87TLouVQThgolZ7qLsVtkbb1TGmCB15B9QmLiR6GOnZxYNJpZlxpYlF+9djCiZ/GJEkG3jWvnuiPjjSyB6zqMEsPQiDeSlgL4ikkAS4PlF9ocpsW4YSyk2zCWYlgjpBkkwTd6hGdgRgYLFOtYV/I53bI+C7BRuKVzkJ32EaMFn/vs/i4g3i4jfioi3mHLRicekYJGugmzAWCRwegIKE6cfAgKQwKYEmCQx+bnm60+atEuLzCOn38OX//+MiHcZIqyzcLEsI5CBK5k4KkbMZ1jGP7h29idFxBfNv7RnDATYCeUZd+1ZJqhzE+DZhYUE78C7LGoyC9UWbmSZfps6ZCBqBAsENVwPGLsIFrhMsjDPn3P33BNbn5ZRxIf6/RHxExHx7w4WGNmvfPLMHadHn8ox3UAQKzLm1tRzPU4CXRBQmOiiG22EBJojME7LyG7Aj0fEfzeqKRMgMleUhQUofrK8mG8x0a8FJWNI5P3JxPHNo8ogvFBw5zh7+Q8i4l2HXTsmykzQCahGlggmgEsL1ylT8Z1xV/CzI+Iv3AGQ7x9jEE6WZQQwned5B8e7zO2XXd2zjkyAcZFWEtfaUabF3qOtGQcFwSTdRPgdsRx4TyNQUFiA8ztEC58Pj/dMChT3xb3KeBqcCV/+D/M5sTJ4PvNMgT99Yz/s8Q3xHlUJKExUxe/NJdAdgQxCyA4NL2NM5nmxft6wC8NEKCc+2fhyQs+Lm0U75x419d77RMQ/Lnr2krvKWYWJd4iItx6sSXDr+aMri0+IWemPzSTuqP7Uaz0Yvj4iGH/XCunx/uu1bnbS6+ByRlGYOOkAuNLsDIp6lyDBswqLutrPKd7XmXGDgNOUDDjJZ1oA8CxJ66AzCr1wYY6COMG8hvc4lidzrCI5P0WL/BxnLLs2ZhgnjJm0cqk9bvzGS2B1AgoTqyP1ghI4JYE0V+VFyySHBWJmNyhV/jL+QoIqfbPTX/vo6TR/LCLecWjg3xhyop9tYOCX+05DoE8ms7i2bFHY0WOSjAn0WSfL17j+VES87R3QPyYiSBVqWUYAIZbFCRkTzMixjGGPZ6UVzaW2MVZYXCLWt7gDnsEheVdnqtDxZkJm08h3PO08W4wEvvvZjwg3Gah06XguxQr+PcWygvcddcjU1kvv7XkSaIaAwkQzXWFFJHBIAggSLDrZScGPNs3nmXRdMmu+lJ2DlyvWEUyC2K3hJcu/j7obcKmNuKuM29OT1QTWD1hDkCL1A4bFMJketiiMscyioVXEdcJvFBG/fk8HvEdE/MAWnXSSa+Yzi+Y6nzpJp9/TzIw5cukwBHvEdxaTRykZ34f3F2IF73vElXEcBdrNsWw0kIGLtp5FKMZqaot0wQgU6QbCv++LXUEf8KPbx1G+Xdbz9Qj4InVQSEACSwnwwmRinnEBmIQgSNw36brkzvEnIuJ/HiKFM/m57xpL67zHeeykZICxvN8lt5QjCxNvM7hk0P+YoW4ZC+RnIuJfDWIEgoRlGgGi7v/gHYf+k4h472mX8qgrBNJc34wcDhEI/OULcZSSTC9jBPGBd1y6oLAhcalkfAQ+cXeg9CpU8BygnTBBuOF9v8XGCtzTTZZPyiWxItOpplUOmz29svfJ0xkBhYnOOtTmSGAHAkxMeCmSI52dkzSj5yU4pVxy50CI4Jq9RLYf75qxSGzRbHdKf+UxHxkRHzKkfN1SiOB+vxkRXxcRX3khcOicOp/52PsCX/65iPj8MwNaoe0psvby3FoByWkv8Q0R8cEXWs87MlNP9giHDYpcMKel4zU3hNxwQKRh8Xz0d+K4PxEmMl4HQU+znVv1e3LPT+Zml4SKTE2KJcXUedpWdfa6EriTgMKEA0QCEphDIE2XMafnJcgO9rVUoNeue8nVgWO55l3p1ObUs/axcCl3ki7tlsEBy4p0Xald50v3ZyKDuf9vDFkytq7jlwwmsV+49Y1OcP1MuXutqe8fEd92Ag5bNjEj9Bv4ckvK7V87YyONa/o/RsRfar/6q9aQdzibD7zfWJzfVRDwESgy80cvu/q5+TI3MOatHQH7dP9grnaXUJHztrPFBrmVsedvTEBhYmPAXl4CnRDgZUf8B3Z/2A25dYeQnZJxJGp2m/73TnhNESZoKhwyMnsLTSdQ4n85ZE7ZK5jfDw9jC7cDdh0t6xD4/oggde2l8jkR8enr3ObUV8GXnsm/wsSph0F8T0S85wjB+0XEt58by+s2GjJrxTW3j8TE+7CMkbCFO8QeXZJWpbzbsSyl3JUdaas6pUjE9XG5vRQbhLkK9SX9aS/C0FY8ve4OBBQmdoDsLSRwYAIsTl88vNCIzI26zm7ArROG3Gks0VxKq3lUdONUcXBLn9Bxm2Bc26SV+n7aFVPkLfrgRyLieyPiWyLia7e4gdeMTGN5CYUL6XUGCIuo3KV0Ur8O06Nd5U9FxN8bVfojfK5d7Ea+K/zw/ue9d1/mCb5fvBt5f14Kpn2EsZLvdtpL/AksJGsV6gB75m9jaxaeX/QNVh4Zy8lnWq2eOvF9FSZO3Pk2XQJ3EOAFhhBBbIQUJDKQ0q2iBLfl+qRUK8utVhgtdeil9l3KzJECxt4mn28XEb9/6FsEoUxtuhXDXxv6+59FxFcNk01+Z9mGwIdHxNfccek3iYhf3ubWp7lqfsdZePCctJyTwCWXKefW08ZCBtDmPcii/b6SKaEzRfR9x7f099yMwTKhhTgP6TaLNUvGjEIoysCZsEPAxrIVYUiRoqXR1HFdfHh23Lk2TQILCPCy4kXECwlFPXcqMElc+8XEC7AM1JRpQxdUu7lTLmXmuPS85TgmKdfSq67ZMBajLFj/04h49poXvnItrCIIYMmnVhE7AC9ucc3nnUMIeEngS8ttBFJU3CJN4G018+w9CYyFib8YEZ+1ZwU6ulcGjsQq877UmMwfmJek68caGyZbosxMJvls5rnRgkCRbU6RiHlYup8Q9ytdd3FboyCsWCSwGQGFic3QemEJHI4Afoa8KPEDRZDgRc8OxRYmlGNXh4R1Ka3m4UAOFR5n5rjmqgL3tEpZe3KF3zOBN//txik9aTLtZbKFCPET7shXHbZ3CROYnhMvxnIbARZP+G0/f6Nn5G218+y9CGCZhOCb5WMi4iv2unnH92GhzHcsXSDua2pmB8NVYos5y333n/N33OyoJ/MgBIu1N33m1OXSsWlNkc84LFQyPgjCBPMV5hVHTut+KyPP34iAwsRGYL2sBA5GINPeIUiksr/VS4eFOIo8WQHeaMSpFTPHNbpvHODzWh77XESywEnfzjXu/86DtcIa1xpf46ci4sci4keHOBEIET+/xY285iICCA+XYpoQ1+O9Fl3Rk8YE8pm5txuWPdEWgXEsF8fD+v3DnCSFChbz91lTUAPepbyDWVSvLfjf2sJMH0sdWeQfYUMm5yYZnyLdO6g/my6142Td2iee3wgBhYlGOsJqSKASAQQCXvhEa8bHc48AlJly9G9ExCeO2t1TnIlxZo5rE1aEGvxPsVZZcwJFYMkPWGFc/WZE/N8R8QMR8fXD7k7rO1IrNPvQlyBg7aU0vn89Ij7l0C1rp/JYS/Asw+1tze9tOy20JlMIjK2T9niHTqlXz8fwvUuh4r4AmnDI7FcspltaQGORQFsYQzyz2ZxozXpiPI4y0wfCLD/wZ8yn+wextFq0Aun5+9BV2xQmuupOGyOByQQyIjOLZXYfCN7GC3HrCTaLcHwVMfnnhczivQx6xf15sfVQUoDJttwVJI9dIEwlsRhZqw++KyLeeyLIX4oIYlBwDv+mrgSnxBKilxSuE1F0cdgrh8nhuDFYKX1bFy2s24h8jlGLS0Ft69bOu+9JYOzKsbbl255tOeK9MjYC79txCvJL7eH9irDOopqNkBZKBsZk7PDsZn601jxgy/ZllhXmC8zr2OBiLkNg85zv1M5EsmX7vfYGBBQmNoDqJSXQMAFeEnzvCdhFQZDg5bKV28YYRe4KsEOAhcAlX3jq1NKuxtLuHAsTXOfaMzetK9ZsO7sYWDhcKohQZMj4waEPnhIRr17aUM9rigAZV37yQo2+MiL+dFM1PXZleGayeGDX03JeAlilYZ2W5a9GxJ8/L46qLUcw5PvI4hgXgyklRYramSdykc/c7Jrb55T21DoG9hTagTCRPNkEY8MlrSx7mNvVYnyK+ypMnKKbbaQEHiWQC2VeDAReYlKNMLBXyUwVRHrO4EqXFu+97DiVu6owhje+pJd2QjgWJmu/tDHb/+iIeINhd+i3IuKbDmAuuteY7PE+fzwivvNCwz7sDqGqRw5btonFD6bLPbmebcmr52v/sYj47qKBPzxx575nJi20jXcq84vM9DElLgXvXzYJmB+t/S6ewoQ6MydjEc8mDs+XPedoU+o45xiek2xA8ZkBl9l8YYOsthA0px0euyMBhYkdYXsrCVQikJNoVHhe0uz0XfI/37p6GQxybPo8Dh7W02R/bFJ/l+jCTgkTE17cFgksJXDJCumfR8QHRsTPLb2o5z2BgMKEA6IkgOn9uxW/eEu/a80NkBQp+JwiUmBVmO4ee4sUzAMyy0hm8NjLqnWrjsv6w5L4PMxHmR9R+LdFAo8SUJhwIEigXwLpc8kuPfELapoHIoTwMkJ0GIsi4+wVd8ViOFpvMbkog3PdFRiNFzcTEsxQLRJYSuBzL+SaN1PAUpqXz0OYwFQcofEIvuDrtt6rjQkg/L1L8cuPGNImS6pNAktFCt7RWFPsVdLqknsyb+JZ03pwzPvYEBMEKwp+0oqCeRHPU95TR2/ffe337/cQUJhwiEigPwLpJpGBJXnoZ8CnGq3l5coLiAX3pbRY4+wVPYmmvHwz0Cjtuk8c4uXM7psv5xoj9fj3fPPBrDyfAdmi9xkCmx6/hW20IMVUMnKYoaaNPqlZi7GV0tdGBOKEpX0Cc0UK5lKZkQJ3hK0LC3kKcRsQKHrauMhMZLQJ9w7mRwQwRaDwubr1yGr0+goTjXaM1ZLAQgIZx4GXJ7t5qU7X3NXLxfm1SfylOBO9TPjHE1ZEh5xojLu43B3pafKxcCh72gIC6WJQnvqzEfFWC67lKdcJpNUXomrNZ6t91AaBNxsFD/75iHiLNqpmLWYQaFmkYB6FIErsCQSRnoLuMt/hhzkQGznMk8jygRBz5BgbM4aehyYBhQnHggT6IMBDPYMlpcnftQXwni3mRU+9eNHwIr00iU8xpaxXLwEw56QMpf30Xfq27tlP3qsPAh8ZEV81agoZA57dR/OaaAXP1TIdXhOVshLVCRAjqBSU3ysivrd6razAUgItihQs3LEkQKDARRTXWMTRXkpmVWGeSHBhAqUjUNBe5oSWExBQmDhBJ9vErgkwScb0DRcJYjigpPNCbaXwckGQuCu2AnXlRVQGpOolAOY4MwdtveTOkv2FSAMzTRlbGcHHqsc3D0Euy1p/VER89bGa0XRtM3sO5tw97Vo2Df0AlRsLE8Z1OUCnTaziUpGCecwWLgkpjjLfY+HeY2yG3MjCDfg1QzvZtMGa1tIxAYWJjjvXGQEj8QAAIABJREFUpp2CQPo6ZxA2/t9KfII0K58yQWOSX+Ydpw0s4I9eLgkTd7mpJDPyfmO6aZHAHALjLDCc+8kR8YVzLuKxdxJgV5xnFf7QrTxr7bL6BBgXiBNZfiQi3rV+tazBygQQKTL47ZRLb5ndAwvLtJTFiqvH7BZljA14ZwBQ5lG60U0ZgQc7RmHiYB1mdSUQEezYpSlxWkjwomxpkpw7/6QGpW73pdvKF2zZwb08n8aiy31uKogZuSvrgJfAVAKXXKI4900j4pemXsTj7iWQ3+f7vsf3XsgDuiLwlIggtkSWXsT1rjppxcbwnk5LinJT5a5bbCFSIIgxf8osQcy17ptvrYhht0vxfoM5c9/yO4ZA0dLcdzcgvd6ol4l/r/1juyRQEkA55uVDQCB2ZvC/G0ffb4VY7h5NsZagzuPdJn73jE5esJhyEnE6y31uKpmlpJf2tzIme6/HpcCXtPkdIuJf9N74HdvHc5gFSUaU3/HW3qpxAum6mNVUvGq8w1aqXooUCAS41k4pLKZ5hrC5dOvCmnlgxhnj3jyfiOvVo0VBbtyUAgUMCZLZoyAzZSx1dYzCRFfdaWM6J5ALVhb7GQ2+xRdP6f84Nd7FJZeH++JSHKW7x9Yg9wkTuQNyLVjoUdptPfcl8DkR8d+Obokopk/uuv2AuwwTYJ5PFgmUBP5uRBDTJQvWNY6Tc40RRALe3fwQoHJK4XnCnI65wS1zOu7J/OF5Q9wJrnmr6DGl/jWOuSRQwC+zl9Sok/dcgYDCxAoQvYQENiZAcCMKExwWua0rw/g8UlfqOSdi9DgA5lRri43x33z5cWYO2omLy12FfmZSQ6wJiwSmEPiCiPik0YE/EBHvMeVkj5lEIAXUlq3VJjXEgzYhwHft+4or8/4zm8AmqA9xUTZpEAuYA0wVKRCz+MEKYIlIgTDC3AuBgnv2knr9rg7PORZBMgmiTvvhpwXFIb4mT6ykwsQBO80qn4IALzRU738UEd84tJjF7JIX1Z7A0iXjPquAS3Uauzy0lmFkKce0ICnPv+/Zyy4HiyB+LBKYQuBS4EsXRlPITT+G7yNuWTybLBK4RGAssN+VhUmC5yEwN7MHZFKkYD41t3A/NjjyeXUGC0wECbLTZWE+iojcq9XI3DFxiOPvmxwfohFWUgKdEUhTQB6wxJNId4jWRQkm7aR2QkChznNfBpjgPVD0ZS/CBE167WiM3hc/Apa8VBFrWu/3zr5+h23OJWFCH/d1uzMnvmbNWZdrT1f7hoj44KJBR9hQ6Il/621ZEjSTOUBpSTGnjZzH5gjWE2d5H2ApwTwa6wnmUDy3mUtbDkBAYeIAnWQVT0WAgD68RHBj4JPF+hZ5sLeAeou1BPUZq909mUuPd9HumyAsidOxRZ96zWMQeOeIID3huHxCRHzJMZpwiFryjOM5xU6kZsKH6LLdK/nsiPim4q73Pet3r6A3bIYAi+dMPzo1aCZziYxHMfUZVFpPcM4ZUm0yh0KUQQhCoGAujeXJVGbNDJKzVURh4mw9bntbJYClAQWzT15QRwv8mKkKb7FyuJSZo5fdpgxcmuNvyo4r5/BzFGGq1e/WGer15hHxry801Hf8ur2PRRd+zHNi56xbA6/WOoGPj4gvLiqpO1XrPdZG/ZhDIXjOiUcxN/0oC3XmWSzU77PabIPK7bVIIZk2I+rg0oL1hJaot7Pd5ApOWjbB6kUlMIkASi7pP/kekmaMwsuCB+ZcN4hJN9zwoIwCPTfgZVmlFDfK3/UqTPBiZIJwV+HvuPOw43a08bDhUPPSFwgQ9JLgl+PiO37d4ZIuWXJdl2tPVxu/x3oJ4txTH7XeFt79GTSTBfWUwhwhLSnumi9w3UxrigUB/+59kc5cmw2edO/QemLKiKp0jC/XSuC9rQSGFw+CBC8FJi8UHphHKzkRm7LYvq9t41gMvUSUZjKQ4hMMMCdEhLqrZJpRTYHvGzX+/cErQpfv+HXHBruZPK+1YlqXa29X+9WI+D1Fo/we9tbD+7UnBQo2saaWTD+KBeslkYKFesaeOJP1BHOqzHjGc5znubEnpo6qnY7zYbkTaG8jgYJApjbiwch3kBcH/nBHLRnwcg2/a16opa/l0VxarvXhUjeVDFplFoCjfjv2qff3R8S7j271FyPis/a5/SnuwneRVMi4YemnfIouX9zIscDuXHsxSk8cCGTQTIQKMm1MLXeJFFi4cj0CY7IpxgbZWawncp5Ju1+iVerU4bT9cT4st2fsHSSQBJjYYpqfGRd6CO64RmyJcoSMhYkpsRiOMMLo80dGFZ3ippIpVKccewQO1nF9AggSCBPj8mci4kvXv91pr5gWTL08k07bkTs0HOs4FnyUV0cEMWAsEliLwJKgmdz7kkjBtXABQezg71honkF4zec5XNgcZBPsDO1eawxudh2Fic3QemEJvI4Ai1Ie+mmSR/C0tC448oOQdpGisExpemu3j4NEomTDqocyTuc4xUUD6xomDkd08emhz47Qhg+PiK8ZVfTfRsSbRsSvHaEBB6pjpvA9UJWtagUC4/dYL5Z/FVB6y3sIsOGVc0ssH6aWsUjBmGW+gWtHujj0bj3B3IrNn+TGXJM5p6UiAYWJivC99WkIsKgkmjuFRXzmVT46gEzHxAsNk8A1yjhlaE/CxBJrkC3EnzX6yWu0Q4DUhKQoLAsuB5/WThW7qAlxPCjEvbFI4C4CY2HiLBkQHBV1CTAny8weU4NmUuMUKRC0P2NYqBODAuuwMwTeLr+vuM0i9PQuytQdqXfcXWGi2a6xYh0QyFgS2ZSHDx5LouyStV048tpjYWKNgJqtDKVSoKJOU1OrMmlgkrCW+NMKD+txO4H3j4hvvXCZD7zy+9vveN4r5ASdZ59FAncRGL/7tZhwvOxNgDGYP3NEih8dLO3+6CBYIE6cIdjvOA6Y7rN7j9jhfgoTlcB7264JMHFlxxL1Oiexve2YECGaQEkstlGb1yrjl8PUxfta99/yOqVPI/eZKroYdG/LXjn2tX8sIt7xQhN8tx+7X639sQmMn/U9Wf4du2fOWfulIgW0sKL4K0N8tDPQw1IihRwFxQo97uSlAnRv2TWB5xUqNQ0lTzS73fz0UlgoPzRjx39Ou3u2MhmLLrwAUeXvK5lqdEpMivuu5d/7ITBe/GTLEAvZ5bKsR8Dv4Hosz3ClfEdmWxHxtXg7Q8+338Yl6Udp1S9FxOdGxLd0HiQS91k22zI9K3P4DGTbfu92UEOFiQ460SY0QwBRIq0HCHCJ+RsL7Z4KD23iZWABwkRr7eCd4wnd1MX7ERiP20adpz6DMygVL0mLBCCQGVtKGnxfELB6EkJb6G2+fwg+TFDPYNbcAvMj1yFdHbMNPVn+HblfrPvjBDL9KM+2XIRP5YNbG+8Y5iNrzwGn1mHr40rhnzYSW8i4E1tTnzEp3qEq3kIChyYwzrjQqwlY7vpvZZo6TqvJC/Bphx4ZT6z8OL/91HFi2tCOBsEKTUHkIhgj35eyTHUPWqEKp7pEuuSdIRDcqTp2o8aO32MKExuB9rKrELhFpGCxjkjBphzvn55KaeWKOHGWeBtV+3Dqbl3VSnpzCTRMgB004knkAoEJCEprjxNYJudYS2ANwktoqzaOF+89PadgVqb0muqewQuSH3ZtVe0bfiDsVLWxEJq31WR8mw54ZLjsFNerbWrgVY9GoMzCxL+xMrRIoHUCzGWZaywJnMnchE2UtKZova1T6pfzrqcPc17esWvGVZtSh1Md09OE/1QdZ2OrE+Dh/cLBtDdFiXxgbbVgr93ojP+w9eJnvOjq6Tk1TiM31X9xqywotceU919GYCzecRXTnC1jOeUsBEEKorNFAlMIlCL0q4pA2FPO9RgJtELglsCZCBQIFbybjjwvxkIR12VcXhBfeA/oVrvRCO1pwr8RIi8rgdcjwEMKy4EMiMOkgwVnz8GtaDNCDC8YXjZb7tqPrQp6Sts0Thk6x/SeMcZLXrX+3A8lXDjYxRmXrQXDs1LPuDq4r2353Dsr317bzXsyffd7ipXUa3/ZrvsJpEjxYRHxe+4//AlHYDWU1hRHdPlgc4g5PrHkUqRGnPCdMHMg3He4wsR9hPy7BJ5IgIcTC4P0OcatgUVCrwGAsvUZCGiq68Et44aMHwghWYgxcWS1vWQxzjoyZ8Ka5xKEyQB8t4yw4547DqqXLeE5xHeml+9JSz3EZBRRVuGnpV5pvy6lMEFtexLY26dvDbcm8JER8T9FxDstuBHzntxoYbPrSKX8XtMG5sSWFQkoTKwI00t1T+BSKktEid4VU9qIhUimPt26o3ue0N2amcPMAFuPvravfy1F6B6CYdtktqsdFhNwN77Ldox7vPLYOq4ngb3H/rJN8wnksxHh9tUR8esR8bYzL1PGpcCS4gjieorVNNX4MTM7/L7DFSbuI+TfJfAYgfEkA7NefneEh+itfZhtJ3jXHpYh4zSIe933Vk5Tzx/HB5hjAUFfEDyTbB6WcxG4Zi0Bhd6+Iy31LJPQJw0R2Vuql3Vpm8BYRPQ72nZ/WbvlBHBrfukwP/zsiHjKEDzzmQsuyRyTzSk+W7amKDcqWQcwjzvDemBBl847RWFiHi+PPh8BFGGybmQ8icxIwWS1d0sJept24yeLGfMeosQlEai359Q4hsbUlKGwoQ9YoI7TRJ7vm3m+Fo8ttpLAVql7z0f4cov5vvJ98zvniJhDYCxMaNU0h57HHo0Ac0U2ThBxU4QrM3xgeVtmJJvSvrSmQKBgw6q1hX+5WWA60Sk9OuGY3ib8E5rsIRKYTICHTmbe4CRECR68PQe5HMNJt4o9zVDHrhxzLAomd27FA8cWIXMWlimU4VZjnImKnbjzrel3stVcWhy7E7ttZ2Q8odYmxdu22qvfSoCFGPGosswRoG+9t+dLoAYBxPO06rz0XsKVNQNokn5zbklrCoSKvTbK7qsjbWLOiuhCndjE4/+WhQQUJhaC87TuCTAZxTStjH7f2wL5vk5kxwf1m0XwnpPy0n+POvYWNGzsFjQ1ZSgsMkbFnHPu62f/3j6BNJUd1/ThUaDY9ltyrBqmlcoLhgn3sWpvbWsSGAsTBk+t2Rveey8CjHuCQrJQv+u5yRyb5yvvNv7NXHNOYU6KEMBciM8956jjetJm5q3pusL/j5h5ZA7/zY5VmNgMrRc+OIFHRruTvS2Op3RPLRNmXmqZkol69rYjPDbxnZvjnvN56TPRPYM70ZSx2vsxLxsmceN27mnJ1DvjS+1jgplWcu6CnXEE3NbmMp6QYvJtLD37OATyuYlVxFRBDoEiLSrmunxAhvkqc8dasSkQV3hHpCWIrlsLx6vCxEJwntYtAR6MmF+myTSLRlTdVszG9gJPXA3azoN2byW6d4uJS5k55ghfaXFxNguevcZ+a/e5Zi2Ba5lxD7btrfSLZlFpkcBcAmU8IXZQSwvMudfyeAkciQALdebNiHMIBlhPTC3MkfiuMPfm30usKfjuMX/l2b3nBk75nVeMnNrjxXEKEwugeUq3BHgIsiBPn2LMpNmdPpsvP4sdLEZqTaR6T7N2KbvCHKuQjH2Cn6W7uN0+jl7XsPH3If+gMLV93zOxZgfMudL2rHu8wziekOOox162TXcRyIU6c2niac0tzEdToOBziTUFwgRzJe7Pv7febCvf2dwX64k9xZG5jJs63odkU91hZSoS4IFHoEvUWQqiBL/b+gFWsckXb81L4IGh/bX89sauDnOsCVrjea0+BDJMAYxj5pr9sQtRSzg6CuMe6jn2Uy/b5Pt7+x7mHcD3lImmRQJzCfQuss/l4fHnI8CcksU58RfWiNWT1hRYEnLtJUIFgiE/W7l9UC/qx0YnBYsRXFrOtp5YNNqd2CzC5kmdEeBBhw93LhQxkeZ3Z3yI5EJoql/gFkPhDMJE7sQmv7kvbF56+aJXid9iFLZxzbFbU9ZqTiaXNlpyvFrwDiAAMqyZWFokMJfA2A3LzBxzCXp8DwSYW/MMZc6y9twyrSn4ri0RKZjnb+X2gTBJvXBFwcKVulruIaAw4RA5O4FxGr4z+23z8uDFwXOhZs7oMwgT4520uS+tXLDOtbQ4+/f9SO3n+/jQlTgSvru378nMyKEItD3rXu8wdttzLPXa07brPgJpecYck9gLzPPWLojJ3Acx4DkRwXx+TnyK3ORJtw/qd2t8ufF8FtfAH1674T1dz8lNT71pW+YSyFgKeR7BHrEYOKOlBAxaCao43mXq0ZVj3EZefsSZmFrSPJJdCHdzp1I71nHXrCV04dmnH5ngMolENLRIYCmBMhje3Of80nt6ngRaJcDiH1dU5ptYT2xZECrS5aPM9Dbnnnxnv2h4D/zCnBOLY98+In5i+L/PgHsgKkwsHGWedngCTDpx38iYEogSKJtnDiaIKJNpnmq6B5zBYiJ3Y8sv0tzncU545553+C/vSRqAtUQ+n8om9yjUtdilGbhwTmDaFtthneoSYE7B7m0WU/zW7Q/vXp9Afif2DOCcQTT5zJTrc0l8QkQ8OyK+OSK+JCLebYb1w/8aEf/9cEOfAXeQd0I7d1h6fA8EECUISpP+Xph78aA6884ziyC4sOipXUprgl5da8bWOjCf+7Ji/BKoFHeOs1r51B6rW93/WopQBNQyaOpW9/e6j70fEGq3MDmW73kIjL/Lc+MJnYeULT0LAd5hWARixbB2zImpDKkDPzzf2QBgTjbH7eP7IuKPRMQ3RcQ/Hdrz2RHx4xHxQcMag+/6T0fEx0XEmxQVc+2tMDF1nHrcCQjw8CH7RjnZdKLw2EuCh3MLwXlKE3YsN1oQS7b4atC28kU4d/eghUClW3Dxmo9Zc136Lrp7v8/o4D1BH+DGYUaOfZj3epexCM1uMUEwLRI4M4EMiAmDB3dw67iPden2wbv3PpHilwqxAfeMsXXj34uIDytuyubRrw9izA/cV5kz/13V5sy9f862j3cvzh6MikkTLwUm4AgCLZSyj0jbesmcvYV63lqHcY77uTsH9B2LpkeGNFy31sfz2yDAeMeCaVx6tR5qg/oTa5FBCwnSxvPIIoFbCGCNWfq4z7WOu+XeniuBlgmk2zAbLbcGmlyznbkx8IYR8SER8fNDbAzEhu+KCOr9ycO7GiuJj4qI742I9xwqQXyib4+IfzCkduf8b12zgr1eS2Gi1561XZcIjP36nXQ+Zr6WqZJamYCXFhPUjUlcj2WcmWPJeExxw4luPyNkPC6yZVp27dfHmaGI76RFArcSMG3orQQ9v1cC6U6RbqlHcql+SkS8eugYhBXmYxTapHvtwhGrMLEQnKcdjgC7kJjmpn82ke0RKmoGeawNERbs4jD5bukhWga/nJtGszbTOfcfB/lckm2BPsTihTgT+VKcUwePbYvAOL1gWTuDXu7XV7nDPde9ar8aeqcjEWADgOczu6gUI/Mfqfes69YEWNSzIYX1J/Mg3ee2Jt7w9RUmGu4cq7YaASb7Lx0CmXFRTKIRJc6+kMuFcWs7seWOcc/CRMaIyIG+JJ5Gmv33zGm1B8EBLnQt6OXZXc727rpWMhTt3W7vtx2BMjsHGwHEmWjJdH27lntlCUwjQBrRnt13p1E4+VEKEycfACdpPhk4DHb5xM7OiMS5e9OS5UjpyrHEveEow/rS7viSXXF4PXOY6LbUj0fph5bqyY4Ru6vj4s79vr30ymHRaJDCfbn3fLfx877nd1vP/WjbtiOQAShx6/Cdtx3npq+sMNF091i5FQgYV+IyxIxNsGQhvEK33HmJMlBY75M3dgjKsuRlnLzM2LD1yNz2+teCXi5x8dm2pv1fnR1tdrNbyFLUP+3ztJBx9dShubyDed5bJCCBxwlgNchmC5azPIPPbtl8urGhMHG6Lj9Vg9mhILp97kBiIsZEs6V4CrU6BA6YK5eWJLXqMr5v6crRuwn7ODPHErcaxjfjHBGnlcwqrYylI9WjNPUu682uPX+z7EMAgYjYOzx7fFfsw/wsd+G9i5CcqQiXPO/Pwsp2npsAmzZL3FvPTa2D1itMdNCJNuEqAYJd5o6XcSUew3SERWxpMdH7xG2cRm6JEEOf4gJgnInjPgyvBb181ZAuVxed/fo2Xcl6f/bsR9Q7lQRKKzmf2Y4NCVwmwKYZcxssjJgXGY/lJCNFYeIkHX3CZo5dOF7kbvLrhAl2AVkQt2gtQSXPJEyU8TRo+1KzffryhYNpsC/w4z3wrqUI9bm1f19iMYE1Gc8hBaH9+fd+x9Iyimc1Apjm6r33uu1bQqDVAO1L2uI5EwkoTEwE5WGHIpA7yFlpdh0zTeihGrJyZWHwnMHkv+UJdzlxWxJzYWVsm15ujcwcVDCzORhnYtPu2uTiacU0fkZh5cUiWXeCTbBfvSiBL+kL50f7cj/T3UoXPq0mztTztnUuAeZIzG8I8M38puW569y2efwFAr54HRY9EniwSA1K+57m5P7Rbs7d+dYX++wiZb733v3rxyIa/bT0uYw7B4tYXt6W4xC4liJ0qfXMcVreZk3ThNh4LW32Tw+1Kt9xPxYR79xDo2yDBDYiwGYVAgWCscLERpBbuezSCXAr9bceEhgTGO9Aawr9OCEe6hl8q+WHe2kxcYZnFH2RwdDoraXCEbtw+C8j5rTcvz61nkhgLKTmX5eOA/kuJ5CZUXxvLGfomfcTYJ7y0sKSs/fsU/cT8QgJ3E3AWFonGSFnmPSfpCtt5hAoh0k+k0uKgeMeHxZkbWCxeoT0ZOVC/QyuCePMHM8f/NvnfqnTIqZ3K5O5XFo+/lqKUNw4MptQy/XvrW70B99HrCaIMWGRwFYExll4nI9vRdrr9kIg04fybDaWVi+9OmqHD8JOO/akzRoHkHOB9vhAYLLNgj+zlLQ8RHKhfpbYIONxu3S3lkUVwhznc01L+wTGWVmyxkvFqfZb3HYNcashDg/8tTpqu6+OXrsM7Od3/ug9af33JJCuj0vnSXvW1XstIKAwsQCapzRJIBdluctoQKnHugkeDwzplo4y0S7TqZ3hGTWeoN4SWwB2DxdWQ01+Wa3U6wgQF+SSZYRxceoMktzFPoOlVh3C3jUJ8L1HQH7e8Avez08WjwQkcCcBXJIR9PnuEFNLy4nOBswZJv2ddZnNuULgZYU1ADvtWAb4wHo84OWRdmAzKv4tC/QjfVHG5vy8bFmYLim4cyBEsbAym8MSgvudMxak8s7kbG81le9+dOrciZS7uNFocVSH/9nuOn4GaOV5thFge5cSSGtDYzEtJdjoeQoTjXaM1ZpFYLywc2L/OD52ZRBp2Ak8gsUEajjCBOUswsSlzBzsnC3pr5zoOsGd9QipcrBBL6tgv3rT/B6e5bnTFv1z1ob3He/mzEKl1cQ5x4Gtnk+AeS1uHWzG8L1xI2Y+wybPUJhoslus1EwCucPOaWeJSzAFEVYkFBapRyoZ/PJMkcrL9HH01S27ALgHcL0jBDo90rhcs67Xgl7qhrMm5XnXQpggUwK+y1rbzWPn0csJZNDivIKi8nKWnnk+AhmTTPfHTvpeYaKTjjxxMzIQTiI4ksvC1t2Wk+vMUrL1/da4fmkx8YITmVSPgyDe0nZe1KQfRZhYYnWxRj96jbsJjAOe5tG39LvMbyOQC0TfIbdx9Ox5BHg/YzXx1OE0rSbm8fPocxPguc13CAsKxGXnPAcfDwoTB+9Aq/+o2T+LWYrWEo9x4OGMaSi7r0d7SJc7yWdyyRn7Gt/SdtOGtv9gLAO8lrX1nVyv75jY8sP3R7Pgev1wxjuPrSYUKM84CmzzLQRYCzD3NYDsLRQbONdJUAOdYBUWEzA96GV0ucg94uSmtJg4U2T89x1SfWaP3uLnnuLOEft/8cPgQCca9LLNzkqR23lRm/3Tc614ZqelW7ZzaZyhnjnZNglcI4DVKfNH5lKWAxPwBXzgzjt51XkAETwurSVMD/r4gIAJi59Mp3SkoVK65pzNpLrcRb/VnJdr3SJuHGnMHK2u14JenkmIa7HPMhOHGVFa7J3+6zQWLIl1giWFRQISmE6A9yvFGFvTmTV1pMJEU91hZWYQGL/EbwkWOOO2zR9K8DaEiaM+lHO3n5R9/Pv/b+/tQre98v2uHyJC8SA7Sn2h0kygFtGNmRzskx40M2d2V5sZSxVFyAwWdlvdZgJaPMvsA5FKMZMtiu4WMsGD1lrMTLXYs0yUgniSGWQjopIdtBvdrc0e8EBQiHzmuX6T67ly////+76vta5rvXwWhCfJc1/r5bPW9bK+6/cyk0k1Y00/YxbanhMzNllvLOvAQH7t3LYGvWxnLtY9SYulPS5UbY7MXvVCgPc2VhOl3gG9jNt+SqAkgfxmzEPLknVb1wEEFCYOgGwTxQmszf2pXGuJLxDn5rbXe3vtnrNnY1580R1QIQHQXl+1s0dsS8sTI7wfMHE3NLENcpqXzmYddAOyQ37KO4W54fnDfWiRwBkEtgcuiMpYUlkkIIHbCGA5gdWoVke3cTv9171uXk4HZwdOJbCNLWGaoGdBfzgh50GMONFb0MtcUPlhhsUEY5qplAyABjvShurO0c4KYk4+XrmfZc9mXOvtzMqznqRgpDtNazMzV394RmA1QfDqLIrLc60BR7ufgN8/+xmeVoPCxGnobfhOAvnAycu1lnhGgmjyHwxgPZLCxPsRwan/TCXnMMe816w8zYLZbPUqVI00/wa9bHc2mRvuP545M7mPtTsj8/ZsmwKd9cjhi0UCErieAHsFXCffjgi+pbSEu57dqb9UmDgVv43fQUBricvQMEXmxJ2TPzakvZZ0ZyDVKS+VmcpWdNtr7eApcFurx6CXbc3HujdYF2E232tsnnbJ2rN7CGxdvmYU6u/h5jUSWBNIkc8MZR2tC4WJjibLrv7MtD9zFYNDa4lniyLFmhHMkHmRvBMRvEj4OJutZMpCxr03M0fGYvGj9vxVtI2Lkz3aKz6dP7IxeoAogaBrRo4x5rP3UWzTh/I+luYpAAAgAElEQVQuIA6Np769z6z9P5pAHtq9puXR0ejva09h4j5uXnUOga21xAgb8RIk08pgT7DEEv0oUUduzPe6MZToyxl1bANg7omfgpDHhgumngSfMZtftPlQ0Ev9x8+dF1rPUzUDkJ4/F/bgCwLb75206NEtz1UigdsIIDoj9s2W6e02So38WmGikYmwG08SQPXEFDpTAHkK/AwZ6UHxQSXn+QiFFwjK9qybhG0AzL0b1+S5R+AYYV2dOYatpVf2haCXPM/caJw5OxGkCkUQJMZEz25w51K09RoEECPWgTAROHk3WiQggdsI6NZxG6/Tfq0wcRp6G76RwDZwnNYSz7JW4BtNGeVeJoAnmzU25DMGoWOThACXZa/lSNY3q9Bz42Omys+3weyyEcREU5lVQX5TpWRK4SRttvTEN0Hyx6cQ2Lp00Im9YvUpA7FRCZxMgG8hrJB43vNdhehnaZDAKJuZBtHapYIEjC3xZZiZHpSPaR6wI/ieroWWEdxS7rkFtrEI9sZR4cOWF7EWRvfMRplr0mplW5sb4TJ899bCs5P7brZgu3u5ef0xBLZWdLSqBdwx7G1lLAL5jTljcPVuZlJhopupmrqj2xNHX8rPgrQRJHK04HmYqmIpMfNJMqb9Lyx3/Kcr96V7HwJpDuzz/l6C91+XwtC2htHu2/sJnXtlzs9eAfDcUdj66AS2Lh3Gmxh9xh1fLQJYTWA9wYGNblG1KO+o1w/VHfC89DACuCugdFL8oH/GAX9oxAlO+3jQjlByk7A3G0XvLLaBEveerOeJm+5Px6+Mh4JezmoRdPwMPN4ilhJ8oM6aBai1+bA/lwlsU0nzK977rFuLBCRwGwEOv16KCL+JbuN2yK8VJg7BbCM7CBhb4svwcrMzWm7mFCZKWAnsWHKnX7pd83s3sQZ9Om9KP7/QtGak583HtuUU7fbeY+2MyJ6MSuCS9ZXxJkadbcdVkwCCNId6BJbVArsm6TvqVpi4A5qXHEog00fSqB/0z9CPKkxwKvT2Eg9h5sBE2wCYJQQorI6wROElbDmGwFZgylZLzOcxIxi/FYQJhDvuuRmD7Y4/w2ONcJtClNG5sRprjh3NMQR49vOOJrOdlkfHML+qFYWJqzD5o5MIbGNLeDrwLGMDJyewGC21XZ5ezu7vvTXb3ZuZg9s3Twc4GXYDdswDLbM9rFsjRWi6pR3TC1t5jEBmNcJdyiKBHghsg+nO7vrYw5zZxzYJ5L2kxVxD86Mw0dBk2JUvEVhbS8y+WU046Rs3okiD4MKJEALFaKLLrbf3OthZibgqKfqMuG5uZXvE74kBQ+rbbSkhMh3R/xnaQCBCPOLdwsmZRQI9EGDd8h2QAZLpM1aUBvLrYfbsY0sEcOngW5N4E3tjebU0rq77ojDR9fQN3fmttQQvXV6+Mxc+onmQwmKE9KDbuWTO31jGN/up/tZkt8RLk3gHJUSOme/Ba8fO/fn6hR9rdn0twfq/S/Ho1ybPAlSftC2UJmC8idJErW9WAukazeEN7wLLyQQUJk6eAJt/kMDaXNHYEs8ECSxIKKNGEs4591T/i3SweYOUmHOsMDhloy7Mfy11CKzv1XUL7y/xDOq0aq23EsgYICXurVvb9vcS2EvgklWWa3kvVa+fkUAGqXZP3MDsOwkNTIJd+BKBrbXE7MHiMN0kQA8fIiNbjrCh4yQIgWL2jXONAJh5MuDHa92HbrrNbFuRe13ut9aeVi3Oy63k/H0rBLaWWYjPCPuzWxy2Mj/2ow8CuefQZbyB+VKYaGAS7MKXCOQGir/QWuJZxHiCXlJKmPS3uuRwVaGwUbA8E2fSj7hEbIJcR57c111dl1KE6kJTl/k9tfO8IRgp94VFAr0SWL8nGMPsBzm9zqP9Po8Ah3+Iery7EfZmzgp33iwsLStMnD4FdmBDYGueOLv/L1YEWEvw8Tw6i7SSMGvBs5ti7c5UYmObQdPYkBGF2lKewEMpQo36XZ71nhrzXuADVGFiD0mvPZvANouT4sTZM2L7PRJIS8cSh0A9jr+ZPitMNDMVdmQhwCYcsyqKqfWeZah4exIhETcOTFBnd+PIh8F6k1sqJVyKHT776zxyL6UI/XQJWlunRWu9h0Ca7o7sGncPF6/pk8DW/VWXjj7n0V6fRwCBjzhu/GmQ6vPmIfw4PRG+TX+JwDbS9OgWAk8tAXi8s7g2IFCQqWHUopvBl2d2+7FZwhc+xQ7NfcvfSQ+lCDWYa3nWe2vM+0BLlr0kvb4VApfiTegW2crs2I8eCGQ2NL+PTpwthYkT4dv0lwiwCc988lpLzGUtgcsKsUX4uBpZgLnltt+a6JY43c2MEZor3jIT1/127XqTV2gtcR27o3/FifIrg8fsOZqp7Z1LgPcF78/XVt1ALCWgn0UCEniaQB6Q8X5Q1HuaV5VfKExUwWqldxDQWuJ5aDwgcWsh2OXo1hKMnPG+HhFsmI0o/sVagMVLy3+WsiDCLYR/ECksZQg8lCK0hJhUpofWkgTYwBFMGNGIjZtFAqMQMIXoKDPpOM4ikAcMWtOdNAMKEyeBt9kvEdim2Jt9ba4zk8zAIser2fvzt0aaFvJ/S6n4ea/54i33IF7PU9aq1Vc5viVrShHc1HAlqVpXKwS2qaZ5t2KabuymVmbIfrRMIN38zF520izNsOE5Ca3N3kBge9pY6mT4hi409VNOPXBrmcVaAvisAcbNR5QfUF8sx3WcCawnCMq0t+SHq36Ue0k+u/5SVHz+v8JPGb6la8l7ShG0NFnra4XA2tKOPum618rM2I/WCaRwXep7q/XxNtc/hYnmpmTKDm3ND9mQz7w5TeuBmU5cMxoyc2/5gsDWxalEAMwUAkukIHWunsVEeXMDQrbtrgzmC3ECgc589e3Okz3bR4BvqBeWKkpZ2+3rkVdLoA8CunOcOE8KEyfCt+mfEdhaS8xuPsUHM9YSnMLOdKKdGwQ24pbnCaw/MEud8mYEd9Ni7VttPL9IEcr9ui4lBKR9PfPqhwh8tvyFIqhrZGQCW8G0VMrpkZk5NglAIN05tDQ6YT0oTJwA3SafI6C1xPMLYp3ya5b7k80dJ874fKNUWx5eE6VelPniLSV0zDpn29g4cDB2QburIYUkBPDMANVub+2ZBPYR2D6fdC/bx9Or5yCQ+xItH0+Y71k2PiegtckrCGgt8Tyk3Czyf2eK5p8+37Nbyzx0y6zXRalNb8aZKCV0XHG7D/eTh2JLaC3R7lTnB+fscYzanSF7VpLA1hUQ4Z+17wFAScrWNSIBLOt4x/s+P3h2FSYOBm5zzxHQWuL5BUEKOzaMlJnuTQQqTnb4x1ShX35IbKOsl1obmrTveyBfii1RSjja1zOvfohAzpkuTK6RWQggTmCJmWmnfUbNMvOOcw+BjDOhVekeindcW+oD946mvWRyAlvf7NlNpma1luA2SPcVlemHHwoZZ4I/4VRCwCHI6utL9giDAN72QOYkJQO2rq+cPXDvbRSP/zXiL/cP75+ZAywfT94WzyTA8/2VpQP/W0T84ULvkDPHZNsSqEkg3aAU8mpSvlC3wsTBwG3u5wTWaRD5nzOvRTY5H6ysJWbb3PACwCoACxo3C5cfEqne87el3HxSDJspyGqpR/AlawndA0rRrVNPut7MLoLXoWutLRPg/fofRMQvrjqp1VDLM2bfziaQ7wvThh48EzNvBg9GbXMrApxWvbfaiP8kImbOxjCztQQPf7IaoEobjO7hx8Q6iFlJIeHziHCjdtvjmWcVJ+/rTByk9vUU/jaOR/86XaJK3j9Hj8H2JHAvga1LYCmB+97+eJ0EWiawjiE122HhqfOiMHEq/mkbX2/EZ7eWYDODtUQKM7OdYmQA1NnFqaceBuuPypJCApYYmPiWcg95ahwj/P0lawk/8tuf2RT3nKv258oeliewDdaLdSIiHS59FglI4MsE0s1YMfvA1aEwcSBsm/oZAV6OWEtgtk+ZfUO6FmlmNAVnw/1ORBBgqETchFFvM+4b+LwQEfgLIySUKLlZM43cdTS3Ue65CmsfXNN0Q7qO4Vm/ypggnH5ZJDAjgW0mtJLvkhl5OuaxCeQhhNnLDpxnhYkDYdvUzwisN+KIEggUs25I1wH0MAVnkz5bEEJOa94oGDdh5NtsHcCsVKBQ04betmLWmXPySkWd2xie8et81vLOycxHZ/TDNiVwNoH1ewQxlXcwJ8IWCUjgeQLrgwj3ywetDkEfBNpmfk4AtwWtJZ7hWAcAnVWRxVqCE0wEK0+cH39QpIjDr0oJE9TlSfJ1D+hL1hLvL/fxdTX4q7MIZGrqWZ+zZ3G33fYIbNOH0sPZXEjbmxV71CIBLIwQ8ojFxT3iN+oBs6QwcQBkm/g5gbVvNidXbEbxcZ+1fLa4tny6iDWzWUukzyvj5wVgeZzAOs5EyQ1xCh5+nD7OHwFnvU5Zt8zJrBZfPd2v+e7RuqWnWbOvtQhs4+TwHca9YZGABJ4nkBnRZnS1PmUtKEycgn3aRtcpD2fPDbx2aZmVBZs8TON54BuA6+nHwto/uOTJr2lDn2afJ+7rX/qh8jS3Vn7BcwYrIzOntDIj9uNMAtwHBPYj8HEW4jzx/ywSkMAXBFLE831/0KpQmDgItM0EQfbeXCwEiKeAG8PML8G0lmBpzHpSnYEXjXh8/QMio0RjUlgqiF9arpTM9nH9iPr45fp+pceziol9zNbzvUxBz/Xd4+zZ51oEttnRsPzCakILsFrErbdHAutDCdOGHjCDChMHQLaJnxFYf9jPrjxuA4BmqtDZlgrxJfgQmjkA6q1znsIE4h6CQqmCNdNLy6myfpTPU00BLf8v7FmzM7uhlVp3R9STsXxME3oEbdvohQCCHZaKr6067CFBL7NnP48ikLGlSn9zHdX/7tpRmOhuyrrsMB/xbELTP3tmk0E2k5gVpxhRMohhT4sjT+lLnvz3NP57+7qOM1Fyo5VxJvTBf35mcp2u/2/J+B73rgOvu56A8SWuZ+Uv5yJwyUVt1m+SuWbe0d5CIA+ESrrQ3tL+VL9VmJhquk8Z7PbDfmZRggnQWuLZMkSYyfgSbBws1xFYZ4YoaXmU9brpfn4etulBCdo7q4XTdSu0vV8RUV0BtL15sUdtEFjH/qJHbML4TrNIQALPCGSKXYWJA1aEwsQBkCdvYh2wDxSzq/EfrzY2JU+8e1tmeUI/M4N75yzVexjCr0RBQOTli8sV96jlmQDB/ZrF2Dj9rQosjEhRTUwQXDosEpDA8wS0mnBFSOBxAvktwDcSVqW6u1ZcMQoTFeFa9c9cN/iwZ9PDRz0bKSwGZi1rM3xOXvnvWR9wnEQT9JMH/qwM7r0P1idcJZ/hWa8Bnp7NzDbgpacl967Y864z48x57G25HwIpdmeP2YApUPczf/a0LoG1eDf74Wpd0hFR8qO2emdtoDsC26jPs6+3T1ZxNmYOMpXqs2bx993S+ZIkejovyVLCTgYJnHlt5owki/zv2YXE+1bq+VelCa5i2/lzYQ/aJbA+NMlezu522+5s2bOjCXC4ysHq64vFhIGvK87A7BvFiminrxpribdX5rOzb0LXL/7Zo/tmlgM/fO57TKzdo0qKCGnhRFpFxI9Zy6WAl7oc9bcacj2nqNTfCOyxBI4jkO6V2SLCN1aNFglI4FnsFYQJ74vKq0FhojLgiatfv+TMH//FQ40lUTJoYY9LLB/wmsTdN3vrjXPpDTPWFwQL5IR51vLeJh7B7Pdrr+sgLYt0wel1Bu33kQSwZOQk+IVVoz77jpwB22qZQB6oEa9o5oOb6nOkMFEd8bQN/NWI+OPL6GeP9L8NLsUpBKrrjCVZ+HDfN/vpalA6gvrsqRW3Js2fLrFgZr1f963Sc6/OmCkKoOfOg633Q+CS1QTB/nz+9TOH9rQeAWLmYYnHgRDfXpYKBBQmKkC1yp/5Yr0REf/vosD/2SXi/6xoiAqfCuvsIo1xDMrcBaneU1vJ53gKRzOelPHBgbUE4kSWmUXEMiv1nFqwKuIjknuDebVIQAJPE7jkxjbju+BpUv5iNgLre0MrvIqzX/KDtmI3rbozApiCZynpA98Zhp9113Spz89aZjowGN2+1cy6QrGHJ7E6SgXAzPXKaTMnZTOVbbBeP8j7nf20fJldCO53Bu35WQTSam7dvgLtWbNhuy0R4ECId8t/EhF/qaWOjdQXhYmRZrONsWw/7mc3o12bRhoANALrEdw4sJyw7COQIk/pDXTGAJnpY5SPDawl8nQdFw5P2vetzzOvzucu4poR1M+cCdvujQDPPbLZrGNNKPD1Nov2twaBtaun75YahAubAFfqotV2RGBrHTB71gV4fLja4MzOI09iZreiKXVLpw996XWV4mLpekuNu0Y9KcZQN6IEwpkb2hqkj6mT1MxkP+JDspQ10TE9txUJnE9ge8BEj9yInT8v9uBcAgoTB/DXYuIAyBM1sQ3yOLu1xPrlzmaHqNezfiQzdny+M3XfrBxKPg5S+CIwWUm3i3z5zuJHyX1KamN8SCkKZyVX6fF15bPGU97j2dviGAR4FmI18dJqODO6940xm46iJIFfiog/HRH/RUT8VyUrtq5nBBQmXAmlCGytJfwofOb/n5udWTZ5D62nDNZY2u2g1PrtsZ61EFj6Wc5H6SuTvCPW9ynrE8sehbMe74hnfc5nzUwWP/3Olj1vlcAlq4nS6albHbv9ksBDBP5KRPyJ5S9ncnc9bEWU/pg9rOM21ByBbZq92c3+MvtETtTs9xobPXxWZ+dQ8sZF9OLjEa6c8pcs6XYzutUTcSXW8U780Ci5is6pC6GJ5w1rV4HpnDmw1TEI5Hs7R4N1nvfVGHPrKO4jkN/2vxkRv3hfFV71GAE3Ca6PUgTWL7DZgzzClNgSmXZwduuRPMGc3Wqk1L22rieD/JVmmy/fkU/I0uQ/eY4uwtRYf63VqRtHazNif3omsHXPZSyI1qWF8J4Z2ff5COSBxn8UEf/afMOvO2KFibp8Z6l9ay0x8mbmmjndbnhmNinmVB+RBiazW9Fcs3Zu/U0KEzVcZPLkGSuC0QquZ+9EBB/eFDLF5L+PNtaZxqMbx0yz7ViPILAODJztaVl2BHnbaJXA70TE740ILIhG/D46lbvCxKn4h2k8/dF9aT0jsH6Rz249kifvs1uN1LzZCdyIxRJWEyUL65g4EwhKvIBHKumqwphYm7jEaPbf/wx/vqxVzc37n0tH0AYBDhUIfLlOH+qGrI25sRfnEPgnl3viv4uIP3ZOF8ZtVWFi3Lk9cmR8DGapcXJ75Fj2toWFACfNWWa2HkkWbPjY3CJgWcoSWK+30q4Iefo8mqULH9pYS6SrVWluZWfY2q4lMFs2mWu5+DsJ7CWwFnKzLrMX7aXq9b0SyG8j+j/7nqf4HCpMFEc6XYXbF9bMbgtM/jaS9YsTn8Tmw1sz+bqPBdw5KOsgjiVazEw7o81fZuFQMCuxStqpQzeOdubCnoxHYGsZywhn/r4Zb4Yd0S0E/mJE/KsKE7cgu+63ChPXcfJXDxPAxO+15a8/jQg2MzOXT1YMZnZfWKeP9eOl7h2R8RIQEFKkKNUiJrts5LEqGKGs47/M7mY1wnyux4DlnnM62qw6nlYIXHLpQNzl/W6RwGwE1pbi7qULzr4wC8KcsKptkMeZN+JM/zaC9Wgm8Lcs8YyzobnnLdTu+21a6Xy0ck+4r6YvX5XzOIK7w/r+JB4H1l6jxc4oNe+91ZNzq1ltbzNnf3sicMmlwywdPc2gfS1FgNheWOlRPHwrRTUiFCYKwpywqrWfFcOfeSPO+A16+ewmYJNAOiUsaPh3N391Hw7EmcCNg/VXmnX67Y8gMK3drEYQWuquqr5q/2B51jivfc2bve2PwKUsHd53/c2jPd5H4M9ExH+4VDH73mcfyc3VChNFcU5X2drn8KcRwQZp1rJ2XYDBCBu5e+YSDogSbGhnZXAPt73XsOl+MyKI8VIyyGiu696toTLvOFYluLuUdnnZO39efz+BtNyrYTF0f6+8UgJjEuB+Q5x4aTU8BHECfePaa5HADATIzPGby0C1Gio44woTBWFOWNXax2r2j8Kt9cispl3JofeNbG+3c55i1Qg+m3Fkel7T+axyXfa2sp/ubz5zZs6A9DQlfyGBcgS2Qb6p2WdrOb7W1AeB/K7gHYQboaUAAYWJAhAnrWIbT2Hm03EsRT426GXkySUuHFhMlHYrmPRWu3rY8C9pLZEN50doj+aK3JtYkmTwTk42PNW7ekl18cMPl+fNyz5zupgvOzkGge1hjOLEGPPqKK4n8DsR8Xsj4m9HxD90/WX+8jECChOuj3sJbF9KNU5q7+3b0dfh34+peJYZ/S3X4owB6I5egc/aQxyjlM6gkXEmepzXfE4ZPf6cNVm71VybBDNFQLNIQALHEMDND0u9VzbN9WxZdww5WxmFwN+MiD8UEb8REb8yyqDOHofCxNkz0G/76zShjGLmtZQndnCYNV1d+vDPOv4W7mQ23/xTI2UvaXCpu7ToUZMbYtkfXQJUEVPCjWtN2ufUzby+sazLGtZC54zKViXQDwHeCy9sutujdV0/xO1pKwRMGVphJmbeTFbAOVWVmOln8KOZN6MGvfwiTersAVBHfgBwMvZaRGAuz4do6wVR4rOlk57gtT5b9/UvrbSY35kDL99Hz6skUIYAgi+WaWtxwngTZdhaS9sE/kpE/InFhZBvI0sBAgoTBSBOWMV2Mz5z4MttXu8ZN0GpGntKcu7DIGN81HC5SHelXmLJrJ9Rxh44d13Waj3ddGqs91p9tl4JjEjgUjBMLJh6srAbcV4cU10CaS39tyLiH6vb1Dy1K0zMM9clR5oboKxz5g9DTmXztO6H8cx6YKaCiT+bwJnXQCvzzX2JixViGZu2koU5pm4sJ1p3iaB/ry9rEssug7CWXAnt1MWzh28Y1n0PVjztkLMnEihLgPcD7xzcqtZlxnhbZclaW6sE/mBE/E9L5/jG0GKi0EwpTBQCOVk1ZuR4NuHboJezBQDNuBJk4agR12Cy26rYcGtl58jNX+tm85zUEZBNsazYkmquohTHNRlvbmrs0MQE8tmbCHhnEJi2tFA+MWKH3giBfzQifnvpy9+IiD/SSL+674bCRPdTeMoAthk5ZjXh5/SYk1nKbPEV1uKUz5FTbsOLjWYwwBr3JJYIb0cEAlyLKTcRTDixy5MLLEe0lmhnbZbsSc11XrKf1iWBmQiQJYfn7jpThxmRZloB84x1vQ/ie4hvLksBAm4oCkCcsIqtMDGjud42zsZM6er032/3pkc8QDTCmqf0pjzFqG9HBBvD1ko+l2YOxtvanNToD9YS+PYyz2yELBKQQDsE1oGHs1d/PSL+fKOCdjvk7ElPBP5aRPxzS4f/WET8lz11vuW+Kky0PDvt9i1Pq7KHNU5n2x39s55txZmZAuxlXI1eAiG2vpZK9w+rAdxralg14NdPac2fErEsBRksmTQdLr2q2qkvA+21KpC1Q8qeSOAcAtug4PRixhhc59C31SMIrFOF/gsR8Z8f0egMbShMzDDL5ce4FSZm2pQnzQz6yH/PlJUkx+1HRvn7qlSNvDBrmc9y75M2FCupVgIOrk/oZrTeKrVueqknPwj9fullxuznjAT+2QunyAgWxP5p5d0x47w45v0EsNTDao/yP0TEL0fE/76/WmuAgC9218E9BLbCxGwpMrfBP2c5uTPY5T13y/HXcKLMh18Nd4s8rW7JWgZrCYKuvbBYcpR2YTl+Bm3xIQK9pa11JiUwMwHeQzyX12WW76WZ5330sf/ZiPhzyyB/MyJ+cfQBHzk+hYkjaY/TFibinJpmme2Ucsagl28uQa3MwNH+fcxGHRGJuCes1ZIF6wREAE6++OfskibDZGdIQebsPtl+PQIfLEHGOLFiHVokIIG2CWwPshCOeTe18P5om5y9a5XA2mLa7F+FZ0lhojDQSarb+g/OZDGxDew0Q7q6NFtDlMBaxA1B2zd6nirXemG2lDZ0LUwwbsu4BPI5NMMzd9xZdGSzEcjUvttxz/TdONucjzzebeB740sUnm2FicJAJ6lu5hgTacqeUz26tUhuBkiHythruAdMctscOkzmDQGhhojUStpQgrBScCtxXR66vE5pDGsJ1jXBlmus61MGZaMSmIDA2t1uPdzRv58mmNrphvjrEfGry6jJxPFnjC9Rdg0oTJTlOUttM2flWJtwjZ6WkE3AOxHBiUet0/dZ7pmjx5nuVjUC06ZFxpm+wqasPXpFndse8/1xRCCQ8u8WCUigLwLbTGb0nvcU7xHjAvU1lzP3dp2Ng/WLUG4pSEBhoiDMiaravmBmSRe6jsTLdJ+5Mau93Pj4R5TAdaOlQIe1xz1K/dyjzF1aTpQeFxGpcWvixOvoklZLZMPh3z09P3oGjm8v4/rM8q45nrAtSqA+gRS11y2Z4as+d1soQ4Bvqr8YEf/gUt2vRMRvlKnaWpKAwoRr4R4C2xgT36wQZO+eftW+ZqZsJLkRwFKC+Ta9V+3VVb5+hCU276UDYNJT6kS8wprm6JL3oR+0R5M/pz3WGUJYxrjxWXTOPNiqBPYSQMzme+KNTUWePO8l6/VHEMCy56Wlob8dEf9ERPzdIxqeqQ2FiZlmu9xYt3EWRrYcSGq8UHHj4E/KyAHY8OVGGWbjxwmHG4Fy985RNaV1D8IE/166nOXOka5UCmalZ7Td+lpMUdsuLXsmgfYJrDd42VvEbg65LBJolcA6/a0Z6irNksJEJbCDV7s1x5tBmNiKMaOaFGdaUJawUbP7vpG5T3FzqOHqgKUEH5K4jBwVeJI204VkFiutvlfg/t5nFqTR4/nsJ2UNEuiHAPc174912nl6jzUForOHIf3M5Sw93VpM6+JcaeYVJiqBHbxaTtM5Vc9CTmo27iOXddDLUZXSTOvF+Ph3Pw76XtHpclVrE58WRAhYtcv6mVMjoGft/lv/fe71iAYAACAASURBVARy3g2+ex8/r5JAqwT4xuAdpTjR6gzZrzWBtbUE/9/9c6X1IdhKYAevdpuXevSPxm3QyxGV0twAYPrPx0KNuASD3xbNDQ+LCQTDtJwo3UGsJV5folLXFLGIMfD2Mg5PzkvPYtv1Ye3zih+BbU+SvZPAnQT4tuIkOv32sxotJ+4E6mVVCPB9/N7KldvvkCqYn1WqMFER7sBVbzfqtfzYW0G4NeEa7cSW+WTjx58jii6trKMz+sHLlJcoH3qly1Gn2Qa7LD1zfdSX7nMzuAr2MSP2UgLlCWwPurIFDkf4HjGVaHnm1ngbgQwGn1eN6sp9G5VKv1aYqAR2gmrXuXxHDgSZPs45pSNmAiAiNuaUPmzHu3G5T3+6UvpLjpB7A9Hg48UvuGTdWRebU+Ke4C7Cvx8Vz6LGWKzzegKsLUQ1nkkIpjXipFzfG38pAQnUJIBVHK6B28K3CcKk4kRN+tb9GIHMCsWfWYy/VnHNKExUhDtw1dvN+shmTdtAn6Nt3j9bNq2cTLDpq2mSP/At0ezQ2NRhCo94WGNuU9Sq9S5Jv05PzZtdYlU6ls/d0d0Eq8CzUgl0SICNHwLkC5u+8w7gecChkEUCRxPIWF3Zru+kyjNQ62OycretvgEC63RPvExebaBPNbrAaTCmhpRaJ881+v1UnYhL5BLnoTuysPQUh9H/njgQuOnUctHBneOd5WS75KnWOj0vogrWEjWEldHnv9fxEVwZl7la8VF65WK/JTAyAcQJzOYR07eFd0AtgX1kpo5tH4FtattawcT39XKgqxUmBprMg4eyjlA70oZ9jXHk7CN5IjmyG87Bt0STzSGq8UGHAFXDHD7jzZRcR4gSuG8gqlBGi+nS5EJpqFPpcz6i21xDmO2KBJokkC6CBFbeFuNONDllw3ZquwfwEO+AqVaYOADyoE2kCTfDQ1Fk8zBa2ZpwjeJXln77GRSRubSMS6B2Wk9cgHAJwiqjREnRDPET16kagkqJflpHHQLpa44VnlYydRhbqwRaJoA4wXcK1n7bomtHyzM3Vt8yK1SOqpbl6VjUdo5GYWInwIkv35o3jbJpzyndxtEYJfMIppJsJA12Oc/Nmxv7dEkqPfKMWM1Gcq+IkK4hrNN3l4/T0v21vnYJMO+4z/G8ZS1YJCCBeQnwzuLgZBt3AiKmFJ13XRwx8m22GCzD+X8lXVaPGEd3bShMdDdlzXR4m0JztLWUqeoS+Ah+ZSm28GBlPHs3kc0sRjvyKIFMB8tGHxGhdGEzSQYFThP2rKnMxMCGVDP+0rPUR315QjXa+6QP+vZSAu0R4P2CCHHJtYPelhDE2xu1PTqbwNZaoqS76tlja7p9X/5NT0/TnVu7coz4clgHvfw0ItapgpqemAc6l377ZDdg7jCXt8xBoHaGg0z1tteqKC0vqAdhcI/IMcfMjjVKBDQELkQp5t8iAQlIIAkgWHMgdsl6YuQA7K6A4wlk7Kx1ywpgB82DwsRBoAdsJqP959BGcuUYMehlzpepjga8Ga8YUuk4ENsmWV+fL+4X98QF4HoCXiKgjWCddMWU+JMNgZIuQcKVgATGI5DBnMkoti1YgmZwzPFG7oiOJLC1ltCC80D6ChMHwh6sqfyIzGERpG6UIIqjBb0knSMKMA9X5s2T6MFuxiuGk1l0agmIKXzd8xxY+3IaXOqKyRzwJxlbBHcjnr8WCUhAApcIIF5jBYhV1UsXfsDzA7N7v3NcP/cQ2H7/U0et76Z7+jf8NQoTw09xtQGOajGxDXo5glKam1Lv92q3Q/MVI0whUOHKU+ODDXGBZwIv9VsFSiwtKHxM8rF5j8VF8xNgBx8lkB+DWsu4UCQggWsIPBV7wmfJNRT9zZoAAjnuhOwDshhb4uA14kblYOADNbcNfjnKS2Ab9PKeE+BWppnN6AfLho/5qrEhbWWs9uNxArXjTNA6KUMpnC5cU3j5E8uFD0ziuLBejXh9DbmxfpNrU2uZsebV0UjgCAK8N7AEvRR7gvcJ7qt8/1gk8BgBDlcQJdbZy8jEsRYpJHgAAYWJAyAP2sR2Az9KYJhPVoEuew96mR/8pl0c9Ca8YVi8XPl4QwhgA1ijsN7SB/ia+vkIyCCsLytKXINsyN+8vVjysBZutbYZEoiDkoAEbiaQ3zvbC387Iv69xZVV4ftmrFNcwOEIFqXbFNU9H0x2O3EKE91O3ekdH1GY2Aa97PkE78Nlk4hg5Mv49NuliQ6wDvDJreUvecvJN4EuM5bAKNZWTUxyZ53IZ65BeTubOLsrgQYJ8DxJcfySBcUoB2gNou+6S9ssgwzGA72TplRh4iTwAzS7DRAzwuZiHdATP/deN/V5Os4LGiVYn/0BbrgCQ0BMRBDgFKCGWJU+v8SaeMxtaC0A+vIvMLGdVsFzCmsJnrOmh+10Eu22BBokwDuIZ8rviYi/b9M/3n18r+ra2uDEndClPLBZN/2TjUvHCd2at0mFiXnnfu/It2ZztU5h9/bz2uvZxGNlkP5kvQa91H3j2hmf73dp5VRTDEDcey0icM24JIhl3BPus4+WuBLzzYQjhkDmitdawvUgAQnUIPCQewebUU7JefbUEOlrjMU6yxLYfvNn7b27cJeldEJtChMnQB+kydGCX26zjPRq8sdpNHOTGRIGWW4OowABLBoyzgTZOWoU1l2a027r50OAYKwZ7JI/LXMSQJjCpxdBG8HMzcGc68BRS6AmAZ4zvI/45/ULDWE1gfUvB1Faltacibbq5jsF69FtYEsOSxCzfB+dOF8KEyfC77zpbYyJnoPXbVOE9qqYZuDO3q1XOr81mu4+mTNY77We/dSN5REferz8syBCEOySU3LMJPlQ9OXf9FKp2rm0ljAVW1XMVi4BCSwEOLDhvXMp9gR/hyWh7h1jLxcOR3Af3Aa5ZNT5zeIaOHkN1Po4PXlYNn8Aga0w0fNmOD+SE1uvkXg5Dc+4EgcsAZvokAD3bfr11xAGECaol7WYGTf4f4gSfAwg+tEH/t4yJ4FcD6RiQ7yqsQ7nJOuoJSCBxwjk++mSOMF1vJvYoPpMGmsdMe9vLPO7tdTkPcT3iO+iRuZcYaKRieiwG+tAkXS/1808fV+nCOW/exNZMpgg5vnm6+7wZjqwy+myVNOvH3EMM8n03023Lz4A+PBzjR444Q02xfogba3WEg1Ojl2SwAQEHoo9wdB17xhrATxmJcFIa34LjUXyoNEoTBwEesBm1jEZ2HBsfbV6GTLqKcJElh4fUmm90nN6017WS+/95D5lvSMs1owzgVUGkc8RzTip8AOg95VTpv+sP+KM4M7Dc8siAQlI4AwCfPvxHZvvp20fCI6Je4fWfWfMzv42edf8uxHxpx6pqrdDyP1UOqhBYaKDSWq0i1uLiV5v8PU4EFhw6+jJx4yTR/pba5PZ6PKzWzsIfL5cW/P5zwffL0bEH1/aqpkJZAcKLz2YQArBWkscDN7mJCCBiwQQzwmA+dIDfPhG5NBH945+FhDzidXmQ4X5xHLTgKcNzmnND9MGh2uXChJgM/zKqr4eg19ug172liI0+99rsM6Cy9GqbiCQEalxv6olwvHCTz9eRYkbJmfgnyJKEBiV9cCHo0UCEpBACwR4NuHegaXfQwWBAovaWu/MFjj03Ae+h5k/Dhdx37hU+MZHkNAKpuGZVphoeHIa79pakcQs96EHQcvDWI8BawleTL08sHj4YoLIySMvSpXflldaW31LN6xarj/U/29GxN+/bEL5b9dnW2vgjN7w8c+zig9D3TjOmAHblIAEHiPAdyzPp/Wh2/b3fCPyGza5lvMJZGBLvt8f2of8rYj4q753zp+sa3qgMHENJX9ziQBmbWn6xr9jMdFbwQ0iH2TkL2az30tJFxT8+HsRU3phO0M/cedg3bB+ShZOLNZpQv9SRPzLJRuwri4JIErwvMVaYr0+uhyMnZaABIYm8JR7B4NHbM80o7p5HL8ceKfgrsFcbTNtrHvTmyX08SQba1FhorEJ6ag7a2GiR1eCbbrTXjJaoA6/FhFYePAwZnPpaXRHN04jXWXNcA+XtHTiIyFN9BEkfn9E/HmFs0Zm/Nxu8KwimBzrQzeOc+fC1iUggesIcAqPkPpQ/ImsBUswnm9pwXpd7f7qHgJpLYwg8VjQ/XQZVDS6h/KJ1yhMnAi/86b/+4j4pYjg5PUvd3gqykuEDT6lp6wimRpUFbjzG+jk7mcKz1IWN2tRgrXJBx0fEPx/RD8/Dk6e8BObR/zK2BJaS5w4ETYtAQncTIDNL99d1wgUVM67DqGCQyPcnI1JcTPy5y7IwzjmgG+Kx6wjuJDvD9h7aLeP+2lXK0ychr7rhrcpNnnwvtrRiLY5rHtKEQr7PHVEXLFI4B4CeQ/stRTKgFMZM2CdbSFjuPBs8OPsnlka4xqECZ5VrBEEMYsEJCCBHgmwMebd+VCK0UtjWgsVuAwr0l+eeb4l+AfrFN4ZfOvy57Uu1ilI+I7p8c5a9VlhovMJPKn7W2Git9P7bSqhXu4DfLQpPYlAJy1Rm32CAC981tOe2CqPiRLZPKccFOOgzLkk+ajEWmKvADYnPUctAQm0SCCtKBBbHwuUeanvGZuCP/l27lm0X7uCvr6MJYUEBBje/4yP3/Hf7B0YN//NnylGwOkxt4zH1oCCRIt3yI4+9bIh2zFEL61AYCtM9GRxkBuyxLI+4a2AqmiVGUvi3gd40c5YWfcE+GAgpSdC161xSngGvLN8eADioZSgGYvGd033y+WuAfCRiijVU8ajuwbqRRKQwJQEUqRgE87m/NaSFhT/aUT8X8sG/syMHykW8GeKDRnPge+EPGz4fyLiH7l1sIV+j/s1lhH807OwUwjHWNX4sTjWfB41mm3gyD2nrkf1OdvJVIn53z3cA3zcEw+Dzd+tG8ij+dpePwQys8utrhaIEu8tJpZ8IGCB9FDsANYuHzhaTPSzLkr1lA9YxCusJXQ7K0XVeiQggZYJcPjFs48/7xEqGFt+52WcBDbfBJkvkRqe9zF9w2Ui/502eVenNUOLfBk/75GMH9FiH+1TAQI9bMoKDNMqChNI89ys9qHT0sLN7q4uU9alxQGBiUpmJdjdwQcqyECdX/cDvxbiKevNQKq3WA1xv3ywmGQiSjwVNyCtq3p5Rky5ECoNOteXz61KgK1WAhJonkDGSUjBgg5jqXhvyYxa/IlQwTs2BQu+bdNFIt0m+DMDRvbwvQuXFGGwJuH7N+N03MvM6zoioDDR0WQ11NWtxUQvm45tv1/uIBARLxJeNohBnExrMdHQjdB5VzIoITEAyM7xVFkLkogS/PdTZpR8EGFuySmHaSKfIjzO3+O6QUYW1pXB3saZV0ciAQnsI5CuH7wb+Xeek70U3vspqvw3i9UF36S837ffAxlbYi2e5DdH/jaFFN4R/Ht+T/id28uKqNBPhYkKUCeochs8sgdhgoceJ70ZmKeHFKG5EewtuOgEt8AwQ8wYEC8+IXq9vXLX4N7J05hrQPAxQhRznhNuUq8h1v9v0mXuVjeh/kfuCCQgAQlcTyAteLEw45+M47DHquL61r/8S97vFMQG3vP8mcLB2iVT8WAPZa99kIDChIvjHgJbYaKHiOvbFKE9mBd72nzP6vSaWwjkvczJ9kNxIBD0MuDVPfFkcpP6WBu39Nnftk2AZy2+1ddY4bQ9EnsnAQlI4BwCmTIzD9PyHUxsiD0lhQesExAcLv2zp36vlcAuAgoTu/BNe3HGPEgAPVhMEKyPD2ZKD9YSmNfzYsLdRGV62lut+sDTvemhzDqfrdJ4vXWnO0YG2CoRuKs6EBvYTSCDqvbgKrd7sFYgAQlI4EACmWoz40Wkuy9dyHgT/IngkN+OKT7wm6fcLw8cik1J4MsEFCZcFfcQwGcc0+wsrVtMZBC27G8PJ7cp/jxlYn/P/HmNBNYEPl8+YthIZtkGuN1rkp/r2XfO2GsP8RcTZNzPdNsZe64dnQQkIAEJSKAoAT8Si+KcprL0S88BP3Ta2gqQbYrQljf7qN9Yd2CFggBkkUBtApygYB6K+MC9vRYeyVyDsLd3k8k9uI5KXntM1n8OAU7oECb8tjiHv61KQAISkIAEuiXgx0O3U3dqx7euHC1bTGytJVoXUTIWxi0pHE9dDDbePYEUIn4lIv70KoUu90rJTDDvRAQxKh6KZdE9yMkHQFwJRF+ELs2FJ18MDl8CEpCABCRwKwGFiVuJ+XsIYPq9Li1v9nuylqCvryzWEog/FgkcQSDFu0wFxp/8v5JrkDgTxKu4J3jmEQxsYx8B53cfP6+WgAQkIAEJTE9AYWL6JXAXAE7D2EBnadViAtNxMgoQCIjS+qYoLVH2+vPfNaleNCUBNpR/ISL++Yj4e5Z7BIGspCiRYDNo1163kCknqvFBM7fEJWFutYhpfLLsngQkIAEJSKBFAgoTLc5K+33qxWJindYU32fMjFssbA4RUD5dTOc1g25xlsbrExtJgtjiPvT/RcTfGxF/OCL+20pDTcuMe7N7VOqW1e4kkIFSW7ac2zlEL5eABCQgAQlIoDYBhYnahMesPwOc5ehatJhgs08Qycz9TBC/TK/U2qzQr487sOhojZv9uY8A9wYWT5xs8+9YEnFPEyOgpmjAOkcs5B9P1e+buxavwiKNOSVWifPa4gzZJwlIQAISkEAHBBQmOpikxrqYvsTrbtXczNw7/LW1BJYIaWZ8b321ruO0+u1VFo7MO12rPeuVQN4bxJLAOoc1yObyw4ioHXSVdhBAyDpj6Z8Aa+fNiECc1tKr//l0BBKQgAQkIIHTCChMnIa+24YvCRMtmvBycscGiIIwkXEmWgOfm8QWrU5aY2V/9hFIy5ysZbvm0kWr5nshM4B8vVIci32EvPpWAt+JCLKtOJ+3kvP3EpCABCQgAQk8R6DmB6ioxyXQeoyJ/FhOUYJgfmyIWiu4byCY8FHvaWNrszNWfzIILOLEQ0JdigbfrGiSz3rHvQpBztI3AawlcAnCYs4iAQlIQAISkIAEdhFQmNiFb8qLL1lMYJaNGNBKWWcNaTUTx2uL2TzMMltBK/zsxzgEEAHYPCLOUVIEu+QyxEaTuCy1LaAQJV5YzP/HIT3fSDKLEEGFdUGbb/4dsQQkIAEJSKAoAYWJojinqKx1YYJYEmyu0nWjNdEkhQisJVoOyDnFYh54kNsAl4gNCHaPBSc8KggrKSXpH/9Y+iSwDiSstVefc2ivJSABCUhAAk0RUJhoajq66EzrwsQnjYsSCCYEi8NcHtP5PMnuYvLtZDcE8jQbiyGEACyarjnVTmujl5frag2Y58g1/anVvvXeTyDfAa1ao90/Mq+UgAQkIAEJSOA0AgoTp6HvtuFLwsQPV2k5zx7YOpVpbZP0e8aa8S9atOS4Zzxe0xYBhC6Er4wjgSsHIsW1JYOx1owzkc+Qlp4b1/Lxd88IZGpQ04O6IiQgAQlIQAISKEJAYaIIxukq2Qa/rJ1i8FrApDvElYOCmwSbMk6LWykpSrAh499b6lsrjOzHfQQylgQxJIhfcm+WF+ohUGZt4YwNLdYZWgzdN99nXcXzlSwcBLy8RfA6q7+2KwEJSEACEpBAJwQUJjqZqMa6ubZKoGstnHxuUyG2lr4OFw42fPTz3k1jY8vA7jRCgLXFCTaCBBtGNvz3bhrXFlE13w+0Q39xB9Clo5GFdEU3UrjyGXYFLH8iAQlIQAISkMD1BGp+eF7fC3/ZG4GtxUQLvsac5GExkaW2j/ytc5Y+/60JJreOw9+3RYAgqohduC0hUGCBsNcSB2uG1yPi1YppbHOD26K7VVsz3E5vWGdkeMFCziIBCUhAAhKQgASKElCYKIpzmsq2wgQntGxiziq5ycn2a/rH3zNGLCXoIx/01wYhvKcdr5mHAOb0WB0gwGF5UFJEQNx4u3LaUPrOvZAuHfPMXL8jTXG1NdG3X6L2XAISkIAEJCCBnxNQmHAx3ENg68rBf5PL/qySG6lsn760Yh6+tuRoqV9nzZXt7iOAVQRr+7OlmhprKt05aqez5d7AMoN4FnutPPZR9eprCGAxwT+4DVkkIAEJSEACEpBAUQIKE0VxTlPZ1mKCgZ+1lvhQ5nQXiwRKC/Eu1gshWXnKOM3tUW2gaRmEhRKbeUqtTSJtvLRYYtQSDVJQ1L2p2pIpUjFCFS5DGbS3SKVWIgEJSEACEpCABNYEztpMOgt9E9haTJwpTKQ/fGuiBB/znyzm9vrR973ez+59WhYQyyXTNH6rcqdo542IqOkWxT2CsHhvoM7KCKx+IcA8IVTxrMX9xiIBCUhAAhKQgASKE1CYKI50igo5QeU0tQWRa50itCVrifcigs1jC4FBp1iUAw8yxbcjBa50Qap9T2E1QUBFBBBLewQQJRCoiI/Tintce5TskQQkIAEJSEACuwkoTOxGOGUFGQRtPfgavu5Pwc2MBPzuf42IP9nI6eubEfG9iKjto/8UH/++bwIZRwJXB9w4sGKo5VaxJZWn5LgiEViz1qY0RZcznh99r45jep/uNqYHPYa3rUhAAhKQgASmJaAwMe3U7xp4C8IEJuAIE1k40att3n4NtOzXp0t/NFO/hpq/SQJ5Qo2lDev7p0sa0FrCwGPkMd/HmqFkxo9L7THmM8bnqnuaAMFWUxRzjp7m5S8kIAEJSEACEriTgMLEneAmv+ySMHF0ADvSJa79nd9arBTOnBpECVxLuK+wmOC00SKBWwjkCTUuFCm0nbUhpH1ckmq7kJBOl6I7xy0rpf5vnZf6jG1BAhKQgAQkIIGFgMKES+EeAmcLE5mdIPuOtQQixVkbOPrBySKbOHzza/vl3zNnXtM2AYQsUmcisLGWESjOtrZhTRPAFcsJrCZqFeqnIOxZ2iHgvLQzF/ZEAhKQgAQkMDwBhYnhp7jKAM8UJjD7xlpi7bZxtrUEfSJlKRtKRYkqS27YSgksiNsP8SMIKHu05dFTYDPQrTEgniI1zt/zPMOFhxg5Z4q94xB1JBKQgAQkIAEJPElAYeJJRP7gAoFMJbj+q6M2VGlenm2zqcNK4aiggJcWxDrYJdYcZ/bFBdsPgXWclJeX1LJ5St3KKNK1pKb4l6l1iavB/WM5l0BapNV24Tl3lLYuAQlIQAISkEBTBBQmmpqObjpzpsVERvFPWGd/POdHvMEuu1m+p3cUIQ3/fVyQcJdAyFrHSzm9g6sOpHjCfVcrBkRmAEHwNC7L+bPPmkQAZs5bE8rOp2MPJCABCUhAAhKoQkBhogrW4SvNU9T1QI+wmGDzhhvHutTOGPDYZKYoQeYE+sbGyiKBhwiwyce6hvXCn724/ZAyFJN+rDpqmvbDx43wufcPz3bcOGqJUOeOztYlIAEJSEACEmiWgMJEs1PTdMcI1MfGal2OyHO/tdQ4M0VoZuDgtPfdhk+8m15Ik3QuffYR74hFgpVPT6fReb+zWaXfNUqKfN5LNeheX2dapBlT5Hpm/lICEpCABCQggQIEFCYKQJywijMsJi6JITU3So9NK6bOpAXlzzPFkQmXXpdDzs0eawW3jZ5ECYDjesJ6rykacC9hccR9Xkv86HLxHNjp15ZArFjF1LSMOXBINiUBCUhAAhKQQC8EFCZ6mam2+nlJmKhtMUHaQjYvWYgYf0Z6QfqAOwknvATrY9NmkcAlAimm4bLBusHd5+wUoPfMVKYNrb3eaYfNMbzcGN8zU/dfk7FEenEvun+kXikBCUhAAhKQQJMEFCaanJbmO3W0MHHJWqJmloCHJgCT/PdWogTihBuo5pfr4R3k/mCDjTl8+uv3bgWQmXhqxpI5IgPI4Yuhowbhj3DWo3jWEWa7KgEJSEACEpDAJQIKE66LewhcEiZquVWs3Sayr2ekCEWUID4Ap95ntH/PPHnNsQQQql6PCDbvL0UEVkRs8kZIH5sxIGoKgpzakw0CIXIEZseuvvtbgzkxg1ivBh+9n6NXSkACEpCABCSwg4DCxA54E196SZiolbYzT2rXuGv6uj80rbhvpCjBh7ynihPfAJuhs6FGkECcw0KCe4ENHmtkFIuaNPWv7c6R4g4CyCjsWr9TMtvRmRmOWmdk/yQgAQlIQAISqExAYaIy4EGrv5S2s4bFxDrzRaIk1SL//8gT1RRiaJuNk6LEoAv7xmFhRYMggVBFrBH88xEkOPEfcVPNukd4YQNb6/7LzDs1XUZunOahf87zjNK7q9HQk+TgJCABCUhAAjMQUJiYYZbLj/GSxUQNE+9telBGcnQWjBRhECX4dyw4LHMTSEECMQJRgkCsbNRZH7U27C0Qz1gvNUUDXLfg6n12zIyzXnE78lvgGN62IgEJSEACEpDAAwT8GHFp3EPgCFeO9Gnf9u9Ic+O1ZUgNi5B72HvNuQSwkMBih3uAWCNs7DJo4Lk9q9/6Ue4cpCZF/OFet9QjAOPMbKQVWD3O1iwBCUhAAhKQwBUEFCaugORPvkTgkmhQeuP+8YV0oFgt8DF9REGUINgl7dVOhXrEeGxjHwE2cGTawGqAQqwFzN/zv/fV3s/VbGBfWAJ81nJXoV7a8P1Ub12kyHRGvJ56o7JmCUhAAhKQgAS6JeCHX7dTd2rHa1tMXIphwYBLix8PQcQ8n2CXiBJHtXnqhNr4gwRwLXhjcdNgPeC2weacNTpjQYzJzCO1TtnzJJ94HbXEjxnnbj1m1jXuMghrxpeYfTU4fglIQAISkEADBBQmGpiEDrtQU5hgU4K1BB/O64K1BP+v9kYFa5D3tJTocFWW7TLrkBSKxDvgH9w22CgjWtVeg2VHUra2PGmvGeuF+/yTh','2023-03-13 14:50:46',NULL,'2023-04-01 02:29:30',NULL),
(2,'edwin_sunardi','edwin.sunardi@sos.co.id',NULL,'$2y$10$oILEUYsj2bpjNUzWiML4xuFQ4sQzF7xUuDAOZVxjRnd0dNqZYlBja','Edwin Budiyanto Sunardi',2,'3',NULL,NULL,NULL,NULL,0,NULL,NULL,NULL,'2023-03-22 08:03:00',NULL,'2023-04-01 02:17:13',NULL);

/*Table structure for table `usersauthority` */

DROP TABLE IF EXISTS `usersauthority`;

CREATE TABLE `usersauthority` (
  `id` int(11) NOT NULL AUTO_INCREMENT,
  `user_id` int(11) DEFAULT NULL,
  `location_id` int(11) DEFAULT NULL,
  `created_by` int(11) DEFAULT NULL,
  `created_at` datetime NOT NULL,
  PRIMARY KEY (`id`,`created_at`)
) ENGINE=InnoDB AUTO_INCREMENT=77 DEFAULT CHARSET=utf8mb4;

/*Data for the table `usersauthority` */

insert  into `usersauthority`(`id`,`user_id`,`location_id`,`created_by`,`created_at`) values 
(72,2,5,1,'0000-00-00 00:00:00'),
(73,2,8,1,'0000-00-00 00:00:00'),
(74,2,17,1,'0000-00-00 00:00:00'),
(75,2,20,1,'0000-00-00 00:00:00'),
(76,2,47,1,'0000-00-00 00:00:00');

/*Table structure for table `usersprivilege` */

DROP TABLE IF EXISTS `usersprivilege`;

CREATE TABLE `usersprivilege` (
  `id` bigint(20) unsigned NOT NULL AUTO_INCREMENT,
  `user_id` int(11) NOT NULL,
  `menu_id` int(11) DEFAULT NULL,
  `create` tinyint(4) DEFAULT NULL,
  `update` tinyint(4) DEFAULT NULL,
  `delete` tinyint(4) DEFAULT NULL,
  `created_by` int(11) DEFAULT NULL,
  `created_at` datetime NOT NULL,
  `updated_by` int(11) DEFAULT NULL,
  `updated_at` datetime DEFAULT NULL,
  PRIMARY KEY (`id`)
) ENGINE=InnoDB AUTO_INCREMENT=211 DEFAULT CHARSET=utf8mb4 COLLATE=utf8mb4_unicode_ci;

/*Data for the table `usersprivilege` */

insert  into `usersprivilege`(`id`,`user_id`,`menu_id`,`create`,`update`,`delete`,`created_by`,`created_at`,`updated_by`,`updated_at`) values 
(195,1,2,1,1,1,NULL,'0000-00-00 00:00:00',NULL,NULL),
(196,1,4,1,1,1,NULL,'0000-00-00 00:00:00',NULL,NULL),
(197,1,6,1,1,1,NULL,'0000-00-00 00:00:00',NULL,NULL),
(198,1,7,1,1,1,NULL,'0000-00-00 00:00:00',NULL,NULL),
(199,1,8,1,1,1,NULL,'0000-00-00 00:00:00',NULL,NULL),
(200,1,9,1,1,1,NULL,'0000-00-00 00:00:00',NULL,NULL),
(201,1,10,1,1,1,NULL,'0000-00-00 00:00:00',NULL,NULL),
(202,1,12,1,1,1,NULL,'0000-00-00 00:00:00',NULL,NULL),
(203,1,14,1,1,1,NULL,'0000-00-00 00:00:00',NULL,NULL),
(204,1,16,1,1,1,NULL,'0000-00-00 00:00:00',NULL,NULL),
(205,1,17,0,0,0,NULL,'0000-00-00 00:00:00',NULL,NULL),
(206,1,19,0,0,0,NULL,'0000-00-00 00:00:00',NULL,NULL),
(207,2,12,0,0,0,NULL,'0000-00-00 00:00:00',NULL,NULL),
(208,2,14,1,1,1,NULL,'0000-00-00 00:00:00',NULL,NULL),
(209,2,16,0,0,0,NULL,'0000-00-00 00:00:00',NULL,NULL),
(210,2,17,0,0,0,NULL,'0000-00-00 00:00:00',NULL,NULL);

/*!40101 SET SQL_MODE=@OLD_SQL_MODE */;
/*!40014 SET FOREIGN_KEY_CHECKS=@OLD_FOREIGN_KEY_CHECKS */;
/*!40014 SET UNIQUE_CHECKS=@OLD_UNIQUE_CHECKS */;
/*!40111 SET SQL_NOTES=@OLD_SQL_NOTES */;
