/*
SQLyog Community v13.1.7 (64 bit)
MySQL - 10.4.27-MariaDB : Database - rater_area
*********************************************************************
*/

/*!40101 SET NAMES utf8 */;

/*!40101 SET SQL_MODE=''*/;

/*!40014 SET @OLD_UNIQUE_CHECKS=@@UNIQUE_CHECKS, UNIQUE_CHECKS=0 */;
/*!40014 SET @OLD_FOREIGN_KEY_CHECKS=@@FOREIGN_KEY_CHECKS, FOREIGN_KEY_CHECKS=0 */;
/*!40101 SET @OLD_SQL_MODE=@@SQL_MODE, SQL_MODE='NO_AUTO_VALUE_ON_ZERO' */;
/*!40111 SET @OLD_SQL_NOTES=@@SQL_NOTES, SQL_NOTES=0 */;
CREATE DATABASE /*!32312 IF NOT EXISTS*/`rater_area` /*!40100 DEFAULT CHARACTER SET utf8mb4 COLLATE utf8mb4_general_ci */;

USE `rater_area`;

/*Table structure for table `dial_country` */

DROP TABLE IF EXISTS `dial_country`;

CREATE TABLE `dial_country` (
  `id` int(11) NOT NULL AUTO_INCREMENT,
  `country` varchar(25) DEFAULT NULL,
  `dial_code` char(10) DEFAULT NULL,
  PRIMARY KEY (`id`)
) ENGINE=InnoDB AUTO_INCREMENT=197 DEFAULT CHARSET=utf8mb4 COLLATE=utf8mb4_general_ci;

/*Data for the table `dial_country` */

insert  into `dial_country`(`id`,`country`,`dial_code`) values 
(1,'Afganistan','93'),
(2,'Afrika Selatan','27'),
(3,'Afrika Tengah','236'),
(4,'Albania','355'),
(5,'Algeria','213'),
(6,'Amerika Serikat','1'),
(7,'Andorra','376'),
(8,'Angola','244'),
(9,'Antigua & Barbuda','1-268'),
(10,'Arab Saudi','966'),
(11,'Argentina','54'),
(12,'Armenia','374'),
(13,'Australia','61'),
(14,'Austria','43'),
(15,'Azerbaijan','994'),
(16,'Bahama','1-242'),
(17,'Bahrain','973'),
(18,'Bangladesh','880'),
(19,'Barbados','1-246'),
(20,'Belanda','31'),
(21,'Belarus','375'),
(22,'Belgia','32'),
(23,'Belize','501'),
(24,'Benin','229'),
(25,'Bhutan','975'),
(26,'Bolivia','591'),
(27,'Bosnia & Herzegovina','387'),
(28,'Botswana','267'),
(29,'Brasil','55'),
(30,'Britania Raya (Inggris)','44'),
(31,'Brunei Darussalam','673'),
(32,'Bulgaria','359'),
(33,'Burkina Faso','226'),
(34,'Burundi','257'),
(35,'Ceko','420'),
(36,'Chad','235'),
(37,'Chili','56'),
(38,'China','86'),
(39,'Denmark','45'),
(40,'Djibouti','253'),
(41,'Domikia','1-767'),
(42,'Ekuador','593'),
(43,'El Salvador','503'),
(44,'Eritrea','291'),
(45,'Estonia','372'),
(46,'Ethiopia','251'),
(47,'Fiji','679'),
(48,'Filipina','63'),
(49,'Finlandia','358'),
(50,'Gabon','241'),
(51,'Gambia','220'),
(52,'Georgia','995'),
(53,'Ghana','233'),
(54,'Grenada','1-473'),
(55,'Guatemala','502'),
(56,'Guinea','224'),
(57,'Guinea Bissau','245'),
(58,'Guinea Khatulistiwa','240'),
(59,'Guyana','592'),
(60,'Haiti','509'),
(61,'Honduras','504'),
(62,'Hongaria','36'),
(63,'Hongkong','852'),
(64,'India','91'),
(65,'Indonesia','62'),
(66,'Irak','964'),
(67,'Iran','98'),
(68,'Irlandia','353'),
(69,'Islandia','354'),
(70,'Israel','972'),
(71,'Italia','39'),
(72,'Jamaika','1-876'),
(73,'Jepang','81'),
(74,'Jerman','49'),
(75,'Jordan','962'),
(76,'Kamboja','855'),
(77,'Kamerun','237'),
(78,'Kanada','1'),
(79,'Kazakhstan','7'),
(80,'Kenya','254'),
(81,'Kirgizstan','996'),
(82,'Kiribati','686'),
(83,'Kolombia','57'),
(84,'Komoro','269'),
(85,'Republik Kongo','243'),
(86,'Korea Selatan','82'),
(87,'Korea Utara','850'),
(88,'Kosta Rika','506'),
(89,'Kroasia','385'),
(90,'Kuba','53'),
(91,'Kuwait','965'),
(92,'Laos','856'),
(93,'Latvia','371'),
(94,'Lebanon','961'),
(95,'Lesotho','266'),
(96,'Liberia','231'),
(97,'Libya','218'),
(98,'Liechtenstein','423'),
(99,'Lituania','370'),
(100,'Luksemburg','352'),
(101,'Madagaskar','261'),
(102,'Makao','853'),
(103,'Makedonia','389'),
(104,'Maladewa','960'),
(105,'Malawi','265'),
(106,'Malaysia','60'),
(107,'Mali','223'),
(108,'Malta','356'),
(109,'Maroko','212'),
(110,'Marshall (Kep.)','692'),
(111,'Mauritania','222'),
(112,'Mauritius','230'),
(113,'Meksiko','52'),
(114,'Mesir','20'),
(115,'Mikronesia (Kep.)','691'),
(116,'Moldova','373'),
(117,'Monako','377'),
(118,'Mongolia','976'),
(119,'Montenegro','382'),
(120,'Mozambik','258'),
(121,'Myanmar','95'),
(122,'Namibia','264'),
(123,'Nauru','674'),
(124,'Nepal','977'),
(125,'Niger','227'),
(126,'Nigeria','234'),
(127,'Nikaragua','505'),
(128,'Norwegia','47'),
(129,'Oman','968'),
(130,'Pakistan','92'),
(131,'Palau','680'),
(132,'Panama','507'),
(133,'Pantai Gading','225'),
(134,'Papua Nugini','675'),
(135,'Paraguay','595'),
(136,'Perancis','33'),
(137,'Peru','51'),
(138,'Polandia','48'),
(139,'Portugal','351'),
(140,'Qatar','974'),
(141,'Rep. Dem. Kongo','242'),
(142,'Republik Dominika','1-809; 1-8'),
(143,'Rumania','40'),
(144,'Rusia','7'),
(145,'Rwanda','250'),
(146,'Saint Kitts and Nevis','1-869'),
(147,'Saint Lucia','1-758'),
(148,'Saint Vincent & the Grena','1-784'),
(149,'Samoa','685'),
(150,'San Marino','378'),
(151,'Sao Tome & Principe','239'),
(152,'Selandia Baru','64'),
(153,'Senegal','221'),
(154,'Serbia','381'),
(155,'Seychelles','248'),
(156,'Sierra Leone','232'),
(157,'Singapura','65'),
(158,'Siprus','357'),
(159,'Slovenia','386'),
(160,'Slowakia','421'),
(161,'Solomon (Kep.)','677'),
(162,'Somalia','252'),
(163,'Spanyol','34'),
(164,'Sri Lanka','94'),
(165,'Sudan','249'),
(166,'Sudan Selatan','211'),
(167,'Suriah','963'),
(168,'Suriname','597'),
(169,'Swaziland','268'),
(170,'Swedia','46'),
(171,'Swiss','41'),
(172,'Tajikistan','992'),
(173,'Tanjung Verde','238'),
(174,'Tanzania','255'),
(175,'Taiwan','886'),
(176,'Thailand','66'),
(177,'Timor Leste','670'),
(178,'Togo','228'),
(179,'Tonga','676'),
(180,'Trinidad & Tobago','1-868'),
(181,'Tunisia','216'),
(182,'Turki','90'),
(183,'Turkmenistan','993'),
(184,'Tuvalu','688'),
(185,'Uganda','256'),
(186,'Ukraina','380'),
(187,'Uni Emirat Arab','971'),
(188,'Uruguay','598'),
(189,'Uzbekistan','998'),
(190,'Vanuatu','678'),
(191,'Venezuela','58'),
(192,'Vietnam','84'),
(193,'Yaman','967'),
(194,'Yunani','30'),
(195,'Zambia','260'),
(196,'Zimbabwe','263');

/*Table structure for table `evaluation` */

DROP TABLE IF EXISTS `evaluation`;

CREATE TABLE `evaluation` (
  `id` int(11) NOT NULL AUTO_INCREMENT,
  `project_code` varchar(25) NOT NULL,
  `appraisal_date` date DEFAULT NULL,
  `sub_area_id` int(11) NOT NULL,
  `score` smallint(6) DEFAULT NULL,
  `created_at` timestamp NOT NULL DEFAULT current_timestamp() ON UPDATE current_timestamp(),
  `created_by` int(25) DEFAULT NULL,
  PRIMARY KEY (`id`)
) ENGINE=InnoDB AUTO_INCREMENT=10 DEFAULT CHARSET=utf8mb4 COLLATE=utf8mb4_general_ci;

/*Data for the table `evaluation` */

insert  into `evaluation`(`id`,`project_code`,`appraisal_date`,`sub_area_id`,`score`,`created_at`,`created_by`) values 
(1,'BRIN20230426','2023-05-02',114,100,'2023-05-02 11:59:53',2),
(2,'BRIN20230426','2023-05-02',115,95,'2023-05-02 11:59:53',2),
(3,'BRIN20230426','2023-05-02',116,100,'2023-05-02 11:59:53',2),
(4,'BRIN20230426','2023-05-02',117,100,'2023-05-02 11:59:53',2),
(5,'BRIN20230426','2023-05-02',118,100,'2023-05-02 11:59:53',2),
(6,'BRIN20230426','2023-05-02',119,100,'2023-05-02 11:59:53',2),
(7,'BRIN20230426','2023-05-02',120,100,'2023-05-02 11:59:53',2),
(8,'BRIN20230426','2023-05-02',121,95,'2023-05-02 11:59:53',2),
(9,'BRIN20230426','2023-05-02',122,95,'2023-05-02 11:59:53',2);

/*Table structure for table `m_client` */

DROP TABLE IF EXISTS `m_client`;

CREATE TABLE `m_client` (
  `id` int(11) NOT NULL AUTO_INCREMENT,
  `client_name` varchar(75) DEFAULT NULL,
  `address` text DEFAULT NULL,
  `contact1` varchar(25) DEFAULT NULL,
  `contact2` varchar(25) DEFAULT NULL,
  `dial_code_mobile` int(2) DEFAULT NULL,
  `mobile` varchar(25) DEFAULT NULL,
  `description` text DEFAULT NULL,
  `created_at` timestamp NOT NULL DEFAULT current_timestamp() ON UPDATE current_timestamp(),
  `created_by` int(11) DEFAULT NULL,
  `updated_at` datetime DEFAULT NULL,
  `updated_by` int(11) DEFAULT NULL,
  PRIMARY KEY (`id`),
  UNIQUE KEY `client_name` (`client_name`)
) ENGINE=InnoDB AUTO_INCREMENT=2 DEFAULT CHARSET=utf8mb4 COLLATE=utf8mb4_general_ci;

/*Data for the table `m_client` */

insert  into `m_client`(`id`,`client_name`,`address`,`contact1`,`contact2`,`dial_code_mobile`,`mobile`,`description`,`created_at`,`created_by`,`updated_at`,`updated_by`) values 
(1,'Badan Riset Dan Inovasi Nasional (BRIN)','Gedung B.J. Habibie, Jl. M.H. Thamrin No. 8, Jakarta Pusat 10340',NULL,NULL,62,'81119333639',NULL,'2023-04-26 15:00:28',NULL,NULL,NULL);

/*Table structure for table `m_service` */

DROP TABLE IF EXISTS `m_service`;

CREATE TABLE `m_service` (
  `service_code` char(10) NOT NULL,
  `service_name` varchar(50) DEFAULT NULL,
  `description` text DEFAULT NULL,
  `created_by` int(11) DEFAULT NULL,
  `created_at` timestamp NOT NULL DEFAULT current_timestamp() ON UPDATE current_timestamp(),
  `updated_by` int(11) DEFAULT NULL,
  `updated_at` datetime DEFAULT NULL,
  PRIMARY KEY (`service_code`)
) ENGINE=InnoDB DEFAULT CHARSET=utf8mb4 COLLATE=utf8mb4_general_ci;

/*Data for the table `m_service` */

insert  into `m_service`(`service_code`,`service_name`,`description`,`created_by`,`created_at`,`updated_by`,`updated_at`) values 
('cls','Cleaning Service',NULL,NULL,'2023-03-22 08:19:59',NULL,NULL),
('las','Labor Service',NULL,NULL,'2023-03-22 08:20:04',NULL,NULL),
('ses','Security Service',NULL,NULL,'2023-03-22 08:20:09',NULL,NULL);

/*Table structure for table `menu` */

DROP TABLE IF EXISTS `menu`;

CREATE TABLE `menu` (
  `id` int(11) NOT NULL AUTO_INCREMENT,
  `menu_parent_id` smallint(6) DEFAULT NULL,
  `nama_menu` varchar(50) NOT NULL,
  `font_icon` varchar(50) NOT NULL,
  `path` varchar(200) NOT NULL,
  `sort` int(11) DEFAULT NULL,
  `created_at` timestamp NOT NULL DEFAULT current_timestamp() ON UPDATE current_timestamp(),
  `created_by` varchar(255) DEFAULT NULL,
  `updated_at` datetime DEFAULT NULL,
  `updated_by` varchar(255) DEFAULT NULL,
  PRIMARY KEY (`id`),
  UNIQUE KEY `menu_nama_menu_unique` (`nama_menu`) USING BTREE
) ENGINE=InnoDB AUTO_INCREMENT=17 DEFAULT CHARSET=utf8mb4 COLLATE=utf8mb4_unicode_ci ROW_FORMAT=DYNAMIC;

/*Data for the table `menu` */

insert  into `menu`(`id`,`menu_parent_id`,`nama_menu`,`font_icon`,`path`,`sort`,`created_at`,`created_by`,`updated_at`,`updated_by`) values 
(1,0,'Setting','fas fa-solid fa-wrench','javascript::',15,'0000-00-00 00:00:00','','0000-00-00 00:00:00','\r'),
(2,1,'Users','fas fa-solid fa-users','users',16,'0000-00-00 00:00:00','','0000-00-00 00:00:00','\r'),
(3,0,'Master','fas fa-solid fa-book','javascript::',3,'0000-00-00 00:00:00','','0000-00-00 00:00:00','\r'),
(4,3,'Client','fas fa-solid fa-building','client',4,'0000-00-00 00:00:00','','0000-00-00 00:00:00','\r'),
(5,0,'Setup Project','fas fa-solid fa-diagram-project','javascript::',9,'2023-04-03 15:51:29','','0000-00-00 00:00:00','\r'),
(6,5,'Project','fas fa-solid fa-diagram-project','project',0,'2023-04-03 15:51:48','','0000-00-00 00:00:00','\r'),
(7,5,'Region','fas fa-solid fa-map','region',5,'0000-00-00 00:00:00','','0000-00-00 00:00:00','\r'),
(8,5,'Location','fas fa-solid fa-map','location',6,'0000-00-00 00:00:00','','0000-00-00 00:00:00','\r'),
(9,5,'Area','fas fa-solid fa-map','area',7,'0000-00-00 00:00:00','','0000-00-00 00:00:00','\r'),
(10,5,'Sub Area','fas fa-solid fa-map','sub_area',8,'0000-00-00 00:00:00','','0000-00-00 00:00:00','\r'),
(11,0,'Evaluation','fas fa-solid fa-star','javascript::',11,'0000-00-00 00:00:00','','0000-00-00 00:00:00','\r'),
(12,11,'Form Evalution','fas fa-solid fa-star','evaluation/form_evaluation',12,'0000-00-00 00:00:00','','0000-00-00 00:00:00','\r'),
(13,0,'Dashboard','fas fa-solid fa-gauge-simple','javascript::',1,'0000-00-00 00:00:00','','0000-00-00 00:00:00','\r'),
(14,13,'Dashboard 1','fas fa-solid fa-gauge-simple','dashboard_v1',2,'0000-00-00 00:00:00','','0000-00-00 00:00:00','\r'),
(15,0,'Report','fas fa-solid fa-list-ul','javascript::',13,'0000-00-00 00:00:00','','0000-00-00 00:00:00','\r'),
(16,15,'Report Weekly','fas fa-solid fa-list-ul','report/report_weekly',14,'0000-00-00 00:00:00','','0000-00-00 00:00:00','\r');

/*Table structure for table `setup_area` */

DROP TABLE IF EXISTS `setup_area`;

CREATE TABLE `setup_area` (
  `id` int(11) NOT NULL AUTO_INCREMENT,
  `area_name` varchar(100) DEFAULT NULL,
  `location_id` int(11) DEFAULT NULL,
  `service_code` char(11) DEFAULT NULL,
  `description` text DEFAULT NULL,
  `created_at` timestamp NOT NULL DEFAULT current_timestamp() ON UPDATE current_timestamp(),
  `created_by` int(11) DEFAULT NULL,
  `updated_at` datetime DEFAULT NULL,
  `updated_by` int(11) DEFAULT NULL,
  PRIMARY KEY (`id`),
  KEY `service_code` (`service_code`),
  KEY `location_id` (`location_id`),
  CONSTRAINT `setup_area_ibfk_1` FOREIGN KEY (`service_code`) REFERENCES `m_service` (`service_code`) ON DELETE CASCADE ON UPDATE CASCADE,
  CONSTRAINT `setup_area_ibfk_2` FOREIGN KEY (`location_id`) REFERENCES `setup_location` (`id`)
) ENGINE=InnoDB AUTO_INCREMENT=217 DEFAULT CHARSET=utf8mb4 COLLATE=utf8mb4_general_ci;

/*Data for the table `setup_area` */

insert  into `setup_area`(`id`,`area_name`,`location_id`,`service_code`,`description`,`created_at`,`created_by`,`updated_at`,`updated_by`) values 
(1,'Security',2,'ses',NULL,'2023-04-26 22:21:31',1,NULL,NULL),
(2,'Gedung Administrasi Lt.1',2,'cls',NULL,'2023-04-26 22:21:31',1,NULL,NULL),
(3,'Gedung Laboratorium Lt.1',2,'cls',NULL,'2023-04-26 22:57:14',1,NULL,NULL),
(4,'Gedung Laboratorium Lt.2',2,'cls',NULL,'2023-04-26 22:57:51',1,NULL,NULL),
(5,'Gedung Laboratorium Lt.3',2,'cls',NULL,'2023-04-26 22:59:19',1,NULL,NULL),
(6,'Gedung Produksi Lt.1',2,'cls',NULL,'2023-04-26 22:59:19',1,NULL,NULL),
(7,'Gedung Asrama Lt.1',2,'cls',NULL,'2023-04-26 22:59:19',1,NULL,NULL),
(8,'Rumah Dinas',2,'cls',NULL,'2023-04-26 22:59:19',1,NULL,NULL),
(9,'Security',1,'ses',NULL,'2023-04-26 23:11:15',1,NULL,NULL),
(10,'Driver',1,'las',NULL,'2023-04-26 23:11:15',1,NULL,NULL),
(11,'Gedung Utama Lt.1',1,'cls',NULL,'2023-04-26 23:11:15',1,NULL,NULL),
(12,'Gedung Utama Lt.2',1,'cls',NULL,'2023-04-26 23:11:15',1,NULL,NULL),
(13,'Gedung Blok Barat Lt.1',1,'cls',NULL,'2023-04-26 23:11:15',1,NULL,NULL),
(14,'Gedung Blok Barat Lt.2',1,'cls',NULL,'2023-04-26 23:11:15',1,NULL,NULL),
(15,'Gedung Pameran',1,'cls',NULL,'2023-04-26 23:11:15',1,NULL,NULL),
(16,'Gedung Perpustakaan Lt.1',1,'cls',NULL,'2023-04-26 23:11:15',1,NULL,NULL),
(17,'Gedung Perpustakaan Lt.2',1,'cls',NULL,'2023-04-26 23:11:15',1,NULL,NULL),
(18,'Halaman',1,'cls',NULL,'2023-04-26 23:11:15',1,NULL,NULL),
(19,'Driver',51,'las',NULL,'2023-04-27 07:42:36',1,NULL,NULL),
(20,'Gedung Asrama',5,'cls',NULL,'2023-04-27 07:48:14',1,NULL,NULL),
(21,'Halaman',5,'cls',NULL,'2023-04-27 07:48:14',1,NULL,NULL),
(22,'Security',6,'ses',NULL,'2023-04-27 08:05:03',1,NULL,NULL),
(23,'Gedung',6,'cls',NULL,'2023-04-27 08:05:03',1,NULL,NULL),
(24,'Security',7,'ses',NULL,'2023-04-27 08:12:45',1,NULL,NULL),
(25,'Gedung',7,'cls',NULL,'2023-04-27 08:12:45',1,NULL,NULL),
(26,'Security',8,'ses',NULL,'2023-04-27 08:25:40',1,NULL,NULL),
(27,'Gedung',8,'cls',NULL,'2023-04-27 08:25:40',1,NULL,NULL),
(28,'Security',9,'ses',NULL,'2023-04-27 08:36:52',1,NULL,NULL),
(29,'Gedung',9,'cls',NULL,'2023-04-27 08:36:52',1,NULL,NULL),
(30,'Gedung Asrama',10,'cls',NULL,'2023-04-27 08:50:31',1,NULL,NULL),
(31,'Halaman',10,'cls',NULL,'2023-04-27 08:50:31',1,NULL,NULL),
(32,'Security',11,'ses',NULL,'2023-04-27 08:59:07',1,NULL,NULL),
(33,'Halaman',11,'cls',NULL,'2023-04-27 08:59:07',1,NULL,NULL),
(34,'Lantai 1',11,'cls',NULL,'2023-04-27 08:59:07',1,NULL,NULL),
(35,'Lantai 2',11,'cls',NULL,'2023-04-27 08:59:07',1,NULL,NULL),
(36,'Security',4,'ses',NULL,'2023-04-27 09:33:52',1,NULL,NULL),
(37,'Pos Security',4,'cls',NULL,'2023-04-27 09:33:52',1,NULL,NULL),
(38,'Gedung PPID',4,'cls',NULL,'2023-04-27 09:33:52',1,NULL,NULL),
(39,'Gedung Phoenix',4,'cls',NULL,'2023-04-27 09:33:52',1,NULL,NULL),
(40,'Gedung Centaurus',4,'cls',NULL,'2023-04-27 09:33:52',1,NULL,NULL),
(41,'Gedung Administrasi',4,'cls',NULL,'2023-04-27 09:33:52',1,NULL,NULL),
(42,'Gedung Mushola',4,'cls',NULL,'2023-04-27 09:33:52',1,NULL,NULL),
(43,'Gedung Antariksa 1',4,'cls',NULL,'2023-04-27 09:33:52',1,NULL,NULL),
(44,'Gedung Meteor',4,'cls',NULL,'2023-04-27 09:33:52',1,NULL,NULL),
(45,'Gedung Antariksa 2',4,'cls',NULL,'2023-04-27 09:33:52',1,NULL,NULL),
(46,'Gedung Guest House',4,'cls',NULL,'2023-04-27 09:33:52',1,NULL,NULL),
(47,'Security',3,'ses',NULL,'2023-04-27 10:33:18',1,NULL,NULL),
(48,'Halaman',3,'cls',NULL,'2023-04-27 10:33:18',1,NULL,NULL),
(49,'Ruang Workshop',3,'cls',NULL,'2023-04-27 10:33:18',1,NULL,NULL),
(50,'Gudang',3,'cls',NULL,'2023-04-27 10:33:18',1,NULL,NULL),
(51,'Mess',3,'cls',NULL,'2023-04-27 10:33:18',1,NULL,NULL),
(52,'Ruang Tata Usaha',3,'cls',NULL,'2023-04-27 10:33:18',1,NULL,NULL),
(53,'Laboratorium',3,'cls',NULL,'2023-04-27 10:33:18',1,NULL,NULL),
(54,'Ruang Kepala dan Ruang Diseminasi',3,'cls',NULL,'2023-04-27 10:33:18',1,NULL,NULL),
(55,'Ruang Aula',3,'cls',NULL,'2023-04-27 10:33:18',1,NULL,NULL),
(56,'Driver',12,'las',NULL,'2023-04-27 11:13:44',1,NULL,NULL),
(57,'Security',14,'ses',NULL,'2023-04-27 11:36:10',1,NULL,NULL),
(58,'Driver',14,'las',NULL,'2023-04-27 11:36:10',1,NULL,NULL),
(59,'Lantai 1',14,'cls',NULL,'2023-04-27 11:36:10',1,NULL,NULL),
(60,'Lantai 2',14,'cls',NULL,'2023-04-27 11:36:10',1,NULL,NULL),
(61,'Halaman',14,'cls',NULL,'2023-04-27 11:36:10',1,NULL,NULL),
(62,'Security',15,'ses',NULL,'2023-04-27 11:54:40',1,NULL,NULL),
(63,'Gedung',15,'cls',NULL,'2023-04-27 11:54:40',1,NULL,NULL),
(64,'Halaman',15,'cls',NULL,'2023-04-27 11:54:40',1,NULL,NULL),
(65,'Security',16,'ses',NULL,'2023-04-27 13:25:10',1,NULL,NULL),
(66,'Driver',16,'las',NULL,'2023-04-27 13:25:11',1,NULL,NULL),
(67,'Lantai 1',16,'cls',NULL,'2023-04-27 13:25:11',1,NULL,NULL),
(68,'Lokasi Luar Gedung Utama',16,'cls',NULL,'2023-04-27 13:25:11',1,NULL,NULL),
(69,'Outdoor',16,'cls',NULL,'2023-04-27 13:25:11',1,NULL,NULL),
(70,'Security',17,'ses',NULL,'2023-04-27 14:23:32',1,NULL,NULL),
(71,'Lantai 1',17,'cls',NULL,'2023-04-27 14:23:32',1,NULL,NULL),
(72,'Halaman',17,'cls',NULL,'2023-04-27 14:23:32',1,NULL,NULL),
(73,'Wisma',17,'cls',NULL,'2023-04-27 14:23:32',1,NULL,NULL),
(74,'Halaman Wisma',17,'cls',NULL,'2023-04-27 14:23:32',1,NULL,NULL),
(75,'Security',18,'ses',NULL,'2023-04-27 15:59:48',1,NULL,NULL),
(76,'Driver',18,'las',NULL,'2023-04-27 15:59:48',1,NULL,NULL),
(77,'Lantai 1',18,'cls',NULL,'2023-04-27 15:59:48',1,NULL,NULL),
(78,'Halaman',18,'cls',NULL,'2023-04-27 15:59:48',1,NULL,NULL),
(79,'Security',19,'ses',NULL,'2023-04-27 16:22:47',1,NULL,NULL),
(80,'Driver',19,'las',NULL,'2023-04-27 16:22:47',1,NULL,NULL),
(81,'Lantai 1',19,'cls',NULL,'2023-04-27 16:22:47',1,NULL,NULL),
(82,'Halaman',19,'cls',NULL,'2023-04-27 16:22:47',1,NULL,NULL),
(83,'Security',20,'ses',NULL,'2023-04-27 16:37:24',1,NULL,NULL),
(84,'Driver',20,'las',NULL,'2023-04-27 16:37:24',1,NULL,NULL),
(85,'Wisma',20,'cls',NULL,'2023-04-27 16:37:24',1,NULL,NULL),
(86,'Lab Biomol',20,'cls',NULL,'2023-04-27 16:37:24',1,NULL,NULL),
(87,'Gedung Insektarium',20,'cls',NULL,'2023-04-27 16:37:24',1,NULL,NULL),
(88,'Gedung CWS',20,'cls',NULL,'2023-04-27 16:37:24',1,NULL,NULL),
(89,'Halaman',20,'cls',NULL,'2023-04-27 16:37:24',1,NULL,NULL),
(90,'Security',21,'ses',NULL,'2023-04-27 17:07:11',1,NULL,NULL),
(91,'Driver',21,'las',NULL,'2023-04-27 17:07:11',1,NULL,NULL),
(92,'Gedung Lab Lantai 1',21,'cls',NULL,'2023-04-27 17:07:11',1,NULL,NULL),
(93,'Gedung Lab Lantai 2',21,'cls',NULL,'2023-04-27 17:07:11',1,NULL,NULL),
(94,'Gedung Lab Lantai 3',21,'cls',NULL,'2023-04-27 17:07:11',1,NULL,NULL),
(95,'Gedung Cws Lantai 1',21,'cls',NULL,'2023-04-27 17:07:11',1,NULL,NULL),
(96,'Gedung Cws  Lantai 2',21,'cls',NULL,'2023-04-27 17:07:11',1,NULL,NULL),
(97,'Halaman',21,'cls',NULL,'2023-04-27 17:07:11',1,NULL,NULL),
(98,'Security',22,'ses',NULL,'2023-04-27 21:51:09',1,NULL,NULL),
(99,'Gedung Pameran',22,'cls',NULL,'2023-04-27 21:51:09',1,NULL,NULL),
(100,'Gedung Utama',22,'cls',NULL,'2023-04-27 21:51:09',1,NULL,NULL),
(101,'Security',23,'ses',NULL,'2023-04-27 22:01:05',1,NULL,NULL),
(102,'Driver',23,'las',NULL,'2023-04-27 22:01:05',1,NULL,NULL),
(103,'Gedung Pameran',23,'cls',NULL,'2023-04-27 22:01:05',1,NULL,NULL),
(104,'Gedung Rapat',23,'cls',NULL,'2023-04-27 22:01:05',1,NULL,NULL),
(105,'Gedung Mess',23,'cls',NULL,'2023-04-27 22:01:05',1,NULL,NULL),
(106,'Gedung Penyimpanan',23,'cls',NULL,'2023-04-27 22:01:05',1,NULL,NULL),
(107,'Security',24,'ses',NULL,'2023-04-27 22:34:58',1,NULL,NULL),
(108,'Driver',24,'las',NULL,'2023-04-27 22:34:58',1,NULL,NULL),
(109,'Gedung Pos Security',24,'cls',NULL,'2023-04-27 22:34:58',1,NULL,NULL),
(110,'Gedung Mess',24,'cls',NULL,'2023-04-27 22:34:58',1,NULL,NULL),
(111,'Gedung Bengkel',24,'cls',NULL,'2023-04-27 22:34:58',1,NULL,NULL),
(112,'Gedung Graha',24,'cls',NULL,'2023-04-27 22:34:58',1,NULL,NULL),
(113,'Gedung Tracking & Admin',24,'cls',NULL,'2023-04-27 22:34:58',1,NULL,NULL),
(114,'Gedung H. Alpha',24,'cls',NULL,'2023-04-27 22:34:58',1,NULL,NULL),
(115,'Gedung Matahari',24,'cls',NULL,'2023-04-27 22:34:58',1,NULL,NULL),
(117,'Gedung Sunspot',24,'cls',NULL,'2023-04-27 22:34:58',1,NULL,NULL),
(118,'Gedung Genset',24,'cls',NULL,'2023-04-27 22:34:58',1,NULL,NULL),
(119,'Rumah Negara',24,'cls',NULL,'2023-04-27 22:34:58',1,NULL,NULL),
(120,'Security',25,'ses',NULL,'2023-04-28 09:16:59',1,NULL,NULL),
(121,'Driver',25,'las',NULL,'2023-04-28 09:16:59',1,NULL,NULL),
(122,'Mess',25,'cls',NULL,'2023-04-28 09:16:59',1,NULL,NULL),
(123,'Gedung Balai Arkiologi Lt.1',25,'cls',NULL,'2023-04-28 09:16:59',1,NULL,NULL),
(124,'Gedung Balai Arkiologi Lt.2',25,'cls',NULL,'2023-04-28 09:16:59',1,NULL,NULL),
(125,'Halaman',25,'cls',NULL,'2023-04-28 09:16:59',1,NULL,NULL),
(126,'Security',26,'ses',NULL,'2023-04-28 09:46:59',1,NULL,NULL),
(127,'Driver',26,'las',NULL,'2023-04-28 09:46:59',1,NULL,NULL),
(128,'Gedung Ale',26,'cls',NULL,'2023-04-28 09:46:59',1,NULL,NULL),
(129,'Gedung Santano/Mes Santano',26,'cls',NULL,'2023-04-28 09:46:59',1,NULL,NULL),
(130,'Gedung Cady',26,'cls',NULL,'2023-04-28 09:46:59',1,NULL,NULL),
(131,'Gedung Ekuator',26,'cls',NULL,'2023-04-28 09:46:59',1,NULL,NULL),
(132,'Gedung Katulistiwa',26,'cls',NULL,'2023-04-28 09:46:59',1,NULL,NULL),
(133,'Halaman',26,'cls',NULL,'2023-04-28 09:46:59',1,NULL,NULL),
(134,'Security',27,'ses',NULL,'2023-04-28 10:18:04',1,NULL,NULL),
(135,'Driver',27,'las',NULL,'2023-04-28 10:18:04',1,NULL,NULL),
(136,'Gedung PPID',27,'cls',NULL,'2023-04-28 10:18:04',1,NULL,NULL),
(137,'Gedung Perpustakaan',27,'cls',NULL,'2023-04-28 10:18:04',1,NULL,NULL),
(138,'Gedung Laboratorium',27,'cls',NULL,'2023-04-28 10:18:04',1,NULL,NULL),
(139,'Gedung Teleskop',27,'cls',NULL,'2023-04-28 10:18:04',1,NULL,NULL),
(140,'Gedung Edukasi Publik',27,'cls',NULL,'2023-04-28 10:18:04',1,NULL,NULL),
(141,'Gedung Guest House',27,'cls',NULL,'2023-04-28 10:18:04',1,NULL,NULL),
(142,'Halaman',27,'cls',NULL,'2023-04-28 10:18:04',1,NULL,NULL),
(143,'Security',28,'ses',NULL,'2023-04-28 13:19:27',1,NULL,NULL),
(144,'Gedung Utama Lt. 1',28,'cls',NULL,'2023-04-28 13:19:27',1,NULL,NULL),
(145,'Mess Lt.1',28,'cls',NULL,'2023-04-28 13:19:27',1,NULL,NULL),
(146,'Mess Halaman',28,'cls',NULL,'2023-04-28 13:19:27',1,NULL,NULL),
(147,'Security',42,'ses',NULL,'2023-04-28 17:00:20',1,NULL,NULL),
(148,'Driver',42,'las',NULL,'2023-04-28 17:00:20',1,NULL,NULL),
(149,'LANTAI-1',42,'cls',NULL,'2023-04-28 17:00:20',1,NULL,NULL),
(150,'LANTAI-2',42,'cls',NULL,'2023-04-28 17:00:20',1,NULL,NULL),
(151,'TAMAN DAN AREA PARKIR',42,'cls',NULL,'2023-04-28 17:00:20',1,NULL,NULL),
(154,'Security',29,'ses',NULL,'2023-05-02 12:30:06',1,NULL,NULL),
(155,'Cikini -Lantai 1',29,'cls',NULL,'2023-05-02 12:30:06',1,NULL,NULL),
(156,'Cikini -Lantai 2',29,'cls',NULL,'2023-05-02 12:30:06',1,NULL,NULL),
(157,'CIKINI - Halaman',29,'cls',NULL,'2023-05-02 12:30:06',1,NULL,NULL),
(158,'RADEN SALEH - Lantai 1',29,'cls',NULL,'2023-05-02 12:30:06',1,NULL,NULL),
(159,'RADEN SALEH - Halaman',29,'cls',NULL,'2023-05-02 12:30:06',1,NULL,NULL),
(160,'Security',30,'ses',NULL,'2023-05-02 12:44:54',1,NULL,NULL),
(161,'Lantai 1',30,'cls',NULL,'2023-05-02 12:44:54',1,NULL,NULL),
(162,'Lantai 2',30,'cls',NULL,'2023-05-02 12:44:54',1,NULL,NULL),
(163,'Security',31,'ses',NULL,'2023-05-02 12:58:20',1,NULL,NULL),
(164,'Driver',31,'cls',NULL,'2023-05-02 12:58:20',1,NULL,NULL),
(165,'Mess Gatsu',31,'cls',NULL,'2023-05-02 12:58:20',1,NULL,NULL),
(166,'Rumdis Kepala Bkpuk (Drizal Fryantoni) No. 19 Lt.1',31,'cls',NULL,'2023-05-02 12:58:20',1,NULL,NULL),
(167,'Rumdis Kepala Bkpuk (Drizal Fryantoni) No. 19 Lt.2',31,'cls',NULL,'2023-05-02 12:58:20',1,NULL,NULL),
(168,'Rumdis Kepala Or Kebumian Dan Maritim (Ocky Karna Radjasa) No. 1B Lt.1',31,'cls',NULL,'2023-05-02 13:47:33',1,NULL,NULL),
(169,'Rumdis Kepala Or Kebumian Dan Maritim (Ocky Karna Radjasa) No. 1B Lt.2',31,'cls',NULL,'2023-05-02 13:47:49',1,NULL,NULL),
(170,'Rumah Singgah No. 1A Lt.1',31,'cls',NULL,'2023-05-02 12:58:20',1,NULL,NULL),
(171,'Rumah Singgah No. 1A Lt.2',31,'cls',NULL,'2023-05-02 12:58:20',1,NULL,NULL),
(172,'Rumah Dinas Brin (Ex Kepala Lipi)',31,'cls',NULL,'2023-05-02 12:58:20',1,NULL,NULL),
(173,'Security',32,'ses',NULL,'2023-05-02 14:14:11',1,NULL,NULL),
(174,'PUSTEKDATA LAPAN - Gedung 3 Lt. 1',32,'cls',NULL,'2023-05-02 14:14:11',1,NULL,NULL),
(175,'PUSTEKDATA LAPAN - Gedung 3 Lt. 2',32,'cls',NULL,'2023-05-02 14:14:11',1,NULL,NULL),
(176,'PUSTEKDATA LAPAN - Halaman Gedung 3',32,'cls',NULL,'2023-05-02 14:14:11',1,NULL,NULL),
(177,'PUSTEKDATA LAPAN - Gedung 2 Lt. 1',32,'cls',NULL,'2023-05-02 14:14:11',1,NULL,NULL),
(178,'PUSTEKDATA LAPAN - Gedung 2 Lt. 2',32,'cls',NULL,'2023-05-02 14:14:11',1,NULL,NULL),
(179,'PUSTEKDATA LAPAN - Gedung 1 Lt. 1',32,'cls',NULL,'2023-05-02 14:14:11',1,NULL,NULL),
(180,'PUSTEKDATA LAPAN - Gedung 1 Lt. 2',32,'cls',NULL,'2023-05-02 14:14:11',1,NULL,NULL),
(181,'PUSTEKDATA LAPAN - Halaman Gedung 1',32,'cls',NULL,'2023-05-02 14:14:11',1,NULL,NULL),
(182,'PUSFATJA  - Gedung D Lt. 4',32,'cls',NULL,'2023-05-02 14:14:11',1,NULL,NULL),
(183,'PUSFATJA  - Gedung D Lt. 3',32,'cls',NULL,'2023-05-02 14:14:11',1,NULL,NULL),
(184,'PUSFATJA  - Gedung D Lt. 2',32,'cls',NULL,'2023-05-02 14:14:11',1,NULL,NULL),
(185,'PUSFATJA  - Gedung D Lt. 1',32,'cls',NULL,'2023-05-02 14:14:11',1,NULL,NULL),
(186,'PUSFATJA  - Gedung C Lt. 2',32,'cls',NULL,'2023-05-02 14:14:11',1,NULL,NULL),
(187,'PUSFATJA  - Gedung C Lt. 1',32,'cls',NULL,'2023-05-02 14:14:11',1,NULL,NULL),
(188,'PUSFATJA  - Gedung A Lt. 3',32,'cls',NULL,'2023-05-02 14:14:11',1,NULL,NULL),
(189,'PUSFATJA  - Gedung A Lt. 2',32,'cls',NULL,'2023-05-02 14:14:11',1,NULL,NULL),
(190,'PUSFATJA  - Gedung A Lt. 1',32,'cls',NULL,'2023-05-02 14:14:11',1,NULL,NULL),
(191,'PUSFATJA  - Halaman Gedung',32,'cls',NULL,'2023-05-02 14:14:11',1,NULL,NULL),
(192,'INSPEKTORAT - Gedung',32,'cls',NULL,'2023-05-02 14:14:11',1,NULL,NULL),
(193,'INSPEKTORAT - Halaman Gedung',32,'cls',NULL,'2023-05-02 14:14:11',1,NULL,NULL),
(194,'Security',33,'ses',NULL,'2023-05-02 15:53:22',1,NULL,NULL),
(195,'PERMATA HIJAU - Lantai 1',33,'cls',NULL,'2023-05-02 15:53:22',1,NULL,NULL),
(196,'PERMATA HIJAU - Outdoor Area',33,'cls',NULL,'2023-05-02 15:53:22',1,NULL,NULL),
(197,'PONDOK INDAH - Lantai 1',33,'cls',NULL,'2023-05-02 15:53:22',1,NULL,NULL),
(198,'PONDOK INDAH - Outdoor Area',33,'cls',NULL,'2023-05-02 15:53:22',1,NULL,NULL),
(199,'Security',34,'cls',NULL,'2023-05-02 16:20:16',1,NULL,NULL),
(200,'Driver',34,'cls',NULL,'2023-05-02 16:20:16',1,NULL,NULL),
(201,'Mess Blok M Lantai 1',34,'cls',NULL,'2023-05-02 16:32:41',1,NULL,NULL),
(202,'Mess Tenggiri Lantai 1',34,'cls',NULL,'2023-05-02 16:36:31',1,NULL,NULL),
(203,'Mess Paus 8 - Lantai 1',34,'cls',NULL,'2023-05-02 16:51:58',1,NULL,NULL),
(204,'Mess Paus 9 - Lantai 1',34,'cls',NULL,'2023-05-02 16:52:07',1,NULL,NULL),
(205,'Brin Rawamangun - Lantai 1',34,'cls',NULL,'2023-05-02 16:20:16',1,NULL,NULL),
(206,'Brin Rawamangun - Lantai 2',34,'cls',NULL,'2023-05-02 16:20:16',1,NULL,NULL),
(207,'Brin Rawamangun - Lantai 3',34,'cls',NULL,'2023-05-02 16:20:16',1,NULL,NULL),
(208,'Brin Rawamangun - Lantai 4',34,'cls',NULL,'2023-05-02 16:20:16',1,NULL,NULL),
(209,'Brin Rawamangun - Halaman',34,'cls',NULL,'2023-05-02 16:20:16',1,NULL,NULL),
(210,'Mess Blok M - Halaman',34,'cls',NULL,'2023-05-02 16:34:30',1,NULL,NULL),
(211,'Mess Tenggiri - Halaman',34,'cls',NULL,'2023-05-02 16:34:30',1,NULL,NULL),
(212,'Mess Tenggiri - Lantai 2',34,'cls',NULL,'2023-05-02 16:42:53',1,NULL,NULL),
(213,'Mess Paus 8 - Lantai 2',34,'cls',NULL,'2023-05-02 16:55:32',1,NULL,NULL),
(214,'Mess Paus 8 - Halaman',34,'cls',NULL,'2023-05-02 16:55:33',1,NULL,NULL),
(215,'Mess Paus 9 - Lantai 2',34,'cls',NULL,'2023-05-02 16:55:33',1,NULL,NULL),
(216,'Mess Paus 9 - Halaman',34,'cls',NULL,'2023-05-02 16:55:33',1,NULL,NULL);

/*Table structure for table `setup_location` */

DROP TABLE IF EXISTS `setup_location`;

CREATE TABLE `setup_location` (
  `id` int(11) NOT NULL AUTO_INCREMENT,
  `location_name` varchar(50) DEFAULT NULL,
  `region_id` int(11) DEFAULT NULL,
  `address` text DEFAULT NULL,
  `description` text DEFAULT NULL,
  `created_at` timestamp NOT NULL DEFAULT current_timestamp() ON UPDATE current_timestamp(),
  `created_by` int(11) DEFAULT NULL,
  `updated_at` datetime DEFAULT NULL,
  `updated_by` int(11) DEFAULT NULL,
  PRIMARY KEY (`id`),
  UNIQUE KEY `location_name` (`location_name`),
  KEY `region_id` (`region_id`),
  CONSTRAINT `setup_location_ibfk_1` FOREIGN KEY (`region_id`) REFERENCES `setup_region` (`id`) ON DELETE CASCADE ON UPDATE CASCADE
) ENGINE=InnoDB AUTO_INCREMENT=52 DEFAULT CHARSET=utf8mb4 COLLATE=utf8mb4_general_ci;

/*Data for the table `setup_location` */

insert  into `setup_location`(`id`,`location_name`,`region_id`,`address`,`description`,`created_at`,`created_by`,`updated_at`,`updated_by`) values 
(1,'Arkenas Balar Bali',1,NULL,NULL,'2023-04-26 15:35:59',NULL,NULL,NULL),
(2,'Denpasar Bali',1,NULL,NULL,'2023-04-26 15:35:59',NULL,NULL,NULL),
(3,'Sukabumi',2,NULL,NULL,'2023-04-27 07:46:23',NULL,NULL,NULL),
(4,'Sumedang',2,NULL,NULL,'2023-04-27 07:45:57',NULL,NULL,NULL),
(5,'Bandung Cinunuk',2,NULL,NULL,'2023-04-26 17:03:18',NULL,NULL,NULL),
(6,'Bandung Dago Pojok',2,NULL,NULL,'2023-04-26 17:03:18',NULL,NULL,NULL),
(7,'Bandung Gd. Arsip Cikutra',2,NULL,NULL,'2023-04-26 17:03:18',NULL,NULL,NULL),
(8,'Bandung Mess Hegarmanah',2,NULL,NULL,'2023-04-26 17:03:18',NULL,NULL,NULL),
(9,'Bandung Tubagus Ismail',2,NULL,NULL,'2023-04-26 17:03:18',NULL,NULL,NULL),
(10,'Kab. Bandung Ciater',2,NULL,NULL,'2023-04-26 17:03:18',NULL,NULL,NULL),
(11,'Kab. Bandung PLTP Ibun Kamojan',2,NULL,NULL,'2023-04-26 17:03:18',NULL,NULL,NULL),
(12,'Subang',2,NULL,NULL,'2023-04-26 17:03:18',NULL,NULL,NULL),
(14,'Arkenas Balar DIY',3,NULL,NULL,'2023-04-26 21:20:13',NULL,NULL,NULL),
(15,'Arkenas Gd. Artefak Rembang',3,NULL,NULL,'2023-04-26 21:20:13',NULL,NULL,NULL),
(16,'Gunung Kidul DIY',3,NULL,NULL,'2023-04-26 21:20:13',NULL,NULL,NULL),
(17,'Jepara',3,NULL,NULL,'2023-04-26 21:20:13',NULL,NULL,NULL),
(18,'Kalasan',3,NULL,NULL,'2023-04-26 21:20:13',NULL,NULL,NULL),
(19,'Magelang',3,NULL,NULL,'2023-04-26 21:20:13',NULL,NULL,NULL),
(20,'Salatiga',3,NULL,NULL,'2023-04-26 21:20:13',NULL,NULL,NULL),
(21,'Tawangmangu',3,NULL,NULL,'2023-04-26 21:20:13',NULL,NULL,NULL),
(22,'Arkenas Gd. Artefak Punung',4,NULL,NULL,'2023-04-26 21:27:54',NULL,NULL,NULL),
(23,'Arkenas Gd. Artefak Trowulan',4,NULL,NULL,'2023-04-26 21:27:54',NULL,NULL,NULL),
(24,'Pasuruhan Jawa Timur',4,NULL,NULL,'2023-04-26 21:27:55',NULL,NULL,NULL),
(25,'Arkenas Balar Kalsel',5,NULL,NULL,'2023-04-26 21:30:48',NULL,NULL,NULL),
(26,'Pontianak',5,NULL,NULL,'2023-04-26 21:30:48',NULL,NULL,NULL),
(27,'Kupang',6,NULL,NULL,'2023-04-26 21:32:42',NULL,NULL,NULL),
(28,'Rajabasa DBL',7,NULL,NULL,'2023-04-26 21:33:32',NULL,NULL,NULL),
(29,'DKI Jakarta Cikini + Raden Saleh',8,NULL,NULL,'2023-04-26 21:40:19',NULL,NULL,NULL),
(30,'DKI Jakarta Jalan Bandung',8,NULL,NULL,'2023-04-26 21:40:19',NULL,NULL,NULL),
(31,'DKI Jakarta Mess Gatsu',8,NULL,NULL,'2023-04-26 21:40:19',NULL,NULL,NULL),
(32,'DKI Jakarta Pekayon',8,NULL,NULL,'2023-04-26 21:40:19',NULL,NULL,NULL),
(33,'DKI Jakarta Permata Hijau',8,NULL,NULL,'2023-04-26 21:40:19',NULL,NULL,NULL),
(34,'DKI Jakarta Rawamangun',8,NULL,NULL,'2023-04-26 21:40:20',NULL,NULL,NULL),
(35,'DKI Jakarta Thamrin',8,NULL,NULL,'2023-04-26 21:40:20',NULL,NULL,NULL),
(36,'DKI Mess Jakarta Ancol',8,NULL,NULL,'2023-04-26 21:40:20',NULL,NULL,NULL),
(37,'Kab. Bogor Rusun Cibinong',8,NULL,NULL,'2023-04-26 21:40:20',NULL,NULL,NULL),
(38,'Kota Bogor Kusnoto',8,NULL,NULL,'2023-04-26 21:40:20',NULL,NULL,NULL),
(39,'Tangerang Gunung Sindur',8,NULL,NULL,'2023-04-26 21:40:20',NULL,NULL,NULL),
(40,'Tangerang Puspitek',8,NULL,NULL,'2023-04-26 21:40:20',NULL,NULL,NULL),
(41,'Arkenas Gd. Artefak Banten',8,NULL,NULL,'2023-04-26 21:40:20',NULL,NULL,NULL),
(42,'Arkenas Balar Maluku',9,NULL,NULL,'2023-04-26 21:43:05',NULL,NULL,NULL),
(43,'Arkenas Balar Papua',9,NULL,NULL,'2023-04-26 21:43:05',NULL,NULL,NULL),
(44,'Arkenas Balar Sulut',9,NULL,NULL,'2023-04-26 21:43:05',NULL,NULL,NULL),
(45,'Arkenas Sulsel',9,NULL,NULL,'2023-04-26 21:43:05',NULL,NULL,NULL),
(46,'Lahendong - Tomohon',9,NULL,NULL,'2023-04-26 21:43:05',NULL,NULL,NULL),
(47,'Bukit Tinggi Sumbar',10,NULL,NULL,'2023-04-26 21:44:11',NULL,NULL,NULL),
(48,'Arkenas Balar Sumsel',11,NULL,NULL,'2023-04-26 21:44:59',NULL,NULL,NULL),
(49,'Arkenas Balar Sumut',12,NULL,NULL,'2023-04-26 21:46:10',NULL,NULL,NULL),
(50,'Arkenas Gd. Artefak Barus',12,NULL,NULL,'2023-04-26 21:46:10',NULL,NULL,NULL),
(51,'Mataram',1,NULL,NULL,'2023-04-26 21:55:11',NULL,NULL,NULL);

/*Table structure for table `setup_project` */

DROP TABLE IF EXISTS `setup_project`;

CREATE TABLE `setup_project` (
  `project_code` varchar(50) NOT NULL,
  `project_name` varchar(50) DEFAULT NULL,
  `client_id` int(11) DEFAULT NULL,
  `contract_start` datetime DEFAULT NULL,
  `contract_finish` datetime DEFAULT NULL,
  `created_at` timestamp NOT NULL DEFAULT current_timestamp() ON UPDATE current_timestamp(),
  `created_by` int(11) DEFAULT NULL,
  `updated_at` datetime DEFAULT NULL,
  `updated_by` int(11) DEFAULT NULL,
  PRIMARY KEY (`project_code`),
  UNIQUE KEY `project_code` (`project_code`),
  KEY `client_id` (`client_id`),
  CONSTRAINT `setup_project_ibfk_1` FOREIGN KEY (`client_id`) REFERENCES `m_client` (`id`) ON DELETE NO ACTION ON UPDATE NO ACTION
) ENGINE=InnoDB DEFAULT CHARSET=utf8mb4 COLLATE=utf8mb4_general_ci;

/*Data for the table `setup_project` */

insert  into `setup_project`(`project_code`,`project_name`,`client_id`,`contract_start`,`contract_finish`,`created_at`,`created_by`,`updated_at`,`updated_by`) values 
('BRIN20230426','BRIN',1,'2023-04-27 00:00:00','2023-04-27 00:00:00','2023-04-26 15:01:11',1,NULL,NULL);

/*Table structure for table `setup_region` */

DROP TABLE IF EXISTS `setup_region`;

CREATE TABLE `setup_region` (
  `id` int(11) NOT NULL AUTO_INCREMENT,
  `region_name` varchar(50) DEFAULT NULL,
  `project_code` varchar(25) DEFAULT NULL,
  `description` text DEFAULT NULL,
  `created_at` timestamp NOT NULL DEFAULT current_timestamp() ON UPDATE current_timestamp(),
  `created_by` int(11) DEFAULT NULL,
  `updated_at` datetime DEFAULT NULL,
  `updated_by` int(11) DEFAULT NULL,
  PRIMARY KEY (`id`),
  UNIQUE KEY `region_name` (`region_name`)
) ENGINE=InnoDB AUTO_INCREMENT=13 DEFAULT CHARSET=utf8mb4 COLLATE=utf8mb4_general_ci;

/*Data for the table `setup_region` */

insert  into `setup_region`(`id`,`region_name`,`project_code`,`description`,`created_at`,`created_by`,`updated_at`,`updated_by`) values 
(1,'Bali','BRIN20230426',NULL,'2023-04-26 15:30:53',NULL,NULL,NULL),
(2,'Jawa Barat','BRIN20230426',NULL,'2023-04-26 15:30:53',NULL,NULL,NULL),
(3,'Jawa Tengah','BRIN20230426',NULL,'2023-04-26 15:30:53',NULL,NULL,NULL),
(4,'Jawa Timur','BRIN20230426',NULL,'2023-04-26 15:30:53',NULL,NULL,NULL),
(5,'Kalimantan','BRIN20230426',NULL,'2023-04-26 15:30:53',NULL,NULL,NULL),
(6,'Kupang','BRIN20230426',NULL,'2023-04-26 15:30:53',NULL,NULL,NULL),
(7,'Lampung','BRIN20230426',NULL,'2023-04-26 15:30:53',NULL,NULL,NULL),
(8,'Metro','BRIN20230426',NULL,'2023-04-26 15:30:53',NULL,NULL,NULL),
(9,'Sumapa','BRIN20230426',NULL,'2023-04-26 15:30:53',NULL,NULL,NULL),
(10,'Sumatera Barat','BRIN20230426',NULL,'2023-04-26 15:30:53',NULL,NULL,NULL),
(11,'Sumatera Selatan','BRIN20230426',NULL,'2023-04-26 15:30:53',NULL,NULL,NULL),
(12,'Sumatera Utara','BRIN20230426',NULL,'2023-04-26 15:30:53',NULL,NULL,NULL);

/*Table structure for table `setup_sub_area` */

DROP TABLE IF EXISTS `setup_sub_area`;

CREATE TABLE `setup_sub_area` (
  `id` int(11) NOT NULL AUTO_INCREMENT,
  `sub_area_name` varchar(50) DEFAULT NULL,
  `area_id` int(11) DEFAULT NULL,
  `description` text DEFAULT NULL,
  `created_at` timestamp NOT NULL DEFAULT current_timestamp() ON UPDATE current_timestamp(),
  `created_by` int(11) DEFAULT NULL,
  `updated_at` datetime DEFAULT NULL,
  `updated_by` int(11) DEFAULT NULL,
  PRIMARY KEY (`id`),
  KEY `area_id` (`area_id`),
  CONSTRAINT `setup_sub_area_ibfk_1` FOREIGN KEY (`area_id`) REFERENCES `setup_area` (`id`) ON DELETE CASCADE ON UPDATE CASCADE
) ENGINE=InnoDB AUTO_INCREMENT=1079 DEFAULT CHARSET=utf8mb4 COLLATE=utf8mb4_general_ci;

/*Data for the table `setup_sub_area` */

insert  into `setup_sub_area`(`id`,`sub_area_name`,`area_id`,`description`,`created_at`,`created_by`,`updated_at`,`updated_by`) values 
(1,'Security Functions',1,NULL,'2023-04-26 23:27:01',NULL,NULL,NULL),
(2,'Lobby Gedung Administrasi',2,NULL,'2023-04-26 23:40:50',NULL,NULL,NULL),
(3,'Ruang Rapat',2,NULL,'2023-04-26 23:40:50',NULL,NULL,NULL),
(4,'Ruang Kerja Pimpinan (Ka.BTIKK)',2,NULL,'2023-04-26 23:40:50',NULL,NULL,NULL),
(5,'Gallery',2,NULL,'2023-04-26 23:40:50',NULL,NULL,NULL),
(6,'Ruang Kerja Staff (Sekretaris)',2,NULL,'2023-04-26 23:40:50',NULL,NULL,NULL),
(7,'Ruang Kerja Staff (Desain)',2,NULL,'2023-04-26 23:40:50',NULL,NULL,NULL),
(8,'Ruang Kerja Staff (Pengelola Keuangan)',2,NULL,'2023-04-26 23:40:50',NULL,NULL,NULL),
(9,'Ruang Kerja Staff (KPJT. 1)',2,NULL,'2023-04-26 23:40:50',NULL,NULL,NULL),
(10,'Ruang Kerja Staff (KPJT. 2)',2,NULL,'2023-04-26 23:40:50',NULL,NULL,NULL),
(11,'Ruang Kerja Staff (PPT)',2,NULL,'2023-04-26 23:40:50',NULL,NULL,NULL),
(12,'Ruang Kerja Sub.Kordinator TU dan Staff TU',2,NULL,'2023-04-26 23:40:50',NULL,NULL,NULL),
(13,'Toilet (Pria)',2,NULL,'2023-04-26 23:40:50',NULL,NULL,NULL),
(14,'Toilet (Wanita)',2,NULL,'2023-04-26 23:40:50',NULL,NULL,NULL),
(15,'Pantry',2,NULL,'2023-04-26 23:40:50',NULL,NULL,NULL),
(16,'Lorong Administrasi',2,NULL,'2023-04-26 23:40:50',NULL,NULL,NULL),
(17,'Area Parkir',2,NULL,'2023-04-26 23:40:50',NULL,NULL,NULL),
(18,'Lobby Gedung Laboratorium',3,NULL,'2023-04-26 23:44:02',NULL,NULL,NULL),
(19,'Ruang Rapat',3,NULL,'2023-04-26 23:44:02',NULL,NULL,NULL),
(20,'Ruang Kontrol Rapat',3,NULL,'2023-04-26 23:44:02',NULL,NULL,NULL),
(21,'Ruang Laboratorium',3,NULL,'2023-04-26 23:44:02',NULL,NULL,NULL),
(22,'Ruang Kerja Staff Laboratorium',3,NULL,'2023-04-26 23:44:02',NULL,NULL,NULL),
(23,'Gudang Bahan Kimia',3,NULL,'2023-04-26 23:44:02',NULL,NULL,NULL),
(24,'Toilet VIP',3,NULL,'2023-04-26 23:44:02',NULL,NULL,NULL),
(25,'Toilet (Pria)',3,NULL,'2023-04-26 23:44:02',NULL,NULL,NULL),
(26,'Toilet (Wanita)',3,NULL,'2023-04-26 23:44:02',NULL,NULL,NULL),
(27,'Ruang Tamu',4,NULL,'2023-04-26 23:48:45',NULL,NULL,NULL),
(28,'Ruang CWS 1',4,NULL,'2023-04-26 23:48:45',NULL,NULL,NULL),
(29,'Ruang CWS 2',4,NULL,'2023-04-26 23:48:45',NULL,NULL,NULL),
(30,'Ruang Arsip',4,NULL,'2023-04-26 23:48:45',NULL,NULL,NULL),
(31,'Tempat Ibadah (Mushola)',4,NULL,'2023-04-26 23:48:45',NULL,NULL,NULL),
(32,'Toilet (Pria)',4,NULL,'2023-04-26 23:48:45',NULL,NULL,NULL),
(33,'Toilet (Wanita)',4,NULL,'2023-04-26 23:48:45',NULL,NULL,NULL),
(34,'Ruang Kerja INA TWS',5,NULL,'2023-04-26 23:50:17',NULL,NULL,NULL),
(35,'Ruang Kerja Produksi (Pembakaran)',6,NULL,'2023-04-26 23:56:34',NULL,NULL,NULL),
(36,'Pencetakan',6,NULL,'2023-04-26 23:56:34',NULL,NULL,NULL),
(37,'Pembentukan dan Kriya ukir',6,NULL,'2023-04-26 23:56:34',NULL,NULL,NULL),
(38,'Ruang Kerja Produksi (Kriya lukis)',6,NULL,'2023-04-26 23:56:34',NULL,NULL,NULL),
(39,'Ruang Kontrol Panel Listrik',6,NULL,'2023-04-26 23:56:34',NULL,NULL,NULL),
(40,'Toilet (Pria)',6,NULL,'2023-04-26 23:56:34',NULL,NULL,NULL),
(41,'Toilet (Wanita)',6,NULL,'2023-04-26 23:56:34',NULL,NULL,NULL),
(42,'Gudang Produksi',6,NULL,'2023-04-26 23:56:34',NULL,NULL,NULL),
(43,'Ruang Kerja Produksi (Pengolahan bahan baku)',6,NULL,'2023-04-26 23:56:34',NULL,NULL,NULL),
(44,'Gudang Bahan Baku',6,NULL,'2023-04-26 23:56:34',NULL,NULL,NULL),
(45,'Area Parkir 1 (roda 2)',6,NULL,'2023-04-26 23:56:34',NULL,NULL,NULL),
(46,'Area Parkir 2 (roda 4)',6,NULL,'2023-04-26 23:56:34',NULL,NULL,NULL),
(47,'Area Parkir 3 (roda 4)',6,NULL,'2023-04-26 23:56:34',NULL,NULL,NULL),
(48,'Ruang Training Center',6,NULL,'2023-04-26 23:56:34',NULL,NULL,NULL),
(49,'Lobby Asrama Putri',7,NULL,'2023-04-27 00:01:39',NULL,NULL,NULL),
(50,'Kamar Asrama Putri 1',7,NULL,'2023-04-27 00:01:39',NULL,NULL,NULL),
(51,'Kamar Asrama Putri 2',7,NULL,'2023-04-27 00:01:39',NULL,NULL,NULL),
(52,'Toilet Wanita1',7,NULL,'2023-04-27 00:05:10',NULL,NULL,NULL),
(53,'Toilet  Wanita2',7,NULL,'2023-04-27 00:06:02',NULL,NULL,NULL),
(54,'Lobby Asrama Putra',7,NULL,'2023-04-27 00:01:39',NULL,NULL,NULL),
(55,'Kamar Asrama Putra 1',7,NULL,'2023-04-27 00:01:39',NULL,NULL,NULL),
(56,'Kamar Asrama Putra 2',7,NULL,'2023-04-27 00:01:39',NULL,NULL,NULL),
(57,'Toilet Pria 1',7,NULL,'2023-04-27 00:01:39',NULL,NULL,NULL),
(58,'Toilet Pria 2',7,NULL,'2023-04-27 00:01:39',NULL,NULL,NULL),
(59,'Rumah Dinas Pimpinan',8,NULL,'2023-04-27 00:07:21',NULL,NULL,NULL),
(60,'Halaman 1',8,NULL,'2023-04-27 00:07:21',NULL,NULL,NULL),
(61,'Halaman 2',8,NULL,'2023-04-27 00:07:21',NULL,NULL,NULL),
(62,'Security Functions',9,NULL,'2023-04-27 00:16:20',NULL,NULL,NULL),
(63,'Attendance',10,NULL,'2023-04-27 00:17:57',NULL,NULL,NULL),
(64,'Driving Safety',10,NULL,'2023-04-27 00:17:57',NULL,NULL,NULL),
(65,'Lobby',11,NULL,'2023-04-27 00:21:35',NULL,NULL,NULL),
(66,'R Kasubag',11,NULL,'2023-04-27 00:21:35',NULL,NULL,NULL),
(67,'R Tata Usaha',11,NULL,'2023-04-27 00:21:35',NULL,NULL,NULL),
(68,'R Keuangan',11,NULL,'2023-04-27 00:21:35',NULL,NULL,NULL),
(69,'Pantry',11,NULL,'2023-04-27 00:21:35',NULL,NULL,NULL),
(70,'Toilet Pria & Wanita 1',11,NULL,'2023-04-27 00:21:35',NULL,NULL,NULL),
(71,'Toilet Pria & Wanita 2',11,NULL,'2023-04-27 00:21:35',NULL,NULL,NULL),
(72,'R Kepala',12,NULL,'2023-04-27 00:26:19',NULL,NULL,NULL),
(73,'R Peneliti 1',12,NULL,'2023-04-27 00:26:19',NULL,NULL,NULL),
(74,'R Peneliti 3',12,NULL,'2023-04-27 00:26:19',NULL,NULL,NULL),
(75,'R Peneliti 4',12,NULL,'2023-04-27 00:26:19',NULL,NULL,NULL),
(76,'Pantry',12,NULL,'2023-04-27 00:26:19',NULL,NULL,NULL),
(77,'R Rapat Kecil 1',12,NULL,'2023-04-27 00:26:19',NULL,NULL,NULL),
(78,'R Rapat Kecil  2',12,NULL,'2023-04-27 00:26:19',NULL,NULL,NULL),
(79,'Co Working Space',12,NULL,'2023-04-27 00:26:19',NULL,NULL,NULL),
(80,'Toilet Pria & Wanita 1',12,NULL,'2023-04-27 00:26:19',NULL,NULL,NULL),
(81,'Toilet Pria & Wanita 2',12,NULL,'2023-04-27 00:26:19',NULL,NULL,NULL),
(82,'Ruang perlengkapan',13,NULL,'2023-04-27 00:30:37',NULL,NULL,NULL),
(83,'R Dokumentasi',13,NULL,'2023-04-27 00:30:37',NULL,NULL,NULL),
(84,'R Penggambaran',13,NULL,'2023-04-27 00:30:37',NULL,NULL,NULL),
(85,'Gudang 1',13,NULL,'2023-04-27 00:30:37',NULL,NULL,NULL),
(86,'Gudang 2',13,NULL,'2023-04-27 00:30:37',NULL,NULL,NULL),
(87,'Co Working Space',13,NULL,'2023-04-27 00:30:37',NULL,NULL,NULL),
(88,'Toilet Pria & Wanita 1',13,NULL,'2023-04-27 00:30:37',NULL,NULL,NULL),
(89,'Toilet Pria & Wanita 2',13,NULL,'2023-04-27 00:30:37',NULL,NULL,NULL),
(90,'Ruang Rapat Besar',14,NULL,'2023-04-27 00:32:46',NULL,NULL,NULL),
(91,'Ruang Redaksi',14,NULL,'2023-04-27 00:32:46',NULL,NULL,NULL),
(92,'Ruang Peneliti 1',14,NULL,'2023-04-27 00:32:46',NULL,NULL,NULL),
(93,'Ruang Peneliti 2',14,NULL,'2023-04-27 00:32:46',NULL,NULL,NULL),
(94,'Ruang Peneliti 3',14,NULL,'2023-04-27 00:32:46',NULL,NULL,NULL),
(95,'Toilet Pria & Wanita',14,NULL,'2023-04-27 00:32:46',NULL,NULL,NULL),
(96,'Toilet Pria & Wanita 2',14,NULL,'2023-04-27 00:32:46',NULL,NULL,NULL),
(97,'Ruang Pameran',15,NULL,'2023-04-27 00:34:22',NULL,NULL,NULL),
(98,'Ruang Mess',15,NULL,'2023-04-27 00:34:22',NULL,NULL,NULL),
(99,'Toilet Pria / Wanita',15,NULL,'2023-04-27 00:34:22',NULL,NULL,NULL),
(100,'Ruang Laboratorium',16,NULL,'2023-04-27 00:36:50',NULL,NULL,NULL),
(101,'Toilet Pria & Wanita 1',16,NULL,'2023-04-27 00:36:50',NULL,NULL,NULL),
(102,'Toilet Pria & Wanita 2',16,NULL,'2023-04-27 00:36:50',NULL,NULL,NULL),
(103,'Ruang Perpustakaan',17,NULL,'2023-04-27 00:38:08',NULL,NULL,NULL),
(104,'Toilet Pria & Wanita',17,NULL,'2023-04-27 00:38:08',NULL,NULL,NULL),
(105,'Taman',18,NULL,'2023-04-27 00:38:53',NULL,NULL,NULL),
(106,'Parkir Mobil',18,NULL,'2023-04-27 00:38:53',NULL,NULL,NULL),
(107,'Driving Safety',19,NULL,'2023-04-27 00:41:42',NULL,NULL,NULL),
(108,'Attendance',19,NULL,'2023-04-27 00:41:42',NULL,NULL,NULL),
(109,'Halaman',20,NULL,'2023-04-27 07:50:14',NULL,NULL,NULL),
(110,'Ruang',20,NULL,'2023-04-27 07:50:14',NULL,NULL,NULL),
(111,'Toilet',20,NULL,'2023-04-27 07:51:53',NULL,NULL,NULL),
(112,'Halaman',21,NULL,'2023-04-27 07:52:34',NULL,NULL,NULL),
(113,'Ruang Lantai',21,NULL,'2023-04-27 07:52:34',NULL,NULL,NULL),
(114,'Security Functions',22,NULL,'2023-04-27 08:05:53',NULL,NULL,NULL),
(115,'Halaman',23,NULL,'2023-04-27 08:08:50',NULL,NULL,NULL),
(116,'Kamar 1',23,NULL,'2023-04-27 08:08:50',NULL,NULL,NULL),
(117,'Kamar 2',23,NULL,'2023-04-27 08:08:50',NULL,NULL,NULL),
(118,'Kamar 3',23,NULL,'2023-04-27 08:08:50',NULL,NULL,NULL),
(119,'Kamar 4',23,NULL,'2023-04-27 08:08:50',NULL,NULL,NULL),
(120,'Koridor',23,NULL,'2023-04-27 08:08:50',NULL,NULL,NULL),
(121,'Pantry',23,NULL,'2023-04-27 08:08:50',NULL,NULL,NULL),
(122,'Toilet',23,NULL,'2023-04-27 08:08:50',NULL,NULL,NULL),
(123,'Security Functions',26,NULL,'2023-04-27 08:28:13',NULL,NULL,NULL),
(124,'Halaman',27,NULL,'2023-04-27 08:30:55',NULL,NULL,NULL),
(125,'Kamar 1',27,NULL,'2023-04-27 08:30:55',NULL,NULL,NULL),
(126,'Kamar 2',27,NULL,'2023-04-27 08:30:55',NULL,NULL,NULL),
(127,'Kamar 3',27,NULL,'2023-04-27 08:30:55',NULL,NULL,NULL),
(128,'Kamar 4',27,NULL,'2023-04-27 08:30:55',NULL,NULL,NULL),
(129,'Kamar 5',27,NULL,'2023-04-27 08:30:55',NULL,NULL,NULL),
(130,'Koridor',27,NULL,'2023-04-27 08:30:55',NULL,NULL,NULL),
(131,'Ruang Kantor',27,NULL,'2023-04-27 08:30:55',NULL,NULL,NULL),
(132,'Toilet',27,NULL,'2023-04-27 08:30:55',NULL,NULL,NULL),
(133,'Pantry',27,NULL,'2023-04-27 08:30:55',NULL,NULL,NULL),
(134,'Security Functions',28,NULL,'2023-04-27 08:40:28',NULL,NULL,NULL),
(135,'Halaman',29,NULL,'2023-04-27 08:42:50',NULL,NULL,NULL),
(136,'Kamar 1',29,NULL,'2023-04-27 08:42:50',NULL,NULL,NULL),
(137,'Kamar 2',29,NULL,'2023-04-27 08:42:50',NULL,NULL,NULL),
(138,'Kamar 3',29,NULL,'2023-04-27 08:42:50',NULL,NULL,NULL),
(139,'Kamar 4',29,NULL,'2023-04-27 08:42:50',NULL,NULL,NULL),
(140,'Kamar 5',29,NULL,'2023-04-27 08:42:50',NULL,NULL,NULL),
(141,'Kamar 6',29,NULL,'2023-04-27 08:42:50',NULL,NULL,NULL),
(142,'Kamar 7',29,NULL,'2023-04-27 08:42:50',NULL,NULL,NULL),
(143,'Kamar 8',29,NULL,'2023-04-27 08:42:50',NULL,NULL,NULL),
(144,'Kamar 9',29,NULL,'2023-04-27 08:42:50',NULL,NULL,NULL),
(145,'Koridor',29,NULL,'2023-04-27 08:42:50',NULL,NULL,NULL),
(146,'Toilet',29,NULL,'2023-04-27 08:42:50',NULL,NULL,NULL),
(147,'Pantry',29,NULL,'2023-04-27 08:42:50',NULL,NULL,NULL),
(148,'Halaman',30,NULL,'2023-04-27 08:51:26',NULL,NULL,NULL),
(149,'Ruang',30,NULL,'2023-04-27 08:51:26',NULL,NULL,NULL),
(150,'Toilet',30,NULL,'2023-04-27 08:51:26',NULL,NULL,NULL),
(151,'Halaman',31,NULL,'2023-04-27 08:52:48',NULL,NULL,NULL),
(152,'Ruang Lantai',31,NULL,'2023-04-27 08:52:48',NULL,NULL,NULL),
(153,'Security Functions',32,NULL,'2023-04-27 08:59:54',NULL,NULL,NULL),
(154,'Outdoor',33,NULL,'2023-04-27 09:01:05',NULL,NULL,NULL),
(155,'Tangga',34,NULL,'2023-04-27 09:18:28',NULL,NULL,NULL),
(156,'Ruang Kantor',34,NULL,'2023-04-27 09:18:28',NULL,NULL,NULL),
(157,'Mushola',34,NULL,'2023-04-27 09:18:28',NULL,NULL,NULL),
(158,'Pantry',34,NULL,'2023-04-27 09:18:28',NULL,NULL,NULL),
(159,'Koridor',34,NULL,'2023-04-27 09:18:28',NULL,NULL,NULL),
(160,'Toilet',34,NULL,'2023-04-27 09:18:28',NULL,NULL,NULL),
(161,'Ruang Kantor',35,NULL,'2023-04-27 09:20:59',NULL,NULL,NULL),
(162,'Ruang Meeting',35,NULL,'2023-04-27 09:20:59',NULL,NULL,NULL),
(163,'Koridor',35,NULL,'2023-04-27 09:20:59',NULL,NULL,NULL),
(164,'Security Functions',36,NULL,'2023-04-27 09:47:36',NULL,NULL,NULL),
(165,'Ruang 1',37,NULL,'2023-04-27 09:49:13',NULL,NULL,NULL),
(166,'Ruang 2',37,NULL,'2023-04-27 09:49:13',NULL,NULL,NULL),
(167,'Toilet',37,NULL,'2023-04-27 09:49:13',NULL,NULL,NULL),
(168,'Halaman',38,NULL,'2023-04-27 09:50:57',NULL,NULL,NULL),
(169,'Ruang Kantor',38,NULL,'2023-04-27 09:50:57',NULL,NULL,NULL),
(170,'Halaman',39,NULL,'2023-04-27 09:52:24',NULL,NULL,NULL),
(171,'Ruang Kantor',39,NULL,'2023-04-27 09:52:24',NULL,NULL,NULL),
(172,'Toilet 1',39,NULL,'2023-04-27 09:52:24',NULL,NULL,NULL),
(173,'Toilet 2',39,NULL,'2023-04-27 09:52:24',NULL,NULL,NULL),
(174,'Halaman',40,NULL,'2023-04-27 09:55:37',NULL,NULL,NULL),
(175,'Ruang Kantor',40,NULL,'2023-04-27 09:55:37',NULL,NULL,NULL),
(176,'Koridor',40,NULL,'2023-04-27 09:55:37',NULL,NULL,NULL),
(177,'Pantry',40,NULL,'2023-04-27 09:55:37',NULL,NULL,NULL),
(178,'Halaman',41,NULL,'2023-04-27 10:01:26',NULL,NULL,NULL),
(179,'Ruang Kantor 1',41,NULL,'2023-04-27 10:01:26',NULL,NULL,NULL),
(180,'Ruang Kantor 2',41,NULL,'2023-04-27 10:01:26',NULL,NULL,NULL),
(181,'Ruang Kantor 3',41,NULL,'2023-04-27 10:01:26',NULL,NULL,NULL),
(182,'Ruang Kantor 4',41,NULL,'2023-04-27 10:01:26',NULL,NULL,NULL),
(183,'Koridor',41,NULL,'2023-04-27 10:01:26',NULL,NULL,NULL),
(184,'Ruang Meeting',41,NULL,'2023-04-27 10:01:26',NULL,NULL,NULL),
(185,'Lobby',41,NULL,'2023-04-27 10:01:26',NULL,NULL,NULL),
(186,'Pantry',41,NULL,'2023-04-27 10:01:26',NULL,NULL,NULL),
(187,'Toilet 1',41,NULL,'2023-04-27 10:01:26',NULL,NULL,NULL),
(188,'Toilet 2',41,NULL,'2023-04-27 10:01:26',NULL,NULL,NULL),
(189,'Halaman',42,NULL,'2023-04-27 10:06:17',NULL,NULL,NULL),
(190,'Tempat Wudhu',42,NULL,'2023-04-27 10:06:17',NULL,NULL,NULL),
(191,'Ruang Sembahyang',42,NULL,'2023-04-27 10:06:17',NULL,NULL,NULL),
(192,'Halaman',43,NULL,'2023-04-27 10:10:14',NULL,NULL,NULL),
(193,'Ruang Galery',43,NULL,'2023-04-27 10:10:14',NULL,NULL,NULL),
(194,'Pantry',43,NULL,'2023-04-27 10:10:14',NULL,NULL,NULL),
(195,'Toilet 1',43,NULL,'2023-04-27 10:10:14',NULL,NULL,NULL),
(196,'Toilet 2',43,NULL,'2023-04-27 10:10:14',NULL,NULL,NULL),
(197,'Toilet 3',43,NULL,'2023-04-27 10:10:14',NULL,NULL,NULL),
(198,'Toilet 4',43,NULL,'2023-04-27 10:10:14',NULL,NULL,NULL),
(199,'Toilet 5',43,NULL,'2023-04-27 10:10:14',NULL,NULL,NULL),
(200,'Toilet 6',43,NULL,'2023-04-27 10:10:14',NULL,NULL,NULL),
(201,'Halaman',44,NULL,'2023-04-27 10:12:16',NULL,NULL,NULL),
(202,'Ruang Kantor 1',44,NULL,'2023-04-27 10:12:16',NULL,NULL,NULL),
(203,'Toilet 1',44,NULL,'2023-04-27 10:12:16',NULL,NULL,NULL),
(204,'Halaman',45,NULL,'2023-04-27 10:20:28',NULL,NULL,NULL),
(205,'Ruang Aula',45,NULL,'2023-04-27 10:20:28',NULL,NULL,NULL),
(206,'Ruang Kantor 1',45,NULL,'2023-04-27 10:20:28',NULL,NULL,NULL),
(207,'Ruang Kantor 2',45,NULL,'2023-04-27 10:20:28',NULL,NULL,NULL),
(208,'Ruang Arsip',45,NULL,'2023-04-27 10:20:28',NULL,NULL,NULL),
(209,'Toilet 1',45,NULL,'2023-04-27 10:20:28',NULL,NULL,NULL),
(210,'Toilet 2',45,NULL,'2023-04-27 10:20:28',NULL,NULL,NULL),
(211,'Toilet 3',45,NULL,'2023-04-27 10:20:28',NULL,NULL,NULL),
(212,'Toilet 4',45,NULL,'2023-04-27 10:20:28',NULL,NULL,NULL),
(213,'Halaman',46,NULL,'2023-04-27 10:25:37',NULL,NULL,NULL),
(214,'Area Parkir',46,NULL,'2023-04-27 10:25:37',NULL,NULL,NULL),
(215,'Kamar 1',46,NULL,'2023-04-27 10:25:37',NULL,NULL,NULL),
(216,'Kamar 2',46,NULL,'2023-04-27 10:25:37',NULL,NULL,NULL),
(217,'Kamar 3',46,NULL,'2023-04-27 10:25:37',NULL,NULL,NULL),
(218,'Kamar 4',46,NULL,'2023-04-27 10:25:37',NULL,NULL,NULL),
(219,'Kamar 5',46,NULL,'2023-04-27 10:25:37',NULL,NULL,NULL),
(220,'Kamar 6',46,NULL,'2023-04-27 10:25:37',NULL,NULL,NULL),
(221,'Kamar 7',46,NULL,'2023-04-27 10:25:37',NULL,NULL,NULL),
(222,'Kamar 8',46,NULL,'2023-04-27 10:25:37',NULL,NULL,NULL),
(223,'Ruang Meeting',46,NULL,'2023-04-27 10:25:37',NULL,NULL,NULL),
(224,'Koridor',46,NULL,'2023-04-27 10:25:37',NULL,NULL,NULL),
(225,'Lobby',46,NULL,'2023-04-27 10:25:37',NULL,NULL,NULL),
(226,'Toilet 1',46,NULL,'2023-04-27 10:25:37',NULL,NULL,NULL),
(227,'Pantry',46,NULL,'2023-04-27 10:25:37',NULL,NULL,NULL),
(228,'Security Functions',47,NULL,'2023-04-27 10:46:44',NULL,NULL,NULL),
(229,'Taman Depan',48,NULL,'2023-04-27 10:47:25',NULL,NULL,NULL),
(230,'Ruang Mesin',49,NULL,'2023-04-27 10:48:38',NULL,NULL,NULL),
(231,'Ruang Penyimpanan',50,NULL,'2023-04-27 10:49:17',NULL,NULL,NULL),
(232,'Ruang Tamu',51,NULL,'2023-04-27 10:54:23',NULL,NULL,NULL),
(233,'Kamar Tidur 6 Ruang',51,NULL,'2023-04-27 11:00:33',NULL,NULL,NULL),
(234,'Toilet Pria / Wanita',51,NULL,'2023-04-27 11:00:33',NULL,NULL,NULL),
(235,'Ruang Kerja',52,NULL,'2023-04-27 11:02:45',NULL,NULL,NULL),
(236,'Ruang Server',52,NULL,'2023-04-27 11:02:45',NULL,NULL,NULL),
(237,'Ruang Peneliti dan Ruang Laboratorium',53,NULL,'2023-04-27 11:03:08',NULL,NULL,NULL),
(238,'Ruang Makan',54,NULL,'2023-04-27 11:04:47',NULL,NULL,NULL),
(239,'Dapur',54,NULL,'2023-04-27 11:04:47',NULL,NULL,NULL),
(240,'Toilet Pria/ Wanita',54,NULL,'2023-04-27 11:04:47',NULL,NULL,NULL),
(241,'Ruang Rapat',55,NULL,'2023-04-27 11:05:24',NULL,NULL,NULL),
(242,'Toilet Pria/ Wanita',55,NULL,'2023-04-27 11:05:24',NULL,NULL,NULL),
(243,'Driving Safety',56,NULL,'2023-04-27 11:14:41',NULL,NULL,NULL),
(244,'Attendance',56,NULL,'2023-04-27 11:14:41',NULL,NULL,NULL),
(245,'Security Functions',57,NULL,'2023-04-27 11:39:40',NULL,NULL,NULL),
(246,'Driving Safety',58,NULL,'2023-04-27 11:41:02',NULL,NULL,NULL),
(247,'Attendance',58,NULL,'2023-04-27 11:41:02',NULL,NULL,NULL),
(248,'Pintu Barat & Timur',59,NULL,'2023-04-27 11:45:58',NULL,NULL,NULL),
(249,'Mushola',59,NULL,'2023-04-27 11:45:58',NULL,NULL,NULL),
(250,'Pantry',59,NULL,'2023-04-27 11:45:58',NULL,NULL,NULL),
(251,'Ruang Rapat',59,NULL,'2023-04-27 11:45:58',NULL,NULL,NULL),
(252,'Ruang Penelitian',59,NULL,'2023-04-27 11:45:58',NULL,NULL,NULL),
(253,'Ruang Kepegawaian',59,NULL,'2023-04-27 11:45:58',NULL,NULL,NULL),
(254,'Ruang Kerja',59,NULL,'2023-04-27 11:45:58',NULL,NULL,NULL),
(255,'Mess',59,NULL,'2023-04-27 11:45:58',NULL,NULL,NULL),
(256,'Koridor',59,NULL,'2023-04-27 11:45:58',NULL,NULL,NULL),
(257,'Toilet Pria / Wanita',59,NULL,'2023-04-27 11:45:58',NULL,NULL,NULL),
(258,'Tangga Exit Barat',60,NULL,'2023-04-27 11:50:23',NULL,NULL,NULL),
(259,'& Timur',60,NULL,'2023-04-27 11:50:23',NULL,NULL,NULL),
(260,'Ruang Tamu',60,NULL,'2023-04-27 11:50:23',NULL,NULL,NULL),
(261,'Pantry',60,NULL,'2023-04-27 11:50:23',NULL,NULL,NULL),
(262,'Ruang Rapat',60,NULL,'2023-04-27 11:50:23',NULL,NULL,NULL),
(263,'Ruang Kerja',60,NULL,'2023-04-27 11:50:23',NULL,NULL,NULL),
(264,'Ruang Perpustakaan',60,NULL,'2023-04-27 11:50:23',NULL,NULL,NULL),
(265,'Ruang Pimpinan',60,NULL,'2023-04-27 11:50:23',NULL,NULL,NULL),
(266,'Koridor',60,NULL,'2023-04-27 11:50:23',NULL,NULL,NULL),
(267,'Toilet Pria / Wanita',60,NULL,'2023-04-27 11:50:23',NULL,NULL,NULL),
(268,'Taman',61,NULL,'2023-04-27 11:52:34',NULL,NULL,NULL),
(269,'Parkir Motor',61,NULL,'2023-04-27 11:52:34',NULL,NULL,NULL),
(270,'Parkir Mobil',61,NULL,'2023-04-27 11:52:34',NULL,NULL,NULL),
(271,'Smoking Area',61,NULL,'2023-04-27 11:52:34',NULL,NULL,NULL),
(272,'Pos Satpam',61,NULL,'2023-04-27 11:52:34',NULL,NULL,NULL),
(273,'[Halaman depan samping dan belakang',61,NULL,'2023-04-27 11:52:34',NULL,NULL,NULL),
(274,'TPS',61,NULL,'2023-04-27 11:52:34',NULL,NULL,NULL),
(275,'Security Functions',62,NULL,'2023-04-27 11:55:54',NULL,NULL,NULL),
(276,'Ruang Pameran',63,NULL,'2023-04-27 11:57:28',NULL,NULL,NULL),
(277,'Gedung Artefak',63,NULL,'2023-04-27 11:57:28',NULL,NULL,NULL),
(278,'Gedung Serbaguna',63,NULL,'2023-04-27 11:57:28',NULL,NULL,NULL),
(279,'Toilet',63,NULL,'2023-04-27 11:57:28',NULL,NULL,NULL),
(280,'Taman',64,NULL,'2023-04-27 11:58:28',NULL,NULL,NULL),
(281,'Halaman Utama Depan',64,NULL,'2023-04-27 11:58:28',NULL,NULL,NULL),
(282,'Halaman samping dan belakang',64,NULL,'2023-04-27 11:58:28',NULL,NULL,NULL),
(283,'TPS',64,NULL,'2023-04-27 11:58:28',NULL,NULL,NULL),
(284,'Security Functions',65,NULL,'2023-04-27 13:32:34',NULL,NULL,NULL),
(285,'Driving Safety',66,NULL,'2023-04-27 13:34:29',NULL,NULL,NULL),
(286,'Attendance',66,NULL,'2023-04-27 13:34:29',NULL,NULL,NULL),
(287,'Pintu Masuk',67,NULL,'2023-04-27 13:38:06',NULL,NULL,NULL),
(288,'Ruang Kontrol',67,NULL,'2023-04-27 13:38:06',NULL,NULL,NULL),
(289,'Pantry',67,NULL,'2023-04-27 13:38:06',NULL,NULL,NULL),
(290,'Ruang Admin',67,NULL,'2023-04-27 13:38:06',NULL,NULL,NULL),
(291,'Ruang Batre',67,NULL,'2023-04-27 13:38:06',NULL,NULL,NULL),
(292,'Ruang Tamu',67,NULL,'2023-04-27 13:38:06',NULL,NULL,NULL),
(293,'Kanopi Outdoor',67,NULL,'2023-04-27 13:38:06',NULL,NULL,NULL),
(294,'Koridor',67,NULL,'2023-04-27 13:38:06',NULL,NULL,NULL),
(295,'Toilet Pria / Wanita',67,NULL,'2023-04-27 13:38:06',NULL,NULL,NULL),
(296,'Multimedia',68,NULL,'2023-04-27 13:40:43',NULL,NULL,NULL),
(297,'Mess',68,NULL,'2023-04-27 13:40:43',NULL,NULL,NULL),
(298,'Desalinasi',68,NULL,'2023-04-27 13:40:43',NULL,NULL,NULL),
(299,'Genset',68,NULL,'2023-04-27 13:40:43',NULL,NULL,NULL),
(300,'Biofuel',68,NULL,'2023-04-27 13:40:43',NULL,NULL,NULL),
(301,'Komposit',68,NULL,'2023-04-27 13:40:43',NULL,NULL,NULL),
(302,'Toilet Wisata Depan',68,NULL,'2023-04-27 13:40:43',NULL,NULL,NULL),
(303,'Toilet Wisata Belakang',68,NULL,'2023-04-27 13:40:43',NULL,NULL,NULL),
(304,'Musholla',68,NULL,'2023-04-27 13:40:43',NULL,NULL,NULL),
(305,'Pos Satpam',68,NULL,'2023-04-27 13:40:43',NULL,NULL,NULL),
(306,'Gazebo',68,NULL,'2023-04-27 13:40:43',NULL,NULL,NULL),
(307,'Taman',69,NULL,'2023-04-27 13:45:32',NULL,NULL,NULL),
(308,'Parkir Utama',69,NULL,'2023-04-27 13:45:32',NULL,NULL,NULL),
(309,'Ampititer',69,NULL,'2023-04-27 13:45:32',NULL,NULL,NULL),
(310,'Area Jam Matahari',69,NULL,'2023-04-27 13:45:32',NULL,NULL,NULL),
(311,'Kincir/PLTB 5 KWH',69,NULL,'2023-04-27 13:45:32',NULL,NULL,NULL),
(312,'Ice Maker',69,NULL,'2023-04-27 13:45:32',NULL,NULL,NULL),
(313,'Technocamp',69,NULL,'2023-04-27 13:45:32',NULL,NULL,NULL),
(314,'TPS',69,NULL,'2023-04-27 13:45:32',NULL,NULL,NULL),
(315,'Security Functions',70,NULL,'2023-04-27 14:24:23',NULL,NULL,NULL),
(316,'Pantry',71,NULL,'2023-04-27 14:42:37',NULL,NULL,NULL),
(317,'Kamar Depan',71,NULL,'2023-04-27 14:42:37',NULL,NULL,NULL),
(318,'Kamar Belakang',71,NULL,'2023-04-27 14:42:37',NULL,NULL,NULL),
(319,'Ruang Tamu',71,NULL,'2023-04-27 14:42:37',NULL,NULL,NULL),
(320,'Toilet Pria / Wanita',71,NULL,'2023-04-27 14:42:37',NULL,NULL,NULL),
(321,'Taman',72,NULL,'2023-04-27 15:37:55',NULL,NULL,NULL),
(322,'Halaman Utama Depan',72,NULL,'2023-04-27 15:37:55',NULL,NULL,NULL),
(323,'Halaman Samping Dan Belakang',72,NULL,'2023-04-27 15:37:55',NULL,NULL,NULL),
(324,'Tps',72,NULL,'2023-04-27 15:37:55',NULL,NULL,NULL),
(325,'Koridor',73,NULL,'2023-04-27 15:51:37',NULL,NULL,NULL),
(326,'Ruang Rapat/Pendopo',73,NULL,'2023-04-27 15:51:37',NULL,NULL,NULL),
(327,'Gudang',73,NULL,'2023-04-27 15:51:37',NULL,NULL,NULL),
(328,'Ruang Genset',73,NULL,'2023-04-27 15:51:37',NULL,NULL,NULL),
(329,'Ruang Alat Meteorologi',73,NULL,'2023-04-27 15:51:37',NULL,NULL,NULL),
(330,'Ruang Kerja',73,NULL,'2023-04-27 15:51:37',NULL,NULL,NULL),
(331,'Pantry',73,NULL,'2023-04-27 15:51:37',NULL,NULL,NULL),
(332,'Musholla',73,NULL,'2023-04-27 15:51:37',NULL,NULL,NULL),
(333,'Toilet Pria / Wanita',73,NULL,'2023-04-27 15:51:37',NULL,NULL,NULL),
(334,'Taman',74,NULL,'2023-04-27 15:56:31',NULL,NULL,NULL),
(335,'Pos Satpam',74,NULL,'2023-04-27 15:56:31',NULL,NULL,NULL),
(336,'Halaman Utama Depan',74,NULL,'2023-04-27 15:56:31',NULL,NULL,NULL),
(337,'Halaman Samping Dan Belakang',74,NULL,'2023-04-27 15:56:31',NULL,NULL,NULL),
(338,'Tps',74,NULL,'2023-04-27 15:56:31',NULL,NULL,NULL),
(339,'Security Functions',75,NULL,'2023-04-27 16:08:43',NULL,NULL,NULL),
(340,'Driving Safety (EX BATAN SLEMAN - POLTEK)',76,NULL,'2023-04-27 16:10:09',NULL,NULL,NULL),
(341,'Attendance (EX BATAN SLEMAN - POLTEK)',76,NULL,'2023-04-27 16:10:09',NULL,NULL,NULL),
(342,'Ruang Tamu',77,NULL,'2023-04-27 16:14:20',NULL,NULL,NULL),
(343,'Pantry',77,NULL,'2023-04-27 16:14:20',NULL,NULL,NULL),
(344,'Kamar Depan',77,NULL,'2023-04-27 16:14:20',NULL,NULL,NULL),
(345,'Kamar Belakang',77,NULL,'2023-04-27 16:14:20',NULL,NULL,NULL),
(346,'Toilet Belakang',77,NULL,'2023-04-27 16:14:20',NULL,NULL,NULL),
(347,'Toilet Pria / Wanita',77,NULL,'2023-04-27 16:14:20',NULL,NULL,NULL),
(348,'Taman',78,NULL,'2023-04-27 16:15:29',NULL,NULL,NULL),
(349,'Halaman Utama Depan',78,NULL,'2023-04-27 16:15:29',NULL,NULL,NULL),
(350,'Halaman samping dan belakang',78,NULL,'2023-04-27 16:15:29',NULL,NULL,NULL),
(351,'TPS',78,NULL,'2023-04-27 16:15:29',NULL,NULL,NULL),
(352,'Security Functions',79,NULL,'2023-04-27 16:24:25',NULL,NULL,NULL),
(353,'Driving Safety',80,NULL,'2023-04-27 16:27:26',NULL,NULL,NULL),
(354,'Attendance',80,NULL,'2023-04-27 16:27:26',NULL,NULL,NULL),
(355,'Gudang',81,NULL,'2023-04-27 16:30:16',NULL,NULL,NULL),
(356,'Ruang CWS III',81,NULL,'2023-04-27 16:30:16',NULL,NULL,NULL),
(357,'R Diskusi',81,NULL,'2023-04-27 16:30:16',NULL,NULL,NULL),
(358,'Ruang Rapat Borobudur',81,NULL,'2023-04-27 16:30:16',NULL,NULL,NULL),
(359,'Ruang CWS I',81,NULL,'2023-04-27 16:30:16',NULL,NULL,NULL),
(360,'Ruang CWS II',81,NULL,'2023-04-27 16:30:16',NULL,NULL,NULL),
(361,'Koridor & Pintu Masuk',81,NULL,'2023-04-27 16:30:16',NULL,NULL,NULL),
(362,'Ruang Aula',81,NULL,'2023-04-27 16:30:16',NULL,NULL,NULL),
(363,'Musholla',81,NULL,'2023-04-27 16:30:16',NULL,NULL,NULL),
(364,'Pantry',81,NULL,'2023-04-27 16:30:16',NULL,NULL,NULL),
(365,'Toilet Pria / Wanita',81,NULL,'2023-04-27 16:30:16',NULL,NULL,NULL),
(366,'Taman',82,NULL,'2023-04-27 16:33:41',NULL,NULL,NULL),
(367,'Parkir Motor',82,NULL,'2023-04-27 16:33:41',NULL,NULL,NULL),
(368,'Parkir Mobil',82,NULL,'2023-04-27 16:33:41',NULL,NULL,NULL),
(369,'Smoking Area',82,NULL,'2023-04-27 16:33:41',NULL,NULL,NULL),
(370,'Pos Satpam',82,NULL,'2023-04-27 16:33:41',NULL,NULL,NULL),
(371,'Halaman depan samping dan belakang',82,NULL,'2023-04-27 16:33:41',NULL,NULL,NULL),
(372,'TPS',82,NULL,'2023-04-27 16:33:41',NULL,NULL,NULL),
(373,'Security Functions',83,NULL,'2023-04-27 16:53:29',NULL,NULL,NULL),
(374,'Driving Safety',84,NULL,'2023-04-27 16:54:04',NULL,NULL,NULL),
(375,'Attendance',84,NULL,'2023-04-27 16:54:04',NULL,NULL,NULL),
(376,'Koridor',85,NULL,'2023-04-27 16:55:18',NULL,NULL,NULL),
(377,'Kamar Tidur',85,NULL,'2023-04-27 16:55:18',NULL,NULL,NULL),
(378,'Ruang Rapat',85,NULL,'2023-04-27 16:55:18',NULL,NULL,NULL),
(379,'Gudang',85,NULL,'2023-04-27 16:55:18',NULL,NULL,NULL),
(380,'Toilet Pria / Wanita',85,NULL,'2023-04-27 16:55:18',NULL,NULL,NULL),
(381,'Ruang Lab',86,NULL,'2023-04-27 16:57:09',NULL,NULL,NULL),
(382,'Ruang Kerja',86,NULL,'2023-04-27 16:57:09',NULL,NULL,NULL),
(383,'Ruang Pendingin',86,NULL,'2023-04-27 16:57:09',NULL,NULL,NULL),
(384,'Pantry',86,NULL,'2023-04-27 16:57:09',NULL,NULL,NULL),
(385,'Koridor',86,NULL,'2023-04-27 16:57:09',NULL,NULL,NULL),
(386,'Toilet Pria / Wanita',86,NULL,'2023-04-27 16:57:09',NULL,NULL,NULL),
(387,'Lab Anopheles',87,NULL,'2023-04-27 16:58:57',NULL,NULL,NULL),
(388,'Lab Cullicinae',87,NULL,'2023-04-27 16:58:57',NULL,NULL,NULL),
(389,'Gudang Alat dan Bahan 1',87,NULL,'2023-04-27 16:58:57',NULL,NULL,NULL),
(390,'Gudang alat dan Bahan 2',87,NULL,'2023-04-27 16:58:57',NULL,NULL,NULL),
(391,'Koridor',87,NULL,'2023-04-27 16:58:57',NULL,NULL,NULL),
(392,'Ruang Kerja',88,NULL,'2023-04-27 16:59:46',NULL,NULL,NULL),
(393,'Koridor',88,NULL,'2023-04-27 16:59:46',NULL,NULL,NULL),
(394,'Toilet Pria / Wanita',88,NULL,'2023-04-27 16:59:46',NULL,NULL,NULL),
(395,'Taman',89,NULL,'2023-04-27 17:00:55',NULL,NULL,NULL),
(396,'Halaman Parkir',89,NULL,'2023-04-27 17:00:55',NULL,NULL,NULL),
(397,'Halaman depan samping dan belakang',89,NULL,'2023-04-27 17:00:55',NULL,NULL,NULL),
(398,'TPS',89,NULL,'2023-04-27 17:00:55',NULL,NULL,NULL),
(399,'Security Functions',90,NULL,'2023-04-27 17:08:14',NULL,NULL,NULL),
(400,'Driving Safety',91,NULL,'2023-04-27 17:08:47',NULL,NULL,NULL),
(401,'Attendance',91,NULL,'2023-04-27 17:08:47',NULL,NULL,NULL),
(402,'Gudang',92,NULL,'2023-04-27 17:10:34',NULL,NULL,NULL),
(403,'Ruang Benih',92,NULL,'2023-04-27 17:10:34',NULL,NULL,NULL),
(404,'Lab Galenika',92,NULL,'2023-04-27 17:10:34',NULL,NULL,NULL),
(405,'Lab Fitokimia',92,NULL,'2023-04-27 17:10:34',NULL,NULL,NULL),
(406,'Lab hama',92,NULL,'2023-04-27 17:10:34',NULL,NULL,NULL),
(407,'Lab Budidaya',92,NULL,'2023-04-27 17:10:34',NULL,NULL,NULL),
(408,'Lab Benih',92,NULL,'2023-04-27 17:10:34',NULL,NULL,NULL),
(409,'Koridor',92,NULL,'2023-04-27 17:10:34',NULL,NULL,NULL),
(410,'Toilet Pria / Wanita',92,NULL,'2023-04-27 17:10:34',NULL,NULL,NULL),
(411,'Lab Instrumen',93,NULL,'2023-04-27 17:12:37',NULL,NULL,NULL),
(412,'Lab Formulasi',93,NULL,'2023-04-27 17:12:37',NULL,NULL,NULL),
(413,'Gudang Kimia',93,NULL,'2023-04-27 17:12:37',NULL,NULL,NULL),
(414,'Ruang Kerja',93,NULL,'2023-04-27 17:12:37',NULL,NULL,NULL),
(415,'Koridor',93,NULL,'2023-04-27 17:12:37',NULL,NULL,NULL),
(416,'Toilet Pria / Wanita',93,NULL,'2023-04-27 17:12:37',NULL,NULL,NULL),
(417,'Ruang Kerja',94,NULL,'2023-04-27 17:15:01',NULL,NULL,NULL),
(418,'Lab Biomol',94,NULL,'2023-04-27 17:15:01',NULL,NULL,NULL),
(419,'Lab Mikro',94,NULL,'2023-04-27 17:15:01',NULL,NULL,NULL),
(420,'Lab Kultur Jaringan',94,NULL,'2023-04-27 17:15:01',NULL,NULL,NULL),
(421,'Gudang',94,NULL,'2023-04-27 17:15:01',NULL,NULL,NULL),
(422,'Ruang Rapat',94,NULL,'2023-04-27 17:15:01',NULL,NULL,NULL),
(423,'Koridor',94,NULL,'2023-04-27 17:15:01',NULL,NULL,NULL),
(424,'Toilet Pria / Wanita',94,NULL,'2023-04-27 17:15:02',NULL,NULL,NULL),
(425,'Ruang Rapat',95,NULL,'2023-04-27 17:16:32',NULL,NULL,NULL),
(426,'Musholla',95,NULL,'2023-04-27 17:16:32',NULL,NULL,NULL),
(427,'Pantry',95,NULL,'2023-04-27 17:16:32',NULL,NULL,NULL),
(428,'Gudang',95,NULL,'2023-04-27 17:16:32',NULL,NULL,NULL),
(429,'Koridor',95,NULL,'2023-04-27 17:16:32',NULL,NULL,NULL),
(430,'Toilet Pria / Wanita',95,NULL,'2023-04-27 17:16:32',NULL,NULL,NULL),
(431,'Ruang Pegawai',96,NULL,'2023-04-27 17:17:58',NULL,NULL,NULL),
(432,'Cinema',96,NULL,'2023-04-27 17:17:58',NULL,NULL,NULL),
(433,'Ruang Arsip',96,NULL,'2023-04-27 17:17:58',NULL,NULL,NULL),
(434,'Koridor',96,NULL,'2023-04-27 17:17:58',NULL,NULL,NULL),
(435,'Toilet Pria / Wanita',96,NULL,'2023-04-27 17:17:58',NULL,NULL,NULL),
(436,'Taman',97,NULL,'2023-04-27 17:19:41',NULL,NULL,NULL),
(437,'Halaman Parkir',97,NULL,'2023-04-27 17:19:41',NULL,NULL,NULL),
(438,'IPAL',97,NULL,'2023-04-27 17:19:41',NULL,NULL,NULL),
(439,'Ruang Genset',97,NULL,'2023-04-27 17:19:41',NULL,NULL,NULL),
(440,'Pos Satpam',97,NULL,'2023-04-27 17:19:41',NULL,NULL,NULL),
(441,'Rumah Kaca Barat',97,NULL,'2023-04-27 17:19:41',NULL,NULL,NULL),
(442,'Rumah Kaca Timur',97,NULL,'2023-04-27 17:19:41',NULL,NULL,NULL),
(443,'Halaman depan samping dan belakang',97,NULL,'2023-04-27 17:19:41',NULL,NULL,NULL),
(444,'TPS',97,NULL,'2023-04-27 17:19:41',NULL,NULL,NULL),
(445,'Security Functions',98,NULL,'2023-04-27 21:52:25',NULL,NULL,NULL),
(446,'Ruangan',99,NULL,'2023-04-27 21:53:28',NULL,NULL,NULL),
(447,'Toilet',99,NULL,'2023-04-27 21:53:28',NULL,NULL,NULL),
(448,'Halaman',99,NULL,'2023-04-27 21:53:28',NULL,NULL,NULL),
(449,'Ruang Tamu',100,NULL,'2023-04-27 21:55:10',NULL,NULL,NULL),
(450,'Ruang Penyimpanan Artefak',100,NULL,'2023-04-27 21:55:10',NULL,NULL,NULL),
(451,'Ruang Kerja',100,NULL,'2023-04-27 21:55:10',NULL,NULL,NULL),
(452,'Toilet',100,NULL,'2023-04-27 21:55:10',NULL,NULL,NULL),
(453,'Halaman',100,NULL,'2023-04-27 21:55:10',NULL,NULL,NULL),
(454,'Security Functions',101,NULL,'2023-04-27 22:13:34',NULL,NULL,NULL),
(455,'Driving Safety',102,NULL,'2023-04-27 22:16:16',NULL,NULL,NULL),
(456,'Attendance',102,NULL,'2023-04-27 22:16:16',NULL,NULL,NULL),
(457,'Pos Security 1',103,NULL,'2023-04-27 22:21:03',NULL,NULL,NULL),
(458,'Pos Security 2',103,NULL,'2023-04-27 22:21:03',NULL,NULL,NULL),
(459,'Pos Security 3',103,NULL,'2023-04-27 22:21:03',NULL,NULL,NULL),
(460,'Pos Security 4',103,NULL,'2023-04-27 22:21:03',NULL,NULL,NULL),
(461,'Pos Security 5',103,NULL,'2023-04-27 22:21:03',NULL,NULL,NULL),
(462,'Ruangan',104,NULL,'2023-04-27 22:24:27',NULL,NULL,NULL),
(463,'Toilet',104,NULL,'2023-04-27 22:24:27',NULL,NULL,NULL),
(464,'Halaman',104,NULL,'2023-04-27 22:24:27',NULL,NULL,NULL),
(465,'Ruangan',105,NULL,'2023-04-27 22:25:57',NULL,NULL,NULL),
(466,'Toilet',105,NULL,'2023-04-27 22:25:57',NULL,NULL,NULL),
(467,'Halaman',105,NULL,'2023-04-27 22:26:42',NULL,NULL,NULL),
(468,'Ruangan',106,NULL,'2023-04-27 22:28:13',NULL,NULL,NULL),
(469,'Toilet',106,NULL,'2023-04-27 22:28:13',NULL,NULL,NULL),
(470,'Halaman',106,NULL,'2023-04-27 22:28:13',NULL,NULL,NULL),
(471,'Security Functions',107,NULL,'2023-04-27 22:36:25',NULL,NULL,NULL),
(472,'Attendance',108,NULL,'2023-04-27 22:37:04',NULL,NULL,NULL),
(473,'Driving Safety',108,NULL,'2023-04-27 22:37:04',NULL,NULL,NULL),
(474,'Ruangan',109,NULL,'2023-04-27 22:38:30',NULL,NULL,NULL),
(475,'Toilet',109,NULL,'2023-04-27 22:38:30',NULL,NULL,NULL),
(476,'Ruangan',110,NULL,'2023-04-27 22:40:06',NULL,NULL,NULL),
(477,'Toilet',110,NULL,'2023-04-27 22:40:06',NULL,NULL,NULL),
(478,'Mess',110,NULL,'2023-04-27 22:40:06',NULL,NULL,NULL),
(479,'Halaman',110,NULL,'2023-04-27 22:40:06',NULL,NULL,NULL),
(480,'Workshop 1',111,NULL,'2023-04-27 22:45:58',NULL,NULL,NULL),
(481,'Toilet',111,NULL,'2023-04-27 22:45:58',NULL,NULL,NULL),
(482,'Workshop 2',111,NULL,'2023-04-27 22:45:58',NULL,NULL,NULL),
(483,'Halaman',111,NULL,'2023-04-27 22:45:58',NULL,NULL,NULL),
(484,'Ruang Layanan Umum Halaman',112,NULL,'2023-04-27 22:54:11',NULL,NULL,NULL),
(485,'Ruang Arsip 1',112,NULL,'2023-04-27 22:54:11',NULL,NULL,NULL),
(486,'Ruang Arsip 2',112,NULL,'2023-04-27 22:54:11',NULL,NULL,NULL),
(487,'Ruang Arsip 3',112,NULL,'2023-04-27 22:54:11',NULL,NULL,NULL),
(488,'Ruang Arsip 4',112,NULL,'2023-04-27 22:54:11',NULL,NULL,NULL),
(489,'Ruang Arsip 5',112,NULL,'2023-04-27 22:54:11',NULL,NULL,NULL),
(490,'Ruang Arsip Toilet',112,NULL,'2023-04-27 22:54:11',NULL,NULL,NULL),
(491,'Ruang Arsip Halaman',112,NULL,'2023-04-27 22:54:11',NULL,NULL,NULL),
(492,'Ruang CS 1',112,NULL,'2023-04-27 22:54:11',NULL,NULL,NULL),
(493,'Ruang CS 2',112,NULL,'2023-04-27 22:54:11',NULL,NULL,NULL),
(494,'Ruang CS 3',112,NULL,'2023-04-27 22:54:11',NULL,NULL,NULL),
(495,'Ruang CS 4',112,NULL,'2023-04-27 22:54:11',NULL,NULL,NULL),
(496,'Ruang CS 5',112,NULL,'2023-04-27 22:54:11',NULL,NULL,NULL),
(497,'Ruang CS Toilet',112,NULL,'2023-04-27 22:54:11',NULL,NULL,NULL),
(498,'Ruang CS Halaman',112,NULL,'2023-04-27 22:54:11',NULL,NULL,NULL),
(499,'Ruangan',113,NULL,'2023-04-27 22:55:26',NULL,NULL,NULL),
(500,'Toilet',113,NULL,'2023-04-27 22:55:26',NULL,NULL,NULL),
(501,'Halaman',113,NULL,'2023-04-27 22:55:26',NULL,NULL,NULL),
(502,'Ruangan',114,NULL,'2023-04-27 22:59:02',NULL,NULL,NULL),
(503,'Toilet',114,NULL,'2023-04-27 22:59:02',NULL,NULL,NULL),
(504,'Halaman',114,NULL,'2023-04-27 22:59:02',NULL,NULL,NULL),
(505,'Ruangan',115,NULL,'2023-04-27 23:01:28',NULL,NULL,NULL),
(506,'Toilet',115,NULL,'2023-04-27 23:01:28',NULL,NULL,NULL),
(507,'Halaman',115,NULL,'2023-04-27 23:01:28',NULL,NULL,NULL),
(508,'Ruangan',117,NULL,'2023-04-27 23:03:51',NULL,NULL,NULL),
(509,'Toilet',117,NULL,'2023-04-27 23:03:51',NULL,NULL,NULL),
(510,'Halaman',117,NULL,'2023-04-27 23:03:51',NULL,NULL,NULL),
(511,'Ruangan',118,NULL,'2023-04-27 23:05:01',NULL,NULL,NULL),
(512,'Toilet',118,NULL,'2023-04-27 23:05:01',NULL,NULL,NULL),
(513,'Halaman',118,NULL,'2023-04-27 23:05:01',NULL,NULL,NULL),
(514,'Ruangan',119,NULL,'2023-04-27 23:06:10',NULL,NULL,NULL),
(515,'Toilet',119,NULL,'2023-04-27 23:06:10',NULL,NULL,NULL),
(516,'Halaman',119,NULL,'2023-04-27 23:06:10',NULL,NULL,NULL),
(517,'Security Functions',120,NULL,'2023-04-28 09:18:53',NULL,NULL,NULL),
(518,'Driving Safety',121,NULL,'2023-04-28 09:19:45',NULL,NULL,NULL),
(519,'Attendance',121,NULL,'2023-04-28 09:19:45',NULL,NULL,NULL),
(520,'Garasi Kendaraan R4 & R2',122,NULL,'2023-04-28 09:23:35',NULL,NULL,NULL),
(521,'Teras Depan & Belakang',122,NULL,'2023-04-28 09:23:35',NULL,NULL,NULL),
(522,'Ruang Tamu Utama',122,NULL,'2023-04-28 09:23:35',NULL,NULL,NULL),
(523,'Kamar 1.2.3&4',122,NULL,'2023-04-28 09:23:35',NULL,NULL,NULL),
(524,'Dapur',122,NULL,'2023-04-28 09:23:35',NULL,NULL,NULL),
(525,'Toilet Pria / Wanita',122,NULL,'2023-04-28 09:23:35',NULL,NULL,NULL),
(526,'Lobby Utama',123,NULL,'2023-04-28 09:29:49',NULL,NULL,NULL),
(527,'Koridor',123,NULL,'2023-04-28 09:29:49',NULL,NULL,NULL),
(528,'Meeting Room',123,NULL,'2023-04-28 09:29:49',NULL,NULL,NULL),
(529,'R. Staff TU',123,NULL,'2023-04-28 09:29:49',NULL,NULL,NULL),
(530,'R. Kasubag TU',123,NULL,'2023-04-28 09:29:49',NULL,NULL,NULL),
(531,'R. Arsib',123,NULL,'2023-04-28 09:29:49',NULL,NULL,NULL),
(532,'R. Arsib Keuangan',123,NULL,'2023-04-28 09:29:49',NULL,NULL,NULL),
(533,'R. Bendahara',123,NULL,'2023-04-28 09:29:49',NULL,NULL,NULL),
(534,'R. Laktasi & Daicare',123,NULL,'2023-04-28 09:29:49',NULL,NULL,NULL),
(535,'R. Artifak',123,NULL,'2023-04-28 09:29:49',NULL,NULL,NULL),
(536,'R. Lap / Analis',123,NULL,'2023-04-28 09:29:49',NULL,NULL,NULL),
(537,'Mushollah',123,NULL,'2023-04-28 09:29:49',NULL,NULL,NULL),
(538,'Pantry',123,NULL,'2023-04-28 09:29:49',NULL,NULL,NULL),
(539,'Toilet Pria / Wanita & Disabilitas',123,NULL,'2023-04-28 09:29:49',NULL,NULL,NULL),
(540,'Koridor',124,NULL,'2023-04-28 09:31:32',NULL,NULL,NULL),
(541,'Meeting Room',124,NULL,'2023-04-28 09:31:32',NULL,NULL,NULL),
(542,'R. Kepala',124,NULL,'2023-04-28 09:31:32',NULL,NULL,NULL),
(543,'R. 1-5',124,NULL,'2023-04-28 09:31:32',NULL,NULL,NULL),
(544,'Tangga Penghubung LT1-2',124,NULL,'2023-04-28 09:31:32',NULL,NULL,NULL),
(545,'Toilet Pria / Wanita & Disabilitas',124,NULL,'2023-04-28 09:31:32',NULL,NULL,NULL),
(546,'Taman',125,NULL,'2023-04-28 09:34:26',NULL,NULL,NULL),
(547,'Parkir Motor',125,NULL,'2023-04-28 09:34:26',NULL,NULL,NULL),
(548,'Parkir Mobil',125,NULL,'2023-04-28 09:34:26',NULL,NULL,NULL),
(549,'Halaman depan',125,NULL,'2023-04-28 09:34:26',NULL,NULL,NULL),
(550,'Samping dan belakang',125,NULL,'2023-04-28 09:34:26',NULL,NULL,NULL),
(551,'TPS',125,NULL,'2023-04-28 09:34:26',NULL,NULL,NULL),
(552,'Security Functions',126,NULL,'2023-04-28 09:56:30',NULL,NULL,NULL),
(553,'Driving Safety',126,NULL,'2023-04-28 09:56:30',NULL,NULL,NULL),
(554,'R. Kerja Gedung Ale',128,NULL,'2023-04-28 09:57:11',NULL,NULL,NULL),
(555,'R. Peralatan',129,NULL,'2023-04-28 10:01:42',NULL,NULL,NULL),
(556,'Kamar 1',129,NULL,'2023-04-28 10:01:42',NULL,NULL,NULL),
(557,'2&3',129,NULL,'2023-04-28 10:01:42',NULL,NULL,NULL),
(558,'Toilet Pria / Wanita',129,NULL,'2023-04-28 10:01:42',NULL,NULL,NULL),
(559,'R. Peralatan',130,NULL,'2023-04-28 10:03:03',NULL,NULL,NULL),
(560,'Toilet Pria / Wanita',130,NULL,'2023-04-28 10:03:03',NULL,NULL,NULL),
(561,'R. Laboratorium',131,NULL,'2023-04-28 10:04:32',NULL,NULL,NULL),
(562,'R. Lep Fungsional',131,NULL,'2023-04-28 10:04:32',NULL,NULL,NULL),
(563,'R. Meeting Besar',131,NULL,'2023-04-28 10:04:32',NULL,NULL,NULL),
(564,'Lobby & Koridor',131,NULL,'2023-04-28 10:04:32',NULL,NULL,NULL),
(565,'Mushollah',131,NULL,'2023-04-28 10:04:33',NULL,NULL,NULL),
(566,'Toilet Pria / Wanita',131,NULL,'2023-04-28 10:04:33',NULL,NULL,NULL),
(567,'Lobby Utama',132,NULL,'2023-04-28 10:09:00',NULL,NULL,NULL),
(568,'Meeting Room Kecil',132,NULL,'2023-04-28 10:09:00',NULL,NULL,NULL),
(569,'Ruang Koordinator',132,NULL,'2023-04-28 10:09:00',NULL,NULL,NULL),
(570,'R. Sub Koordinator Layanan Umum',132,NULL,'2023-04-28 10:09:00',NULL,NULL,NULL),
(571,'R. Keuangan',132,NULL,'2023-04-28 10:09:00',NULL,NULL,NULL),
(572,'R. CWS',132,NULL,'2023-04-28 10:09:00',NULL,NULL,NULL),
(573,'R. Persediaan',132,NULL,'2023-04-28 10:09:00',NULL,NULL,NULL),
(574,'R. Fungsional 1&2',132,NULL,'2023-04-28 10:09:00',NULL,NULL,NULL),
(575,'R. PPID',132,NULL,'2023-04-28 10:09:00',NULL,NULL,NULL),
(576,'Ruang Kontrol',132,NULL,'2023-04-28 10:09:01',NULL,NULL,NULL),
(577,'Pantry',132,NULL,'2023-04-28 10:09:01',NULL,NULL,NULL),
(578,'Smoking area',132,NULL,'2023-04-28 10:09:01',NULL,NULL,NULL),
(579,'Toilet Pria / Wanita',132,NULL,'2023-04-28 10:09:01',NULL,NULL,NULL),
(580,'Taman',133,NULL,'2023-04-28 10:13:00',NULL,NULL,NULL),
(581,'Parkir Motor',133,NULL,'2023-04-28 10:13:00',NULL,NULL,NULL),
(582,'Parkir Mobil',133,NULL,'2023-04-28 10:13:00',NULL,NULL,NULL),
(583,'Halaman depan',133,NULL,'2023-04-28 10:13:00',NULL,NULL,NULL),
(584,'samping dan belakang',133,NULL,'2023-04-28 10:13:00',NULL,NULL,NULL),
(585,'TPS',133,NULL,'2023-04-28 10:13:00',NULL,NULL,NULL),
(586,'Security Functions',134,NULL,'2023-04-28 10:28:27',NULL,NULL,NULL),
(587,'Driving Safety',135,NULL,'2023-04-28 10:29:49',NULL,NULL,NULL),
(588,'Attendance',135,NULL,'2023-04-28 10:29:49',NULL,NULL,NULL),
(589,'Teras Depan',136,NULL,'2023-04-28 10:35:21',NULL,NULL,NULL),
(590,'Teras Samping',136,NULL,'2023-04-28 10:35:21',NULL,NULL,NULL),
(591,'Lobby',136,NULL,'2023-04-28 10:35:21',NULL,NULL,NULL),
(592,'Ruang Resepsionis',136,NULL,'2023-04-28 10:35:21',NULL,NULL,NULL),
(593,'Ruang Kerja Staf 1',136,NULL,'2023-04-28 10:35:21',NULL,NULL,NULL),
(594,'Ruang kerja Staf 2',136,NULL,'2023-04-28 10:35:21',NULL,NULL,NULL),
(595,'Ruang Kerja Staf 3',136,NULL,'2023-04-28 10:35:21',NULL,NULL,NULL),
(596,'Ruang Rapat',136,NULL,'2023-04-28 10:35:21',NULL,NULL,NULL),
(597,'Gudang',136,NULL,'2023-04-28 10:35:21',NULL,NULL,NULL),
(598,'Kamar Mandi Pria',136,NULL,'2023-04-28 10:35:21',NULL,NULL,NULL),
(599,'Kamar Mandi Wanita',136,NULL,'2023-04-28 10:35:21',NULL,NULL,NULL),
(600,'Teras Depan',137,NULL,'2023-04-28 10:36:31',NULL,NULL,NULL),
(601,'Teras Samping',137,NULL,'2023-04-28 10:36:31',NULL,NULL,NULL),
(602,'Ruangan Perpustakaan',137,NULL,'2023-04-28 10:36:31',NULL,NULL,NULL),
(603,'Teras Depan',138,NULL,'2023-04-28 10:42:06',NULL,NULL,NULL),
(604,'Ruang Lobi',138,NULL,'2023-04-28 10:42:06',NULL,NULL,NULL),
(605,'Ruang Kepala BPON',138,NULL,'2023-04-28 10:42:06',NULL,NULL,NULL),
(606,'Ruang Peneliti 1',138,NULL,'2023-04-28 10:42:06',NULL,NULL,NULL),
(607,'Ruang Peneliti 2',138,NULL,'2023-04-28 10:42:06',NULL,NULL,NULL),
(608,'Ruang Rapat',138,NULL,'2023-04-28 10:42:06',NULL,NULL,NULL),
(609,'Ruang Staff',138,NULL,'2023-04-28 10:42:06',NULL,NULL,NULL),
(610,'Ruang Alat Penelitian',138,NULL,'2023-04-28 10:42:06',NULL,NULL,NULL),
(611,'Ruangan Server dan Penyimpanan Data',138,NULL,'2023-04-28 10:42:06',NULL,NULL,NULL),
(612,'Ruang Sholat',138,NULL,'2023-04-28 10:42:06',NULL,NULL,NULL),
(613,'Ruang Dapur',138,NULL,'2023-04-28 10:42:06',NULL,NULL,NULL),
(614,'Gudang',138,NULL,'2023-04-28 10:42:06',NULL,NULL,NULL),
(615,'Kamar Mandi Pria',138,NULL,'2023-04-28 10:42:06',NULL,NULL,NULL),
(616,'Kamar Mandi Wanita',138,NULL,'2023-04-28 10:42:06',NULL,NULL,NULL),
(617,'Lantai 1',139,NULL,'2023-04-28 10:59:25',NULL,NULL,NULL),
(618,'Ruang Peneliti',139,NULL,'2023-04-28 10:59:25',NULL,NULL,NULL),
(619,'Lantai 2',139,NULL,'2023-04-28 10:59:25',NULL,NULL,NULL),
(620,'Ruang Teleskop',139,NULL,'2023-04-28 10:59:25',NULL,NULL,NULL),
(621,'Teras Depan',140,NULL,'2023-04-28 11:12:25',NULL,NULL,NULL),
(622,'Ruang Lobi',140,NULL,'2023-04-28 11:12:25',NULL,NULL,NULL),
(623,'Ruang Staff',140,NULL,'2023-04-28 11:12:25',NULL,NULL,NULL),
(624,'Ruang alat',140,NULL,'2023-04-28 11:12:25',NULL,NULL,NULL),
(625,'Ruang Alat',140,NULL,'2023-04-28 11:12:25',NULL,NULL,NULL),
(626,'Ruang Toilet Staff',140,NULL,'2023-04-28 11:12:25',NULL,NULL,NULL),
(627,'Ruang Toilet umum',140,NULL,'2023-04-28 11:12:25',NULL,NULL,NULL),
(628,'Teras Depan',141,NULL,'2023-04-28 11:14:23',NULL,NULL,NULL),
(629,'Ruang Lobi',141,NULL,'2023-04-28 11:14:23',NULL,NULL,NULL),
(630,'Ruangan Kamar Tamu (16 Buah)',141,NULL,'2023-04-28 11:14:23',NULL,NULL,NULL),
(631,'Kamar Mandi Pria (2)',141,NULL,'2023-04-28 11:14:23',NULL,NULL,NULL),
(632,'Kamar Mandi wanita (2)',141,NULL,'2023-04-28 11:14:23',NULL,NULL,NULL),
(633,'Taman',142,NULL,'2023-04-28 11:22:12',NULL,NULL,NULL),
(634,'Parkiran Umum',142,NULL,'2023-04-28 11:22:12',NULL,NULL,NULL),
(635,'Tower telekomunisasi',142,NULL,'2023-04-28 11:22:12',NULL,NULL,NULL),
(636,'Halaman pavingblock',142,NULL,'2023-04-28 11:22:12',NULL,NULL,NULL),
(637,'Genset',142,NULL,'2023-04-28 11:22:12',NULL,NULL,NULL),
(638,'Pos security',142,NULL,'2023-04-28 11:22:12',NULL,NULL,NULL),
(639,'Security Functions',143,NULL,'2023-04-28 13:21:04',NULL,NULL,NULL),
(640,'[Lobby Utama',144,NULL,'2023-04-28 13:42:03',NULL,NULL,NULL),
(641,'Ruang Koordinator layanan umum',144,NULL,'2023-04-28 13:42:03',NULL,NULL,NULL),
(642,'Toilet Pria/Wanita Barat',144,NULL,'2023-04-28 13:42:03',NULL,NULL,NULL),
(643,'Mushola Samping',144,NULL,'2023-04-28 13:42:03',NULL,NULL,NULL),
(644,'Mushola Dalam',144,NULL,'2023-04-28 13:42:03',NULL,NULL,NULL),
(645,'Dapur',144,NULL,'2023-04-28 13:42:03',NULL,NULL,NULL),
(646,'Koridor Samping',144,NULL,'2023-04-28 13:42:03',NULL,NULL,NULL),
(647,'Ruang Kantor Staff',144,NULL,'2023-04-28 13:42:03',NULL,NULL,NULL),
(648,'Halaman Depan/ Parkiran',144,NULL,'2023-04-28 13:42:03',NULL,NULL,NULL),
(649,'Lobby Utama',145,NULL,'2023-04-28 16:15:58',NULL,NULL,NULL),
(650,'Kamar Tidur',145,NULL,'2023-04-28 16:15:58',NULL,NULL,NULL),
(651,'Toilet Pria',145,NULL,'2023-04-28 16:15:58',NULL,NULL,NULL),
(652,'Taman',146,NULL,'2023-04-28 16:45:23',NULL,NULL,NULL),
(653,'Parkir Motor',146,NULL,'2023-04-28 16:45:23',NULL,NULL,NULL),
(654,'Parkir Mobil',146,NULL,'2023-04-28 16:45:23',NULL,NULL,NULL),
(655,'Halaman depan samping dan belakang',146,NULL,'2023-04-28 16:45:24',NULL,NULL,NULL),
(656,'Security Functions',24,NULL,'2023-05-02 12:18:35',NULL,NULL,NULL),
(657,'Halaman',25,NULL,'2023-05-02 12:19:49',NULL,NULL,NULL),
(658,'Lantai 2',25,NULL,'2023-05-02 12:19:49',NULL,NULL,NULL),
(659,'Tangga',25,NULL,'2023-05-02 12:19:49',NULL,NULL,NULL),
(660,'Lantai 1',25,NULL,'2023-05-02 12:19:49',NULL,NULL,NULL),
(661,'Toilet',25,NULL,'2023-05-02 12:19:49',NULL,NULL,NULL),
(662,'CIKINI - Security Functions',154,NULL,'2023-05-02 12:33:30',NULL,NULL,NULL),
(663,'RADEN SALEH - Security Functions',154,NULL,'2023-05-02 12:34:14',NULL,NULL,NULL),
(664,'Lobby Utama',155,NULL,'2023-05-02 12:35:48',NULL,NULL,NULL),
(665,'Musholla',155,NULL,'2023-05-02 12:35:48',NULL,NULL,NULL),
(666,'R. PPID',155,NULL,'2023-05-02 12:35:48',NULL,NULL,NULL),
(667,'Ruang Kerja',155,NULL,'2023-05-02 12:35:48',NULL,NULL,NULL),
(668,'Taman Tengah',155,NULL,'2023-05-02 12:35:48',NULL,NULL,NULL),
(669,'Toilet Pria / Wanita',155,NULL,'2023-05-02 12:35:48',NULL,NULL,NULL),
(670,'Tangga Exit',156,NULL,'2023-05-02 12:37:11',NULL,NULL,NULL),
(671,'Ruang Kerja',156,NULL,'2023-05-02 12:37:11',NULL,NULL,NULL),
(672,'Pantry',156,NULL,'2023-05-02 12:37:11',NULL,NULL,NULL),
(673,'Ruang Rapat 1',156,NULL,'2023-05-02 12:37:11',NULL,NULL,NULL),
(674,'Koridor',156,NULL,'2023-05-02 12:37:11',NULL,NULL,NULL),
(675,'Toilet Pria / Wanita',156,NULL,'2023-05-02 12:37:11',NULL,NULL,NULL),
(676,'Taman',157,NULL,'2023-05-02 12:38:57',NULL,NULL,NULL),
(677,'Parkir Motor',157,NULL,'2023-05-02 12:38:57',NULL,NULL,NULL),
(678,'Parkir Mobil',157,NULL,'2023-05-02 12:38:57',NULL,NULL,NULL),
(679,'Pos Security',157,NULL,'2023-05-02 12:38:57',NULL,NULL,NULL),
(680,'Halaman depan dan samping',157,NULL,'2023-05-02 12:38:57',NULL,NULL,NULL),
(681,'TPS',157,NULL,'2023-05-02 12:38:57',NULL,NULL,NULL),
(682,'Lobby Utama',158,NULL,'2023-05-02 12:40:49',NULL,NULL,NULL),
(683,'Lobby Luar',158,NULL,'2023-05-02 12:40:49',NULL,NULL,NULL),
(684,'Ruang Meeting',158,NULL,'2023-05-02 12:40:49',NULL,NULL,NULL),
(685,'Ruang Kerja',158,NULL,'2023-05-02 12:40:49',NULL,NULL,NULL),
(686,'Tangga Exit',158,NULL,'2023-05-02 12:40:49',NULL,NULL,NULL),
(687,'Toilet Pria / Wanita',158,NULL,'2023-05-02 12:40:49',NULL,NULL,NULL),
(688,'Taman',159,NULL,'2023-05-02 12:42:22',NULL,NULL,NULL),
(689,'Parkir Motor',159,NULL,'2023-05-02 12:42:22',NULL,NULL,NULL),
(690,'Parkir Mobil',159,NULL,'2023-05-02 12:42:22',NULL,NULL,NULL),
(691,'Pos Security',159,NULL,'2023-05-02 12:42:22',NULL,NULL,NULL),
(692,'Halaman depan samping dan belakang',159,NULL,'2023-05-02 12:42:22',NULL,NULL,NULL),
(693,'TPS',159,NULL,'2023-05-02 12:42:22',NULL,NULL,NULL),
(694,'Security Functions',160,NULL,'2023-05-02 12:45:28',NULL,NULL,NULL),
(695,'Ruang tamu',161,NULL,'2023-05-02 12:48:33',NULL,NULL,NULL),
(696,'Kamar tidur 1',161,NULL,'2023-05-02 12:48:33',NULL,NULL,NULL),
(697,'Kamar tidur 2',161,NULL,'2023-05-02 12:48:33',NULL,NULL,NULL),
(698,'Kamar mandi 1',161,NULL,'2023-05-02 12:48:33',NULL,NULL,NULL),
(699,'Kamar mandi 2',161,NULL,'2023-05-02 12:48:33',NULL,NULL,NULL),
(700,'Ruang santai',161,NULL,'2023-05-02 12:48:33',NULL,NULL,NULL),
(701,'Ruang makan',161,NULL,'2023-05-02 12:48:33',NULL,NULL,NULL),
(702,'Dapur',161,NULL,'2023-05-02 12:48:33',NULL,NULL,NULL),
(703,'Halaman depan',161,NULL,'2023-05-02 12:48:33',NULL,NULL,NULL),
(704,'Halaman Belakang',161,NULL,'2023-05-02 12:48:33',NULL,NULL,NULL),
(705,'Kamar tidur',162,NULL,'2023-05-02 12:52:07',NULL,NULL,NULL),
(706,'Kamar mandi',162,NULL,'2023-05-02 12:52:07',NULL,NULL,NULL),
(707,'Ruang Santai',162,NULL,'2023-05-02 12:52:07',NULL,NULL,NULL),
(708,'Balkon',162,NULL,'2023-05-02 12:52:07',NULL,NULL,NULL),
(709,'Area Belakang',162,NULL,'2023-05-02 12:52:07',NULL,NULL,NULL),
(710,'Kamar tamu VIP',162,NULL,'2023-05-02 12:52:07',NULL,NULL,NULL),
(711,'Kamar tamu 1',162,NULL,'2023-05-02 12:52:07',NULL,NULL,NULL),
(712,'Kamar tamu 2',162,NULL,'2023-05-02 12:52:07',NULL,NULL,NULL),
(713,'Kamar tamu 3',162,NULL,'2023-05-02 12:52:07',NULL,NULL,NULL),
(714,'Kamar mandi 1',162,NULL,'2023-05-02 12:52:07',NULL,NULL,NULL),
(715,'Kamar mandi 2',162,NULL,'2023-05-02 12:52:07',NULL,NULL,NULL),
(716,'Security Functions',163,NULL,'2023-05-02 13:29:23',NULL,NULL,NULL),
(717,'Driving Safety',164,NULL,'2023-05-02 13:32:55',NULL,NULL,NULL),
(718,'Attendance',164,NULL,'2023-05-02 13:32:55',NULL,NULL,NULL),
(719,'Ruang Tamu',165,NULL,'2023-05-02 13:37:05',NULL,NULL,NULL),
(720,'Ruang Makan',165,NULL,'2023-05-02 13:37:05',NULL,NULL,NULL),
(721,'Ruang Kerja',165,NULL,'2023-05-02 13:37:05',NULL,NULL,NULL),
(722,'Kamar Tidur 1',165,NULL,'2023-05-02 13:37:05',NULL,NULL,NULL),
(723,'Kamar Tidur 2',165,NULL,'2023-05-02 13:37:05',NULL,NULL,NULL),
(724,'Kamar Tidur 3',165,NULL,'2023-05-02 13:37:05',NULL,NULL,NULL),
(725,'Kamar Tidur 4',165,NULL,'2023-05-02 13:37:05',NULL,NULL,NULL),
(726,'Kamar Tidur 5',165,NULL,'2023-05-02 13:37:05',NULL,NULL,NULL),
(727,'Kamar Tidur 6',165,NULL,'2023-05-02 13:37:05',NULL,NULL,NULL),
(728,'Kamar mandi 1',165,NULL,'2023-05-02 13:37:05',NULL,NULL,NULL),
(729,'Kamar mandi 2',165,NULL,'2023-05-02 13:37:05',NULL,NULL,NULL),
(730,'Kamar mandi 3',165,NULL,'2023-05-02 13:37:05',NULL,NULL,NULL),
(731,'Kamar mandi 4',165,NULL,'2023-05-02 13:37:06',NULL,NULL,NULL),
(732,'Kamar mandi 5',165,NULL,'2023-05-02 13:37:06',NULL,NULL,NULL),
(733,'Kamar mandi 6',165,NULL,'2023-05-02 13:37:06',NULL,NULL,NULL),
(734,'Kamar mandi 7',165,NULL,'2023-05-02 13:37:06',NULL,NULL,NULL),
(735,'Toilet',165,NULL,'2023-05-02 13:37:06',NULL,NULL,NULL),
(736,'Halaman Depan',165,NULL,'2023-05-02 13:37:06',NULL,NULL,NULL),
(737,'Halaman Belakang',165,NULL,'2023-05-02 13:37:06',NULL,NULL,NULL),
(738,'Ruang tamu',166,NULL,'2023-05-02 13:40:09',NULL,NULL,NULL),
(739,'Ruang kerja',166,NULL,'2023-05-02 13:40:09',NULL,NULL,NULL),
(740,'kamar 1',166,NULL,'2023-05-02 13:40:09',NULL,NULL,NULL),
(741,'kamar 2',166,NULL,'2023-05-02 13:40:09',NULL,NULL,NULL),
(742,'Ruang kerja',166,NULL,'2023-05-02 13:40:09',NULL,NULL,NULL),
(743,'Kamar mandi 1',166,NULL,'2023-05-02 13:40:09',NULL,NULL,NULL),
(744,'Kamar mandi 2',166,NULL,'2023-05-02 13:40:09',NULL,NULL,NULL),
(745,'Dapur 1',166,NULL,'2023-05-02 13:40:09',NULL,NULL,NULL),
(746,'Dapur 2',166,NULL,'2023-05-02 13:40:09',NULL,NULL,NULL),
(747,'Halaman Depan',166,NULL,'2023-05-02 13:40:09',NULL,NULL,NULL),
(748,'Halaman Belakang',166,NULL,'2023-05-02 13:40:09',NULL,NULL,NULL),
(749,'Kamar 1',167,NULL,'2023-05-02 13:44:07',NULL,NULL,NULL),
(750,'Kamar 2',167,NULL,'2023-05-02 13:44:07',NULL,NULL,NULL),
(751,'Kamar 3',167,NULL,'2023-05-02 13:44:07',NULL,NULL,NULL),
(752,'Kamar Mandi 1',167,NULL,'2023-05-02 13:44:07',NULL,NULL,NULL),
(753,'Kamar Mandi 2',167,NULL,'2023-05-02 13:44:07',NULL,NULL,NULL),
(754,'Kamar Mandi 3',167,NULL,'2023-05-02 13:44:07',NULL,NULL,NULL),
(755,'Kamar 1',168,NULL,'2023-05-02 13:51:44',NULL,NULL,NULL),
(756,'Kamar 2',168,NULL,'2023-05-02 13:51:44',NULL,NULL,NULL),
(757,'Ruang Tamu',168,NULL,'2023-05-02 13:51:44',NULL,NULL,NULL),
(758,'Ruang Tv',168,NULL,'2023-05-02 13:51:44',NULL,NULL,NULL),
(759,'Ruang Makan',168,NULL,'2023-05-02 13:51:44',NULL,NULL,NULL),
(760,'Dapur',168,NULL,'2023-05-02 13:51:44',NULL,NULL,NULL),
(761,'Halaman Depan',168,NULL,'2023-05-02 13:51:44',NULL,NULL,NULL),
(762,'Halaman Belakang',168,NULL,'2023-05-02 13:51:44',NULL,NULL,NULL),
(763,'Kamar Mandi 1',168,NULL,'2023-05-02 13:51:44',NULL,NULL,NULL),
(764,'Kamar Mandi 2',168,NULL,'2023-05-02 13:51:44',NULL,NULL,NULL),
(765,'Kamar Tidur 1',169,NULL,'2023-05-02 13:53:30',NULL,NULL,NULL),
(766,'Kamar Tidur 2',169,NULL,'2023-05-02 13:53:30',NULL,NULL,NULL),
(767,'Kamar Tidur 3',169,NULL,'2023-05-02 13:53:30',NULL,NULL,NULL),
(768,'Ruang Tengah',169,NULL,'2023-05-02 13:53:30',NULL,NULL,NULL),
(769,'Kamar Mandi 1',169,NULL,'2023-05-02 13:53:30',NULL,NULL,NULL),
(770,'Kamar Mandi 2',169,NULL,'2023-05-02 13:53:30',NULL,NULL,NULL),
(771,'Ruang Tamu',170,NULL,'2023-05-02 13:56:11',NULL,NULL,NULL),
(772,'Ruang Tv',170,NULL,'2023-05-02 13:56:11',NULL,NULL,NULL),
(773,'Kamar 1',170,NULL,'2023-05-02 13:56:11',NULL,NULL,NULL),
(774,'Kamar 2',170,NULL,'2023-05-02 13:56:11',NULL,NULL,NULL),
(775,'Ruang Makan',170,NULL,'2023-05-02 13:56:11',NULL,NULL,NULL),
(776,'Kamar Mandi 1',170,NULL,'2023-05-02 13:56:11',NULL,NULL,NULL),
(777,'Kamar Mandi 2',170,NULL,'2023-05-02 13:56:11',NULL,NULL,NULL),
(778,'Halaman Depan',170,NULL,'2023-05-02 13:56:11',NULL,NULL,NULL),
(779,'Halaman Belakang',170,NULL,'2023-05-02 13:56:11',NULL,NULL,NULL),
(780,'Ruang Tengah',171,NULL,'2023-05-02 13:58:08',NULL,NULL,NULL),
(781,'Kamar 1',171,NULL,'2023-05-02 13:58:08',NULL,NULL,NULL),
(782,'Kamar 2',171,NULL,'2023-05-02 13:58:08',NULL,NULL,NULL),
(783,'Kamar 3',171,NULL,'2023-05-02 13:58:08',NULL,NULL,NULL),
(784,'Kamar Mandi 1',171,NULL,'2023-05-02 13:58:08',NULL,NULL,NULL),
(785,'Kamar Mandi 2',171,NULL,'2023-05-02 13:58:08',NULL,NULL,NULL),
(786,'Ruang Tamu',172,NULL,'2023-05-02 14:00:17',NULL,NULL,NULL),
(787,'Ruang Makan',172,NULL,'2023-05-02 14:00:17',NULL,NULL,NULL),
(788,'Kamar Tidur 1',172,NULL,'2023-05-02 14:00:17',NULL,NULL,NULL),
(789,'Kamar Tidur 2',172,NULL,'2023-05-02 14:00:17',NULL,NULL,NULL),
(790,'Kamar Tidur 3',172,NULL,'2023-05-02 14:00:17',NULL,NULL,NULL),
(791,'Ruang Strika',172,NULL,'2023-05-02 14:00:17',NULL,NULL,NULL),
(792,'Dapur',172,NULL,'2023-05-02 14:00:17',NULL,NULL,NULL),
(793,'Kamar Mandi 1',172,NULL,'2023-05-02 14:00:17',NULL,NULL,NULL),
(794,'Kamar Mandi 2',172,NULL,'2023-05-02 14:00:17',NULL,NULL,NULL),
(795,'Kamar Mandi 3',172,NULL,'2023-05-02 14:00:17',NULL,NULL,NULL),
(796,'Halaman Depan',172,NULL,'2023-05-02 14:00:17',NULL,NULL,NULL),
(797,'Halaman Belakang',172,NULL,'2023-05-02 14:00:17',NULL,NULL,NULL),
(798,'PUSTEKDATA LAPAN - Security Functions',173,NULL,'2023-05-02 14:18:34',NULL,NULL,NULL),
(799,'PUSFATJA  - Security Function',173,NULL,'2023-05-02 14:18:34',NULL,NULL,NULL),
(800,'INSPEKTORAT - Security Function',173,NULL,'2023-05-02 14:18:34',NULL,NULL,NULL),
(801,'Ruang Staff 1',175,NULL,'2023-05-02 14:21:27',NULL,NULL,NULL),
(802,'Pantry',175,NULL,'2023-05-02 14:21:27',NULL,NULL,NULL),
(803,'Ruang Lab',175,NULL,'2023-05-02 14:21:27',NULL,NULL,NULL),
(804,'Ruang Staff 2',175,NULL,'2023-05-02 14:21:27',NULL,NULL,NULL),
(805,'Ruang Rapat',175,NULL,'2023-05-02 14:21:27',NULL,NULL,NULL),
(806,'Toilet pria/wanita',175,NULL,'2023-05-02 14:21:27',NULL,NULL,NULL),
(807,'Ruang Kepala bidang program',175,NULL,'2023-05-02 14:21:27',NULL,NULL,NULL),
(808,'Ruang Staff',174,NULL,'2023-05-02 14:26:25',NULL,NULL,NULL),
(809,'Ruang Staff',174,NULL,'2023-05-02 14:26:25',NULL,NULL,NULL),
(810,'Pantry',174,NULL,'2023-05-02 14:26:25',NULL,NULL,NULL),
(811,'Ruang Neptunus',174,NULL,'2023-05-02 14:26:25',NULL,NULL,NULL),
(812,'Ruang tunggu',174,NULL,'2023-05-02 14:26:25',NULL,NULL,NULL),
(813,'Ruang Lab Komputer',174,NULL,'2023-05-02 14:26:25',NULL,NULL,NULL),
(814,'Toilet pria/wanita',174,NULL,'2023-05-02 14:26:25',NULL,NULL,NULL),
(815,'Musholla',174,NULL,'2023-05-02 14:26:25',NULL,NULL,NULL),
(816,'Ruang Rapat Uranus',174,NULL,'2023-05-02 14:26:25',NULL,NULL,NULL),
(817,'Ruang Indrianaguana/ Ruang serbaguna',174,NULL,'2023-05-02 14:26:25',NULL,NULL,NULL),
(818,'Toilet pria/wanita',174,NULL,'2023-05-02 14:26:25',NULL,NULL,NULL),
(819,'Ruang Operator',174,NULL,'2023-05-02 14:26:25',NULL,NULL,NULL),
(820,'Pantry',174,NULL,'2023-05-02 14:26:25',NULL,NULL,NULL),
(821,'Taman',176,NULL,'2023-05-02 14:28:36',NULL,NULL,NULL),
(822,'Parkir Motor',176,NULL,'2023-05-02 14:28:36',NULL,NULL,NULL),
(823,'Parkir Mobil',176,NULL,'2023-05-02 14:28:36',NULL,NULL,NULL),
(824,'Halaman depan samping dan belakang',176,NULL,'2023-05-02 14:28:36',NULL,NULL,NULL),
(825,'TPS',176,NULL,'2023-05-02 14:28:36',NULL,NULL,NULL),
(826,'Ruang Staff',178,NULL,'2023-05-02 14:31:17',NULL,NULL,NULL),
(827,'Pantry',178,NULL,'2023-05-02 14:31:17',NULL,NULL,NULL),
(828,'Toilet pria/wanita',178,NULL,'2023-05-02 14:31:17',NULL,NULL,NULL),
(829,'Ruang Staff',178,NULL,'2023-05-02 14:31:17',NULL,NULL,NULL),
(830,'Ruang Rapat',178,NULL,'2023-05-02 14:31:17',NULL,NULL,NULL),
(831,'Ruang Kepala Kapus',178,NULL,'2023-05-02 14:31:17',NULL,NULL,NULL),
(832,'Ruang Rapat Bumi',178,NULL,'2023-05-02 14:31:17',NULL,NULL,NULL),
(833,'Lobby/Ruang tunggu',178,NULL,'2023-05-02 14:31:17',NULL,NULL,NULL),
(834,'Ruang Sekretaris',178,NULL,'2023-05-02 14:31:17',NULL,NULL,NULL),
(835,'Toilet pria/wanita',178,NULL,'2023-05-02 14:31:17',NULL,NULL,NULL),
(836,'Ruang Staff',177,NULL,'2023-05-02 14:34:59',NULL,NULL,NULL),
(837,'Ruang Bendahara',177,NULL,'2023-05-02 14:34:59',NULL,NULL,NULL),
(838,'Perpustakaan',177,NULL,'2023-05-02 14:34:59',NULL,NULL,NULL),
(839,'Lobby',177,NULL,'2023-05-02 14:34:59',NULL,NULL,NULL),
(840,'Pantry',177,NULL,'2023-05-02 14:34:59',NULL,NULL,NULL),
(841,'Musholla',177,NULL,'2023-05-02 14:34:59',NULL,NULL,NULL),
(842,'Toilet pria/wanita',177,NULL,'2023-05-02 14:34:59',NULL,NULL,NULL),
(843,'Ruang Staff Kepala',180,NULL,'2023-05-02 14:38:45',NULL,NULL,NULL),
(844,'Ruang Rapat Merkurius',180,NULL,'2023-05-02 14:38:45',NULL,NULL,NULL),
(845,'Ruang Arsip',180,NULL,'2023-05-02 14:38:45',NULL,NULL,NULL),
(846,'Ruang Staff',180,NULL,'2023-05-02 14:38:45',NULL,NULL,NULL),
(847,'Ruang Lab Pengelola',180,NULL,'2023-05-02 14:38:45',NULL,NULL,NULL),
(848,'Pantry',180,NULL,'2023-05-02 14:38:45',NULL,NULL,NULL),
(849,'Toilet',180,NULL,'2023-05-02 14:38:45',NULL,NULL,NULL),
(850,'Tangga luar gedung',180,NULL,'2023-05-02 14:38:45',NULL,NULL,NULL),
(851,'Ruang Diseminasi 1',179,NULL,'2023-05-02 14:45:32',NULL,NULL,NULL),
(852,'Lobby',179,NULL,'2023-05-02 14:45:32',NULL,NULL,NULL),
(853,'Ruang Pelayanan',179,NULL,'2023-05-02 14:45:32',NULL,NULL,NULL),
(854,'PPID',179,NULL,'2023-05-02 14:45:32',NULL,NULL,NULL),
(855,'Ruang Rapat Jupiter',179,NULL,'2023-05-02 14:45:32',NULL,NULL,NULL),
(856,'Ruang Diseminasi 2',179,NULL,'2023-05-02 14:45:32',NULL,NULL,NULL),
(857,'Ruang Staff TU',179,NULL,'2023-05-02 14:45:32',NULL,NULL,NULL),
(858,'Ruang Kepala Subag BMN',179,NULL,'2023-05-02 14:45:32',NULL,NULL,NULL),
(859,'Ruang kepala Subag SDM & Tatausaha',179,NULL,'2023-05-02 14:45:32',NULL,NULL,NULL),
(860,'Ruang Rapat Venus',179,NULL,'2023-05-02 14:45:32',NULL,NULL,NULL),
(861,'Ruang Kepala Administrasi',179,NULL,'2023-05-02 14:45:32',NULL,NULL,NULL),
(862,'Toilet pria/wanita',179,NULL,'2023-05-02 14:45:32',NULL,NULL,NULL),
(863,'Pantry',179,NULL,'2023-05-02 14:45:32',NULL,NULL,NULL),
(864,'Kantin Candra Bhuana',179,NULL,'2023-05-02 14:45:32',NULL,NULL,NULL),
(865,'Musholla',179,NULL,'2023-05-02 14:45:32',NULL,NULL,NULL),
(866,'Tangga luar gedung',179,NULL,'2023-05-02 14:45:32',NULL,NULL,NULL),
(867,'Taman',181,NULL,'2023-05-02 14:48:19',NULL,NULL,NULL),
(868,'Parkir Motor',181,NULL,'2023-05-02 14:48:19',NULL,NULL,NULL),
(869,'Parkir Mobil',181,NULL,'2023-05-02 14:48:19',NULL,NULL,NULL),
(870,'Halaman depan samping dan belakang',181,NULL,'2023-05-02 14:48:19',NULL,NULL,NULL),
(871,'TPS',181,NULL,'2023-05-02 14:48:19',NULL,NULL,NULL),
(872,'Lobby',182,NULL,'2023-05-02 14:54:36',NULL,NULL,NULL),
(873,'Ruang Rapat A',182,NULL,'2023-05-02 14:54:36',NULL,NULL,NULL),
(874,'Toilet pria/wanita',182,NULL,'2023-05-02 14:54:36',NULL,NULL,NULL),
(875,'Pantry',182,NULL,'2023-05-02 14:54:36',NULL,NULL,NULL),
(876,'Ruang Staff',182,NULL,'2023-05-02 14:54:36',NULL,NULL,NULL),
(877,'Ruang Kapokat Smart',182,NULL,'2023-05-02 14:54:36',NULL,NULL,NULL),
(878,'Ruang Kapokat Laut',182,NULL,'2023-05-02 14:54:36',NULL,NULL,NULL),
(879,'Ruang Kapokat Ekosistem Pesisir',182,NULL,'2023-05-02 14:54:36',NULL,NULL,NULL),
(880,'Ruang Lactation/ Ruang Menyusui',182,NULL,'2023-05-02 14:54:36',NULL,NULL,NULL),
(881,'Ruang Rapat B',182,NULL,'2023-05-02 14:54:36',NULL,NULL,NULL),
(882,'Ruang Rapat C',182,NULL,'2023-05-02 14:54:36',NULL,NULL,NULL),
(883,'Teras',182,NULL,'2023-05-02 14:54:36',NULL,NULL,NULL),
(884,'Balkon(depan dan belakang)',182,NULL,'2023-05-02 14:54:36',NULL,NULL,NULL),
(885,'Lift',182,NULL,'2023-05-02 14:54:36',NULL,NULL,NULL),
(886,'Tangga',182,NULL,'2023-05-02 14:54:36',NULL,NULL,NULL),
(887,'Lobby',183,NULL,'2023-05-02 14:59:16',NULL,NULL,NULL),
(888,'Ruang Staff',183,NULL,'2023-05-02 14:59:16',NULL,NULL,NULL),
(889,'Ruang Rapat Auditorium',183,NULL,'2023-05-02 14:59:16',NULL,NULL,NULL),
(890,'Pantry',183,NULL,'2023-05-02 14:59:16',NULL,NULL,NULL),
(891,'Toilet pria/wanita',183,NULL,'2023-05-02 14:59:16',NULL,NULL,NULL),
(892,'Ruang Kepala LMB',183,NULL,'2023-05-02 14:59:16',NULL,NULL,NULL),
(893,'Ruang Kepala',183,NULL,'2023-05-02 14:59:16',NULL,NULL,NULL),
(894,'Ruang Kepala',183,NULL,'2023-05-02 14:59:16',NULL,NULL,NULL),
(895,'Ruang Lactation/ Ruang Menyusui',183,NULL,'2023-05-02 14:59:16',NULL,NULL,NULL),
(896,'Ruang Rapat B',183,NULL,'2023-05-02 14:59:16',NULL,NULL,NULL),
(897,'Ruang Rapat C',183,NULL,'2023-05-02 14:59:16',NULL,NULL,NULL),
(898,'Balkon(depan dan belakang)',183,NULL,'2023-05-02 14:59:16',NULL,NULL,NULL),
(899,'Lift',183,NULL,'2023-05-02 14:59:16',NULL,NULL,NULL),
(900,'Tangga',183,NULL,'2023-05-02 14:59:16',NULL,NULL,NULL),
(901,'Ruang Auditorium',184,NULL,'2023-05-02 15:05:06',NULL,NULL,NULL),
(902,'Ruang Rapat Auditorium',184,NULL,'2023-05-02 15:05:06',NULL,NULL,NULL),
(903,'Ruang VIP Auditorium',184,NULL,'2023-05-02 15:05:06',NULL,NULL,NULL),
(904,'Ruang Kepala Bidang',184,NULL,'2023-05-02 15:05:06',NULL,NULL,NULL),
(905,'Ruang Staff Propas',184,NULL,'2023-05-02 15:05:06',NULL,NULL,NULL),
(906,'Toilet pria/wanita',184,NULL,'2023-05-02 15:05:06',NULL,NULL,NULL),
(907,'Pantry',184,NULL,'2023-05-02 15:05:06',NULL,NULL,NULL),
(908,'Lift',184,NULL,'2023-05-02 15:05:06',NULL,NULL,NULL),
(909,'Tangga',184,NULL,'2023-05-02 15:05:06',NULL,NULL,NULL),
(910,'Basement',185,NULL,'2023-05-02 15:08:09',NULL,NULL,NULL),
(911,'Musholla',185,NULL,'2023-05-02 15:08:09',NULL,NULL,NULL),
(912,'Pantry',185,NULL,'2023-05-02 15:08:09',NULL,NULL,NULL),
(913,'Toilet pria/wanita',185,NULL,'2023-05-02 15:08:09',NULL,NULL,NULL),
(914,'Ruang Arsip',185,NULL,'2023-05-02 15:08:09',NULL,NULL,NULL),
(915,'Lift',185,NULL,'2023-05-02 15:08:09',NULL,NULL,NULL),
(916,'Tangga',185,NULL,'2023-05-02 15:08:09',NULL,NULL,NULL),
(917,'Ruang Bisang Desimasi',186,NULL,'2023-05-02 15:10:25',NULL,NULL,NULL),
(918,'Ruang Staff',186,NULL,'2023-05-02 15:10:25',NULL,NULL,NULL),
(919,'Ruang RSO(Regional Support Office)',186,NULL,'2023-05-02 15:10:25',NULL,NULL,NULL),
(920,'Ruang Staff',186,NULL,'2023-05-02 15:10:25',NULL,NULL,NULL),
(921,'Ruang Produksi Informasi',186,NULL,'2023-05-02 15:10:25',NULL,NULL,NULL),
(922,'Toilet pria/wanita',186,NULL,'2023-05-02 15:10:25',NULL,NULL,NULL),
(923,'Pantry',186,NULL,'2023-05-02 15:10:25',NULL,NULL,NULL),
(924,'Tangga',186,NULL,'2023-05-02 15:10:25',NULL,NULL,NULL),
(925,'Lobby',187,NULL,'2023-05-02 15:12:45',NULL,NULL,NULL),
(926,'Ruang Server',187,NULL,'2023-05-02 15:12:45',NULL,NULL,NULL),
(927,'Ruang IT',187,NULL,'2023-05-02 15:12:45',NULL,NULL,NULL),
(928,'Ruang Perekayasa Muda',187,NULL,'2023-05-02 15:12:45',NULL,NULL,NULL),
(929,'Ruang Fungsional Rekayasa',187,NULL,'2023-05-02 15:12:45',NULL,NULL,NULL),
(930,'Toilet pria/wanita',187,NULL,'2023-05-02 15:12:45',NULL,NULL,NULL),
(931,'Pantry',187,NULL,'2023-05-02 15:12:45',NULL,NULL,NULL),
(932,'Ruang Panel',187,NULL,'2023-05-02 15:12:45',NULL,NULL,NULL),
(933,'Tangga',187,NULL,'2023-05-02 15:12:45',NULL,NULL,NULL),
(934,'Ruang Kelas',188,NULL,'2023-05-02 15:16:23',NULL,NULL,NULL),
(935,'Ruang Bimbingan',188,NULL,'2023-05-02 15:16:23',NULL,NULL,NULL),
(936,'Ruang Gudang Komputer',188,NULL,'2023-05-02 15:16:24',NULL,NULL,NULL),
(937,'Toilet pria/wanita',188,NULL,'2023-05-02 15:16:24',NULL,NULL,NULL),
(938,'Ruang Lab',188,NULL,'2023-05-02 15:16:24',NULL,NULL,NULL),
(939,'Tangga',188,NULL,'2023-05-02 15:16:24',NULL,NULL,NULL),
(940,'Ruang Admin',189,NULL,'2023-05-02 15:18:11',NULL,NULL,NULL),
(941,'Ruang TU',189,NULL,'2023-05-02 15:18:11',NULL,NULL,NULL),
(942,'Ruang Bendahara',189,NULL,'2023-05-02 15:18:11',NULL,NULL,NULL),
(943,'Toilet pria/wanita',189,NULL,'2023-05-02 15:18:11',NULL,NULL,NULL),
(944,'Pantry',189,NULL,'2023-05-02 15:18:11',NULL,NULL,NULL),
(945,'Tangga',189,NULL,'2023-05-02 15:18:11',NULL,NULL,NULL),
(946,'Resepsionis',190,NULL,'2023-05-02 15:20:32',NULL,NULL,NULL),
(947,'Ruang Lobby/Ruang tunggu',190,NULL,'2023-05-02 15:20:32',NULL,NULL,NULL),
(948,'Ruang Kepala OR',190,NULL,'2023-05-02 15:20:32',NULL,NULL,NULL),
(949,'Ruang Rapat',190,NULL,'2023-05-02 15:20:32',NULL,NULL,NULL),
(950,'Toilet pria/wanita',190,NULL,'2023-05-02 15:20:32',NULL,NULL,NULL),
(951,'Ruang Staff',190,NULL,'2023-05-02 15:20:32',NULL,NULL,NULL),
(952,'Tangga',190,NULL,'2023-05-02 15:20:32',NULL,NULL,NULL),
(953,'Taman',191,NULL,'2023-05-02 15:23:09',NULL,NULL,NULL),
(954,'Parkir Motor',191,NULL,'2023-05-02 15:23:09',NULL,NULL,NULL),
(955,'Parkir Mobil',191,NULL,'2023-05-02 15:23:09',NULL,NULL,NULL),
(956,'Halaman depan samping dan belakang',191,NULL,'2023-05-02 15:23:09',NULL,NULL,NULL),
(957,'TPS',191,NULL,'2023-05-02 15:23:09',NULL,NULL,NULL),
(958,'Lobby',192,NULL,'2023-05-02 15:30:19',NULL,NULL,NULL),
(959,'Ruang Inspektur',192,NULL,'2023-05-02 15:30:19',NULL,NULL,NULL),
(960,'Truang rapat/Ruang Arsip',192,NULL,'2023-05-02 15:30:19',NULL,NULL,NULL),
(961,'Ruang TU',192,NULL,'2023-05-02 15:30:19',NULL,NULL,NULL),
(962,'Pantry',192,NULL,'2023-05-02 15:30:19',NULL,NULL,NULL),
(963,'Toilet Pria/Wanita 1',192,NULL,'2023-05-02 15:30:19',NULL,NULL,NULL),
(964,'Toilet Pria/Wanita 2',192,NULL,'2023-05-02 15:30:19',NULL,NULL,NULL),
(965,'Toilet Pria/Wanita 3',192,NULL,'2023-05-02 15:30:19',NULL,NULL,NULL),
(966,'Ruang Auditor',192,NULL,'2023-05-02 15:30:19',NULL,NULL,NULL),
(967,'Ruang Arsip',192,NULL,'2023-05-02 15:30:19',NULL,NULL,NULL),
(968,'Musholla',192,NULL,'2023-05-02 15:30:19',NULL,NULL,NULL),
(969,'Taman',193,NULL,'2023-05-02 15:32:35',NULL,NULL,NULL),
(970,'Parkir Motor',193,NULL,'2023-05-02 15:32:35',NULL,NULL,NULL),
(971,'Parkir Mobil',193,NULL,'2023-05-02 15:32:35',NULL,NULL,NULL),
(972,'Halaman depan samping dan belakang',193,NULL,'2023-05-02 15:32:35',NULL,NULL,NULL),
(973,'TPS',193,NULL,'2023-05-02 15:32:35',NULL,NULL,NULL),
(974,'PERMATA HIJAU - Security Functions',194,NULL,'2023-05-02 15:57:21',NULL,NULL,NULL),
(975,'PONDOK INDAH - Security Functions',194,NULL,'2023-05-02 15:57:21',NULL,NULL,NULL),
(976,'Ruang tamu Depan',195,NULL,'2023-05-02 16:03:12',NULL,NULL,NULL),
(977,'Ruang tidur Utama',195,NULL,'2023-05-02 16:03:12',NULL,NULL,NULL),
(978,'Pantry',195,NULL,'2023-05-02 16:03:12',NULL,NULL,NULL),
(979,'Ruang keluarga',195,NULL,'2023-05-02 16:03:12',NULL,NULL,NULL),
(980,'Ruang tidur anak 1',195,NULL,'2023-05-02 16:03:12',NULL,NULL,NULL),
(981,'Ruang tidur anak 2',195,NULL,'2023-05-02 16:03:12',NULL,NULL,NULL),
(982,'Halaman depan',196,NULL,'2023-05-02 16:05:37',NULL,NULL,NULL),
(983,'Halaman samping teras',196,NULL,'2023-05-02 16:05:37',NULL,NULL,NULL),
(984,'Garasi mobil',196,NULL,'2023-05-02 16:05:37',NULL,NULL,NULL),
(985,'tempat wudhu',196,NULL,'2023-05-02 16:05:37',NULL,NULL,NULL),
(986,'Ruang pembantu',196,NULL,'2023-05-02 16:05:37',NULL,NULL,NULL),
(987,'Gudang',196,NULL,'2023-05-02 16:05:37',NULL,NULL,NULL),
(988,'Ruang tamu Depan',197,NULL,'2023-05-02 16:07:17',NULL,NULL,NULL),
(989,'Ruang tidur Utama',197,NULL,'2023-05-02 16:07:17',NULL,NULL,NULL),
(990,'Pantry',197,NULL,'2023-05-02 16:07:17',NULL,NULL,NULL),
(991,'Ruang keluarga',197,NULL,'2023-05-02 16:07:17',NULL,NULL,NULL),
(992,'Ruang tidur anak 1',197,NULL,'2023-05-02 16:07:17',NULL,NULL,NULL),
(993,'Ruang tidur anak 2',197,NULL,'2023-05-02 16:07:17',NULL,NULL,NULL),
(994,'Halaman depan',198,NULL,'2023-05-02 16:11:43',NULL,NULL,NULL),
(995,'Halaman samping teras',198,NULL,'2023-05-02 16:11:43',NULL,NULL,NULL),
(996,'Garasi mobil',198,NULL,'2023-05-02 16:11:43',NULL,NULL,NULL),
(997,'tempat wudhu',198,NULL,'2023-05-02 16:11:43',NULL,NULL,NULL),
(998,'Ruang pembantu',198,NULL,'2023-05-02 16:11:43',NULL,NULL,NULL),
(999,'Gudang',198,NULL,'2023-05-02 16:11:43',NULL,NULL,NULL),
(1000,'Security Functions',199,NULL,'2023-05-02 16:28:01',NULL,NULL,NULL),
(1001,'Driving Safety',200,NULL,'2023-05-02 16:28:41',NULL,NULL,NULL),
(1002,'Attendance',200,NULL,'2023-05-02 16:28:41',NULL,NULL,NULL),
(1003,'Ruang Tamu',201,NULL,'2023-05-02 16:37:48',NULL,NULL,NULL),
(1004,'Ruang Kamar 1-2-3',201,NULL,'2023-05-02 16:37:48',NULL,NULL,NULL),
(1005,'Ruang Makan',201,NULL,'2023-05-02 16:37:48',NULL,NULL,NULL),
(1006,'Dapur',201,NULL,'2023-05-02 16:37:48',NULL,NULL,NULL),
(1007,'Toilet',201,NULL,'2023-05-02 16:37:48',NULL,NULL,NULL),
(1008,'Taman',210,NULL,'2023-05-02 16:39:03',NULL,NULL,NULL),
(1009,'Parkir Motor',210,NULL,'2023-05-02 16:39:03',NULL,NULL,NULL),
(1010,'Parkir Mobil',210,NULL,'2023-05-02 16:39:03',NULL,NULL,NULL),
(1011,'Halaman depan',210,NULL,'2023-05-02 16:39:03',NULL,NULL,NULL),
(1012,'Ruang Tamu',212,NULL,'2023-05-02 16:45:00',NULL,NULL,NULL),
(1013,'Ruang Kamar 1-2-3-4-5',212,NULL,'2023-05-02 16:45:00',NULL,NULL,NULL),
(1014,'Toilet',212,NULL,'2023-05-02 16:45:00',NULL,NULL,NULL),
(1015,'Taman',211,NULL,'2023-05-02 16:46:51',NULL,NULL,NULL),
(1016,'Parkir Motor',211,NULL,'2023-05-02 16:46:51',NULL,NULL,NULL),
(1017,'Parkir Mobil',211,NULL,'2023-05-02 16:46:51',NULL,NULL,NULL),
(1018,'Halaman depan samping dan belakang',211,NULL,'2023-05-02 16:46:51',NULL,NULL,NULL),
(1019,'Ruang Tamu',203,NULL,'2023-05-02 17:00:58',NULL,NULL,NULL),
(1020,'Ruang Kamar 1-2',203,NULL,'2023-05-02 17:00:58',NULL,NULL,NULL),
(1021,'Ruang Makan',203,NULL,'2023-05-02 17:00:58',NULL,NULL,NULL),
(1022,'Dapur',203,NULL,'2023-05-02 17:00:58',NULL,NULL,NULL),
(1023,'Toilet',203,NULL,'2023-05-02 17:00:58',NULL,NULL,NULL),
(1024,'Tangga',213,NULL,'2023-05-02 17:02:06',NULL,NULL,NULL),
(1025,'Ruang Tamu',213,NULL,'2023-05-02 17:02:06',NULL,NULL,NULL),
(1026,'Ruang Kamar 1-2-3',213,NULL,'2023-05-02 17:02:06',NULL,NULL,NULL),
(1027,'Toilet',213,NULL,'2023-05-02 17:02:06',NULL,NULL,NULL),
(1028,'Taman',214,NULL,'2023-05-02 17:04:08',NULL,NULL,NULL),
(1029,'Parkir Motor',214,NULL,'2023-05-02 17:04:08',NULL,NULL,NULL),
(1030,'Parkir Mobil',214,NULL,'2023-05-02 17:04:08',NULL,NULL,NULL),
(1031,'Halaman depan',214,NULL,'2023-05-02 17:04:08',NULL,NULL,NULL),
(1032,'Ruang Tamu',204,NULL,'2023-05-02 17:05:30',NULL,NULL,NULL),
(1033,'Ruang Kamar 1-2',204,NULL,'2023-05-02 17:05:30',NULL,NULL,NULL),
(1034,'Ruang Makan',204,NULL,'2023-05-02 17:05:30',NULL,NULL,NULL),
(1035,'Dapur',204,NULL,'2023-05-02 17:05:30',NULL,NULL,NULL),
(1036,'Toilet',204,NULL,'2023-05-02 17:05:30',NULL,NULL,NULL),
(1037,'Tangga',215,NULL,'2023-05-02 17:06:28',NULL,NULL,NULL),
(1038,'Ruang Tamu',215,NULL,'2023-05-02 17:06:28',NULL,NULL,NULL),
(1039,'Ruang Kamar 1-2-3',215,NULL,'2023-05-02 17:06:28',NULL,NULL,NULL),
(1040,'Toilet',215,NULL,'2023-05-02 17:06:28',NULL,NULL,NULL),
(1041,'Taman',216,NULL,'2023-05-02 17:10:20',NULL,NULL,NULL),
(1042,'Parkir Motor',216,NULL,'2023-05-02 17:10:20',NULL,NULL,NULL),
(1043,'Parkir Mobil',216,NULL,'2023-05-02 17:10:20',NULL,NULL,NULL),
(1044,'Halaman depan',216,NULL,'2023-05-02 17:10:20',NULL,NULL,NULL),
(1045,'Lobby Utama',205,NULL,'2023-05-02 17:12:58',NULL,NULL,NULL),
(1046,'Poli klinik',205,NULL,'2023-05-02 17:12:58',NULL,NULL,NULL),
(1047,'R. PPID',205,NULL,'2023-05-02 17:12:58',NULL,NULL,NULL),
(1048,'R. Laktasi',205,NULL,'2023-05-02 17:12:58',NULL,NULL,NULL),
(1049,'Ruang Kerja',205,NULL,'2023-05-02 17:12:58',NULL,NULL,NULL),
(1050,'Koridor',205,NULL,'2023-05-02 17:12:58',NULL,NULL,NULL),
(1051,'Toilet Pria / Wanita',205,NULL,'2023-05-02 17:12:58',NULL,NULL,NULL),
(1052,'Tangga Exit',206,NULL,'2023-05-02 17:16:29',NULL,NULL,NULL),
(1053,'Pantry',206,NULL,'2023-05-02 17:16:29',NULL,NULL,NULL),
(1054,'Ruang Rapat 1',206,NULL,'2023-05-02 17:16:29',NULL,NULL,NULL),
(1055,'Ruang Kerja',206,NULL,'2023-05-02 17:16:29',NULL,NULL,NULL),
(1056,'Koridor',206,NULL,'2023-05-02 17:16:29',NULL,NULL,NULL),
(1057,'Masjid',206,NULL,'2023-05-02 17:16:29',NULL,NULL,NULL),
(1058,'Toilet Pria / Wanita',206,NULL,'2023-05-02 17:16:29',NULL,NULL,NULL),
(1059,'Tangga Exit',207,NULL,'2023-05-02 17:18:28',NULL,NULL,NULL),
(1060,'R. Rapat Auditorium',207,NULL,'2023-05-02 17:18:28',NULL,NULL,NULL),
(1061,'Pantry',207,NULL,'2023-05-02 17:18:28',NULL,NULL,NULL),
(1062,'Ruang Rapat 1-2',207,NULL,'2023-05-02 17:18:28',NULL,NULL,NULL),
(1063,'Ruang Kerja',207,NULL,'2023-05-02 17:18:28',NULL,NULL,NULL),
(1064,'Koridor',207,NULL,'2023-05-02 17:18:28',NULL,NULL,NULL),
(1065,'Toilet Pria / Wanita',207,NULL,'2023-05-02 17:18:28',NULL,NULL,NULL),
(1066,'Tangga Exit',208,NULL,'2023-05-02 17:20:15',NULL,NULL,NULL),
(1067,'Mushola',208,NULL,'2023-05-02 17:20:15',NULL,NULL,NULL),
(1068,'Pantry',208,NULL,'2023-05-02 17:20:15',NULL,NULL,NULL),
(1069,'Ruang Rapat 1-2-3-4',208,NULL,'2023-05-02 17:20:15',NULL,NULL,NULL),
(1070,'Ruang Kerja',208,NULL,'2023-05-02 17:20:15',NULL,NULL,NULL),
(1071,'Koridor',208,NULL,'2023-05-02 17:20:15',NULL,NULL,NULL),
(1072,'Toilet VIP Pria / Wanita',208,NULL,'2023-05-02 17:20:15',NULL,NULL,NULL),
(1073,'Taman',209,NULL,'2023-05-02 17:21:56',NULL,NULL,NULL),
(1074,'Parkir Motor',209,NULL,'2023-05-02 17:21:56',NULL,NULL,NULL),
(1075,'Parkir Mobil',209,NULL,'2023-05-02 17:21:56',NULL,NULL,NULL),
(1076,'Pos Security 1-2',209,NULL,'2023-05-02 17:21:56',NULL,NULL,NULL),
(1077,'Halaman depan samping dan belakang',209,NULL,'2023-05-02 17:21:56',NULL,NULL,NULL),
(1078,'TPS',209,NULL,'2023-05-02 17:21:56',NULL,NULL,NULL);

/*Table structure for table `users` */

DROP TABLE IF EXISTS `users`;

CREATE TABLE `users` (
  `id` bigint(20) unsigned NOT NULL AUTO_INCREMENT,
  `username` varchar(50) NOT NULL,
  `email` varchar(75) NOT NULL,
  `email_verified_at` timestamp NULL DEFAULT NULL,
  `password` varchar(100) NOT NULL,
  `fullname` varchar(50) NOT NULL,
  `client_id` int(11) DEFAULT NULL,
  `role` enum('1','2','3') NOT NULL DEFAULT '3',
  `no_ktp` varchar(20) DEFAULT NULL,
  `no_handphone` varchar(20) DEFAULT NULL,
  `alamat` text DEFAULT NULL,
  `filename` text DEFAULT NULL,
  `is_blocked` tinyint(1) NOT NULL DEFAULT 0,
  `company_id` varchar(10) DEFAULT NULL,
  `remember_token` varchar(100) DEFAULT NULL,
  `created_at` timestamp NOT NULL DEFAULT current_timestamp(),
  `created_by` bigint(20) unsigned DEFAULT NULL,
  `updated_at` datetime DEFAULT NULL,
  `updated_by` bigint(20) unsigned DEFAULT NULL,
  PRIMARY KEY (`id`),
  UNIQUE KEY `users_email_unique` (`email`)
) ENGINE=InnoDB AUTO_INCREMENT=3 DEFAULT CHARSET=utf8mb4 COLLATE=utf8mb4_unicode_ci;

/*Data for the table `users` */

insert  into `users`(`id`,`username`,`email`,`email_verified_at`,`password`,`fullname`,`client_id`,`role`,`no_ktp`,`no_handphone`,`alamat`,`filename`,`is_blocked`,`company_id`,`remember_token`,`created_at`,`created_by`,`updated_at`,`updated_by`) values 
(1,'itsupport','itsupport@sos.co.id',NULL,'$2y$10$oMbfteqiYFh4KVwHakzeruVXgA7fjmss06yelT2xIqJR9zNBhSmJi','IT Support',1,'1',NULL,NULL,NULL,NULL,0,NULL,NULL,'2023-03-13 14:50:46',NULL,'2023-04-01 02:29:30',NULL),
(2,'edwin_sunardi','edwin.sunardi@sos.co.id',NULL,'$2y$10$oILEUYsj2bpjNUzWiML4xuFQ4sQzF7xUuDAOZVxjRnd0dNqZYlBja','Edwin Budiyanto Sunardi',2,'3',NULL,NULL,NULL,NULL,0,NULL,NULL,'2023-03-22 08:03:00',NULL,'2023-04-01 02:17:13',NULL);

/*Table structure for table `usersauthority` */

DROP TABLE IF EXISTS `usersauthority`;

CREATE TABLE `usersauthority` (
  `id` int(11) NOT NULL AUTO_INCREMENT,
  `user_id` int(11) DEFAULT NULL,
  `location_id` int(11) DEFAULT NULL,
  `created_by` int(11) DEFAULT NULL,
  `created_at` datetime NOT NULL,
  PRIMARY KEY (`id`,`created_at`)
) ENGINE=InnoDB AUTO_INCREMENT=72 DEFAULT CHARSET=utf8mb4 COLLATE=utf8mb4_general_ci;

/*Data for the table `usersauthority` */

insert  into `usersauthority`(`id`,`user_id`,`location_id`,`created_by`,`created_at`) values 
(71,2,6,1,'0000-00-00 00:00:00');

/*Table structure for table `usersprivilege` */

DROP TABLE IF EXISTS `usersprivilege`;

CREATE TABLE `usersprivilege` (
  `id` bigint(20) unsigned NOT NULL AUTO_INCREMENT,
  `user_id` int(11) NOT NULL,
  `menu_id` int(11) DEFAULT NULL,
  `create` tinyint(4) DEFAULT NULL,
  `update` tinyint(4) DEFAULT NULL,
  `delete` tinyint(4) DEFAULT NULL,
  `created_by` int(11) DEFAULT NULL,
  `created_at` datetime NOT NULL,
  `updated_by` int(11) DEFAULT NULL,
  `updated_at` datetime DEFAULT NULL,
  PRIMARY KEY (`id`)
) ENGINE=InnoDB AUTO_INCREMENT=184 DEFAULT CHARSET=utf8mb4 COLLATE=utf8mb4_unicode_ci;

/*Data for the table `usersprivilege` */

insert  into `usersprivilege`(`id`,`user_id`,`menu_id`,`create`,`update`,`delete`,`created_by`,`created_at`,`updated_by`,`updated_at`) values 
(111,1,2,1,1,1,1,'2023-04-03 08:04:27',NULL,NULL),
(112,1,4,1,1,1,1,'2023-04-03 08:04:27',NULL,NULL),
(113,1,6,1,1,1,1,'2023-04-03 08:04:27',NULL,NULL),
(114,1,7,1,1,1,1,'2023-04-03 08:04:27',NULL,NULL),
(115,1,8,1,1,1,1,'2023-04-03 08:04:27',NULL,NULL),
(116,1,9,1,1,1,1,'2023-04-03 08:04:27',NULL,NULL),
(117,1,10,1,1,1,1,'2023-04-03 08:04:27',NULL,NULL),
(118,1,12,1,1,1,1,'2023-04-03 08:04:27',NULL,NULL),
(119,1,14,1,1,1,1,'2023-04-03 08:04:27',NULL,NULL),
(120,1,16,1,1,1,1,'2023-04-03 08:04:27',NULL,NULL),
(181,2,12,0,0,0,NULL,'0000-00-00 00:00:00',NULL,NULL),
(182,2,14,1,1,1,NULL,'0000-00-00 00:00:00',NULL,NULL),
(183,2,16,0,0,0,NULL,'0000-00-00 00:00:00',NULL,NULL);

/* Function  structure for function  `getDateFromWeek` */

/*!50003 DROP FUNCTION IF EXISTS `getDateFromWeek` */;
DELIMITER $$

/*!50003 CREATE FUNCTION `getDateFromWeek`(eno INT(11)) RETURNS varchar(255) CHARSET utf8mb4 COLLATE utf8mb4_general_ci
BEGIN
    DECLARE manager_name VARCHAR(250);
    SELECT NAME INTO manager_name FROM employees WHERE id = eno;
    RETURN manager_name;
END */$$
DELIMITER ;

/* Procedure structure for procedure `genSetupProject` */

/*!50003 DROP PROCEDURE IF EXISTS  `genSetupProject` */;

DELIMITER $$

/*!50003 CREATE PROCEDURE `genSetupProject`(IN projectCode VARCHAR(25),IN regionId VARCHAR(25),IN userId INTEGER)
BEGIN
	DECLARE finished INTEGER DEFAULT 0;
	declare region_id integer;
	declare location_id integer;
	declare area_id integer;
	DECLARE sub_area_id INTEGER;
	DECLARE setupProjectCursor CURSOR FOR SELECT a.id,b.id,c.id,d.id FROM m_region a 
	INNER JOIN m_location b ON a.id = b.region_id INNER JOIN m_area c ON c.location_id = b.id INNER JOIN m_sub_area d ON d.area_id = c.id 
	WHERE a.id = regionId;
	DECLARE CONTINUE  HANDLER FOR NOT FOUND SET finished = 1;
	OPEN setupProjectCursor;
	addDetail:LOOP
	FETCH setupProjectCursor INTO region_id, location_id, area_id, sub_area_id;
	IF finished = 1 THEN
		LEAVE addDetail;
	END IF;
	INSERT INTO setup_project_detail(project_code,region_id, location_id, area_id, sub_area_id,created_by) VALUES (projectCode, region_id, location_id, area_id, sub_area_id,userId);
	END LOOP addDetail;
	CLOSE setupProjectCursor;
END */$$
DELIMITER ;

/* Procedure structure for procedure `instantInsert` */

/*!50003 DROP PROCEDURE IF EXISTS  `instantInsert` */;

DELIMITER $$

/*!50003 CREATE PROCEDURE `instantInsert`()
BEGIN
	DECLARE v_max INT UNSIGNED DEFAULT 500;
	DECLARE v_counter INT UNSIGNED DEFAULT 1;
	START TRANSACTION;
	WHILE v_counter < v_max DO
		INSERT INTO evaluation(project_code,appraisal_date,sub_area_id,score) VALUES('testnama20230412',DATE_ADD("2023-04-12", INTERVAL v_counter DAY),(ROUND(RAND() * 9)+1),ROUND(74+RAND() * 26));
		SET v_counter = v_counter+1;
	END WHILE;
	
	
END */$$
DELIMITER ;

/*!40101 SET SQL_MODE=@OLD_SQL_MODE */;
/*!40014 SET FOREIGN_KEY_CHECKS=@OLD_FOREIGN_KEY_CHECKS */;
/*!40014 SET UNIQUE_CHECKS=@OLD_UNIQUE_CHECKS */;
/*!40111 SET SQL_NOTES=@OLD_SQL_NOTES */;
